ID_BANDA,HERMANDAD,TITULAR,ANIO,FUENTE,NOTA,LOCALIDAD
52,La Mision,,1992,elforocofrade.es - Acompañamiento Musical a lo largo de la Historia,banda_raw=B. Stmo. Cristo de la Sed,Sevilla
52,La Mision,,1993,elforocofrade.es - Acompañamiento Musical a lo largo de la Historia,banda_raw=B. Stmo. Cristo de la Sed,Sevilla
52,La Mision,,1994,elforocofrade.es - Acompañamiento Musical a lo largo de la Historia,banda_raw=B. Stmo. Cristo de la Sed,Sevilla
52,La Mision,,1995,elforocofrade.es - Acompañamiento Musical a lo largo de la Historia,banda_raw=B. Stmo. Cristo de la Sed,Sevilla
77,La Mision,,1998,elforocofrade.es - Acompañamiento Musical a lo largo de la Historia,banda_raw=C y T Cristo de la Exaltación,Sevilla
77,La Mision,,1999,elforocofrade.es - Acompañamiento Musical a lo largo de la Historia,banda_raw=C y T Cristo de la Exaltación,Sevilla
77,La Mision,,2000,elforocofrade.es - Acompañamiento Musical a lo largo de la Historia,banda_raw=C y T Cristo de la Exaltación,Sevilla
77,La Mision,,2001,elforocofrade.es - Acompañamiento Musical a lo largo de la Historia,banda_raw=C y T Cristo de la Exaltación,Sevilla
77,La Mision,,2002,elforocofrade.es - Acompañamiento Musical a lo largo de la Historia,banda_raw=C y T Cristo de la Exaltación,Sevilla
7,La Mision,,2003,elforocofrade.es - Acompañamiento Musical a lo largo de la Historia,banda_raw=C y T Ntra. Sra. del Sol,Sevilla
7,La Mision,,2004,elforocofrade.es - Acompañamiento Musical a lo largo de la Historia,banda_raw=C y T Ntra. Sra. del Sol,Sevilla
7,La Mision,,2005,elforocofrade.es - Acompañamiento Musical a lo largo de la Historia,banda_raw=C y T Ntra. Sra. del Sol,Sevilla
7,La Mision,,2006,elforocofrade.es - Acompañamiento Musical a lo largo de la Historia,banda_raw=C y T Ntra. Sra. del Sol,Sevilla
7,La Mision,,2007,elforocofrade.es - Acompañamiento Musical a lo largo de la Historia,banda_raw=C y T Ntra. Sra. del Sol,Sevilla
236,Pino Montano,Paso de Misterio,1992,elforocofrade.es - Acompañamiento Musical a lo largo de la Historia,banda_raw=AM Nuestro Padre Jesus de Nazareth,Sevilla
108,Pino Montano,Paso de Misterio,1994,elforocofrade.es - Acompañamiento Musical a lo largo de la Historia,banda_raw=AM Stma. Trinidad,Sevilla
108,Pino Montano,Paso de Misterio,1995,elforocofrade.es - Acompañamiento Musical a lo largo de la Historia,banda_raw=AM Stma. Trinidad,Sevilla
108,Pino Montano,Paso de Misterio,1996,elforocofrade.es - Acompañamiento Musical a lo largo de la Historia,banda_raw=AM Stma. Trinidad,Sevilla
249,Dulce Nombre de Bellavista,Paso de Misterio,1995,elforocofrade.es - Acompañamiento Musical a lo largo de la Historia,banda_raw=CCTT Dulce Nombre de Maria,Sevilla
16,Dulce Nombre de Bellavista,Paso de Misterio,1996,elforocofrade.es - Acompañamiento Musical a lo largo de la Historia,banda_raw=CCTT Juvenil Las Cigarreras,Sevilla
23,Dulce Nombre de Bellavista,Paso de Misterio,1997,elforocofrade.es - Acompañamiento Musical a lo largo de la Historia,banda_raw=CCTT Presentacion al Pueblo de Dos Hermanas,Sevilla
23,Dulce Nombre de Bellavista,Paso de Misterio,1998,elforocofrade.es - Acompañamiento Musical a lo largo de la Historia,banda_raw=CCTT Presentacion al Pueblo de Dos Hermanas,Sevilla
23,Dulce Nombre de Bellavista,Paso de Misterio,1999,elforocofrade.es - Acompañamiento Musical a lo largo de la Historia,banda_raw=CCTT Presentacion al Pueblo de Dos Hermanas,Sevilla
52,Dulce Nombre de Bellavista,Paso de Misterio,2001,elforocofrade.es - Acompañamiento Musical a lo largo de la Historia,banda_raw=CCTT la Sed,Sevilla
6,Bendicion y Esperanza,,2008,elforocofrade.es - Acompañamiento Musical a lo largo de la Historia,banda_raw=AM Virgen de los Reyes,Sevilla
6,Bendicion y Esperanza,,2009,elforocofrade.es - Acompañamiento Musical a lo largo de la Historia,banda_raw=AM Virgen de los Reyes,Sevilla
6,Bendicion y Esperanza,,2013,elforocofrade.es - Acompañamiento Musical a lo largo de la Historia,banda_raw=AM Virgen de los Reyes,Sevilla
6,Bendicion y Esperanza,,2014,elforocofrade.es - Acompañamiento Musical a lo largo de la Historia,banda_raw=AM Virgen de los Reyes,Sevilla
6,Bendicion y Esperanza,,2015,elforocofrade.es - Acompañamiento Musical a lo largo de la Historia,banda_raw=AM Virgen de los Reyes,Sevilla
6,Bendicion y Esperanza,,2016,elforocofrade.es - Acompañamiento Musical a lo largo de la Historia,banda_raw=AM Virgen de los Reyes,Sevilla
267,Bendicion y Esperanza,,2017,elforocofrade.es - Acompañamiento Musical a lo largo de la Historia,banda_raw=AM Fraternitas,Sevilla
267,Bendicion y Esperanza,,2018,elforocofrade.es - Acompañamiento Musical a lo largo de la Historia,banda_raw=AM Fraternitas,Sevilla
267,Bendicion y Esperanza,,2019,elforocofrade.es - Acompañamiento Musical a lo largo de la Historia,banda_raw=AM Fraternitas,Sevilla
105,Padre Pio,Paso de Cristo,1996,elforocofrade.es - Acompañamiento Musical a lo largo de la Historia,banda_raw=A. M. María Inmaculada (Castilleja de la Cuesta),Sevilla
21,Padre Pio,Paso de Cristo,2000,elforocofrade.es - Acompañamiento Musical a lo largo de la Historia,banda_raw=A. M. de San Juan de Aznalfarache,Sevilla
21,Padre Pio,Paso de Cristo,2001,elforocofrade.es - Acompañamiento Musical a lo largo de la Historia,banda_raw=A. M. de San Juan de Aznalfarache,Sevilla
23,Padre Pio,Paso de Cristo,2005,elforocofrade.es - Acompañamiento Musical a lo largo de la Historia,banda_raw=B. Presentación al Pueblo de Dos Hermanas,Sevilla
23,Padre Pio,Paso de Cristo,2006,elforocofrade.es - Acompañamiento Musical a lo largo de la Historia,banda_raw=B. Presentación al Pueblo de Dos Hermanas,Sevilla
23,Padre Pio,Paso de Cristo,2007,elforocofrade.es - Acompañamiento Musical a lo largo de la Historia,banda_raw=B. Presentación al Pueblo de Dos Hermanas,Sevilla
23,Padre Pio,Paso de Cristo,2008,elforocofrade.es - Acompañamiento Musical a lo largo de la Historia,banda_raw=B. Presentación al Pueblo de Dos Hermanas,Sevilla
23,Padre Pio,Paso de Cristo,2009,elforocofrade.es - Acompañamiento Musical a lo largo de la Historia,banda_raw=B. Presentación al Pueblo de Dos Hermanas,Sevilla
52,Divino Perdon de Alcosa,Paso de Cristo,2002,elforocofrade.es - Acompañamiento Musical a lo largo de la Historia,banda_raw=B. Stmo. Cristo de la Sed,Sevilla
52,Divino Perdon de Alcosa,Paso de Cristo,2003,elforocofrade.es - Acompañamiento Musical a lo largo de la Historia,banda_raw=B. Stmo. Cristo de la Sed,Sevilla
205,La Borriquita,Paso de Misterio,1985,elforocofrade.es - Acompañamiento Musical a lo largo de la Historia,banda_raw=CCTT Tres Caidas,Sevilla
205,La Borriquita,Paso de Misterio,1986,elforocofrade.es - Acompañamiento Musical a lo largo de la Historia,banda_raw=CCTT Tres Caidas,Sevilla
205,La Borriquita,Paso de Misterio,1987,elforocofrade.es - Acompañamiento Musical a lo largo de la Historia,banda_raw=CCTT Tres Caidas,Sevilla
205,La Borriquita,Paso de Misterio,1988,elforocofrade.es - Acompañamiento Musical a lo largo de la Historia,banda_raw=CCTT Tres Caidas,Sevilla
205,La Borriquita,Paso de Misterio,1989,elforocofrade.es - Acompañamiento Musical a lo largo de la Historia,banda_raw=CCTT Tres Caidas,Sevilla
205,La Borriquita,Paso de Misterio,1990,elforocofrade.es - Acompañamiento Musical a lo largo de la Historia,banda_raw=CCTT Tres Caidas,Sevilla
7,La Borriquita,Paso de Misterio,1991,elforocofrade.es - Acompañamiento Musical a lo largo de la Historia,banda_raw=CCTT Sol,Sevilla
7,La Borriquita,Paso de Misterio,1992,elforocofrade.es - Acompañamiento Musical a lo largo de la Historia,banda_raw=CCTT Sol,Sevilla
7,La Borriquita,Paso de Misterio,1993,elforocofrade.es - Acompañamiento Musical a lo largo de la Historia,banda_raw=CCTT Sol,Sevilla
7,La Borriquita,Paso de Misterio,1994,elforocofrade.es - Acompañamiento Musical a lo largo de la Historia,banda_raw=CCTT Sol,Sevilla
7,La Borriquita,Paso de Misterio,1995,elforocofrade.es - Acompañamiento Musical a lo largo de la Historia,banda_raw=CCTT Sol,Sevilla
7,La Borriquita,Paso de Misterio,1996,elforocofrade.es - Acompañamiento Musical a lo largo de la Historia,banda_raw=CCTT Sol,Sevilla
7,La Borriquita,Paso de Misterio,1997,elforocofrade.es - Acompañamiento Musical a lo largo de la Historia,banda_raw=CCTT Sol,Sevilla
7,La Borriquita,Paso de Misterio,1998,elforocofrade.es - Acompañamiento Musical a lo largo de la Historia,banda_raw=CCTT Sol,Sevilla
7,La Borriquita,Paso de Misterio,1999,elforocofrade.es - Acompañamiento Musical a lo largo de la Historia,banda_raw=CCTT Sol,Sevilla
7,La Borriquita,Paso de Misterio,2000,elforocofrade.es - Acompañamiento Musical a lo largo de la Historia,banda_raw=CCTT Sol,Sevilla
7,La Borriquita,Paso de Misterio,2001,elforocofrade.es - Acompañamiento Musical a lo largo de la Historia,banda_raw=CCTT Sol,Sevilla
7,La Borriquita,Paso de Misterio,2002,elforocofrade.es - Acompañamiento Musical a lo largo de la Historia,banda_raw=CCTT Sol,Sevilla
7,La Borriquita,Paso de Misterio,2003,elforocofrade.es - Acompañamiento Musical a lo largo de la Historia,banda_raw=CCTT Sol,Sevilla
7,La Borriquita,Paso de Misterio,2004,elforocofrade.es - Acompañamiento Musical a lo largo de la Historia,banda_raw=CCTT Sol,Sevilla
7,La Borriquita,Paso de Misterio,2005,elforocofrade.es - Acompañamiento Musical a lo largo de la Historia,banda_raw=CCTT Sol,Sevilla
7,La Borriquita,Paso de Misterio,2006,elforocofrade.es - Acompañamiento Musical a lo largo de la Historia,banda_raw=CCTT Sol,Sevilla
7,La Borriquita,Paso de Misterio,2007,elforocofrade.es - Acompañamiento Musical a lo largo de la Historia,banda_raw=CCTT Sol,Sevilla
7,La Borriquita,Paso de Misterio,2008,elforocofrade.es - Acompañamiento Musical a lo largo de la Historia,banda_raw=CCTT Sol,Sevilla
7,La Borriquita,Paso de Misterio,2009,elforocofrade.es - Acompañamiento Musical a lo largo de la Historia,banda_raw=CCTT Sol,Sevilla
7,La Borriquita,Paso de Misterio,2010,elforocofrade.es - Acompañamiento Musical a lo largo de la Historia,banda_raw=CCTT Sol,Sevilla
7,La Borriquita,Paso de Misterio,2011,elforocofrade.es - Acompañamiento Musical a lo largo de la Historia,banda_raw=CCTT Sol,Sevilla
7,La Borriquita,Paso de Misterio,2012,elforocofrade.es - Acompañamiento Musical a lo largo de la Historia,banda_raw=CCTT Sol,Sevilla
7,La Borriquita,Paso de Misterio,2013,elforocofrade.es - Acompañamiento Musical a lo largo de la Historia,banda_raw=CCTT Sol,Sevilla
7,La Borriquita,Paso de Misterio,2014,elforocofrade.es - Acompañamiento Musical a lo largo de la Historia,banda_raw=CCTT Sol,Sevilla
7,La Borriquita,Paso de Misterio,2015,elforocofrade.es - Acompañamiento Musical a lo largo de la Historia,banda_raw=CCTT Sol,Sevilla
7,La Borriquita,Paso de Misterio,2016,elforocofrade.es - Acompañamiento Musical a lo largo de la Historia,banda_raw=CCTT Sol,Sevilla
7,La Borriquita,Paso de Misterio,2017,elforocofrade.es - Acompañamiento Musical a lo largo de la Historia,banda_raw=CCTT Sol,Sevilla
7,La Borriquita,Paso de Misterio,2018,elforocofrade.es - Acompañamiento Musical a lo largo de la Historia,banda_raw=CCTT Sol,Sevilla
7,La Borriquita,Paso de Misterio,2019,elforocofrade.es - Acompañamiento Musical a lo largo de la Historia,banda_raw=CCTT Sol,Sevilla
52,Jesus Despojado,Paso de Misterio,1992,elforocofrade.es - Acompañamiento Musical a lo largo de la Historia,banda_raw=CCTT Cristo de la Sed,Sevilla
52,Jesus Despojado,Paso de Misterio,1993,elforocofrade.es - Acompañamiento Musical a lo largo de la Historia,banda_raw=CCTT Cristo de la Sed,Sevilla
52,Jesus Despojado,Paso de Misterio,1994,elforocofrade.es - Acompañamiento Musical a lo largo de la Historia,banda_raw=CCTT Cristo de la Sed,Sevilla
52,Jesus Despojado,Paso de Misterio,1995,elforocofrade.es - Acompañamiento Musical a lo largo de la Historia,banda_raw=CCTT Cristo de la Sed,Sevilla
6,Jesus Despojado,Paso de Misterio,2005,elforocofrade.es - Acompañamiento Musical a lo largo de la Historia,banda_raw=AM Virgen de los Reyes,Sevilla
6,Jesus Despojado,Paso de Misterio,2006,elforocofrade.es - Acompañamiento Musical a lo largo de la Historia,banda_raw=AM Virgen de los Reyes,Sevilla
6,Jesus Despojado,Paso de Misterio,2007,elforocofrade.es - Acompañamiento Musical a lo largo de la Historia,banda_raw=AM Virgen de los Reyes,Sevilla
6,Jesus Despojado,Paso de Misterio,2008,elforocofrade.es - Acompañamiento Musical a lo largo de la Historia,banda_raw=AM Virgen de los Reyes,Sevilla
6,Jesus Despojado,Paso de Misterio,2009,elforocofrade.es - Acompañamiento Musical a lo largo de la Historia,banda_raw=AM Virgen de los Reyes,Sevilla
6,Jesus Despojado,Paso de Misterio,2010,elforocofrade.es - Acompañamiento Musical a lo largo de la Historia,banda_raw=AM Virgen de los Reyes,Sevilla
6,Jesus Despojado,Paso de Misterio,2011,elforocofrade.es - Acompañamiento Musical a lo largo de la Historia,banda_raw=AM Virgen de los Reyes,Sevilla
6,Jesus Despojado,Paso de Misterio,2012,elforocofrade.es - Acompañamiento Musical a lo largo de la Historia,banda_raw=AM Virgen de los Reyes,Sevilla
6,Jesus Despojado,Paso de Misterio,2013,elforocofrade.es - Acompañamiento Musical a lo largo de la Historia,banda_raw=AM Virgen de los Reyes,Sevilla
6,Jesus Despojado,Paso de Misterio,2014,elforocofrade.es - Acompañamiento Musical a lo largo de la Historia,banda_raw=AM Virgen de los Reyes,Sevilla
6,Jesus Despojado,Paso de Misterio,2015,elforocofrade.es - Acompañamiento Musical a lo largo de la Historia,banda_raw=AM Virgen de los Reyes,Sevilla
6,Jesus Despojado,Paso de Misterio,2016,elforocofrade.es - Acompañamiento Musical a lo largo de la Historia,banda_raw=AM Virgen de los Reyes,Sevilla
6,Jesus Despojado,Paso de Misterio,2017,elforocofrade.es - Acompañamiento Musical a lo largo de la Historia,banda_raw=AM Virgen de los Reyes,Sevilla
6,Jesus Despojado,Paso de Misterio,2018,elforocofrade.es - Acompañamiento Musical a lo largo de la Historia,banda_raw=AM Virgen de los Reyes,Sevilla
6,Jesus Despojado,Paso de Misterio,2019,elforocofrade.es - Acompañamiento Musical a lo largo de la Historia,banda_raw=AM Virgen de los Reyes,Sevilla
166,Jesus Despojado,Paso de Palio,1991,elforocofrade.es - Acompañamiento Musical a lo largo de la Historia,banda_raw=BM Esperanza de Triana,Sevilla
166,Jesus Despojado,Paso de Palio,1992,elforocofrade.es - Acompañamiento Musical a lo largo de la Historia,banda_raw=BM Esperanza de Triana,Sevilla
205,La Paz,Paso de Misterio,1982,elforocofrade.es - Acompañamiento Musical a lo largo de la Historia,banda_raw=CCTT Tres Caidas,Sevilla
205,La Paz,Paso de Misterio,1983,elforocofrade.es - Acompañamiento Musical a lo largo de la Historia,banda_raw=CCTT Tres Caidas,Sevilla
205,La Paz,Paso de Misterio,1984,elforocofrade.es - Acompañamiento Musical a lo largo de la Historia,banda_raw=CCTT Tres Caidas,Sevilla
103,La Paz,Paso de Misterio,1987,elforocofrade.es - Acompañamiento Musical a lo largo de la Historia,banda_raw=AM San Julian,Sevilla
103,La Paz,Paso de Misterio,1988,elforocofrade.es - Acompañamiento Musical a lo largo de la Historia,banda_raw=AM San Julian,Sevilla
103,La Paz,Paso de Misterio,1989,elforocofrade.es - Acompañamiento Musical a lo largo de la Historia,banda_raw=AM San Julian,Sevilla
103,La Paz,Paso de Misterio,1990,elforocofrade.es - Acompañamiento Musical a lo largo de la Historia,banda_raw=AM San Julian,Sevilla
103,La Paz,Paso de Misterio,1991,elforocofrade.es - Acompañamiento Musical a lo largo de la Historia,banda_raw=AM San Julian,Sevilla
6,La Paz,Paso de Misterio,1999,elforocofrade.es - Acompañamiento Musical a lo largo de la Historia,banda_raw=AM Virgen de los Reyes,Sevilla
105,La Paz,Paso de Palio,1980,elforocofrade.es - Acompañamiento Musical a lo largo de la Historia,banda_raw=BM Inmaculada (Soria 9),Sevilla
105,La Paz,Paso de Palio,1981,elforocofrade.es - Acompañamiento Musical a lo largo de la Historia,banda_raw=BM Inmaculada (Soria 9),Sevilla
105,La Paz,Paso de Palio,1982,elforocofrade.es - Acompañamiento Musical a lo largo de la Historia,banda_raw=BM Inmaculada (Soria 9),Sevilla
105,La Paz,Paso de Palio,1983,elforocofrade.es - Acompañamiento Musical a lo largo de la Historia,banda_raw=BM Inmaculada (Soria 9),Sevilla
105,La Paz,Paso de Palio,1984,elforocofrade.es - Acompañamiento Musical a lo largo de la Historia,banda_raw=BM Inmaculada (Soria 9),Sevilla
16,La Cena,Paso de Misterio,1980,elforocofrade.es - Acompañamiento Musical a lo largo de la Historia,banda_raw=CCTT Las Cigarreras,Sevilla
16,La Cena,Paso de Misterio,1981,elforocofrade.es - Acompañamiento Musical a lo largo de la Historia,banda_raw=CCTT Las Cigarreras,Sevilla
16,La Cena,Paso de Misterio,1982,elforocofrade.es - Acompañamiento Musical a lo largo de la Historia,banda_raw=CCTT Las Cigarreras,Sevilla
16,La Cena,Paso de Misterio,1983,elforocofrade.es - Acompañamiento Musical a lo largo de la Historia,banda_raw=CCTT Las Cigarreras,Sevilla
16,La Cena,Paso de Misterio,1984,elforocofrade.es - Acompañamiento Musical a lo largo de la Historia,banda_raw=CCTT Las Cigarreras,Sevilla
16,La Cena,Paso de Misterio,1985,elforocofrade.es - Acompañamiento Musical a lo largo de la Historia,banda_raw=CCTT Las Cigarreras,Sevilla
16,La Cena,Paso de Misterio,1986,elforocofrade.es - Acompañamiento Musical a lo largo de la Historia,banda_raw=CCTT Las Cigarreras,Sevilla
16,La Cena,Paso de Misterio,1987,elforocofrade.es - Acompañamiento Musical a lo largo de la Historia,banda_raw=CCTT Las Cigarreras,Sevilla
16,La Cena,Paso de Misterio,1988,elforocofrade.es - Acompañamiento Musical a lo largo de la Historia,banda_raw=CCTT Las Cigarreras,Sevilla
16,La Cena,Paso de Misterio,1989,elforocofrade.es - Acompañamiento Musical a lo largo de la Historia,banda_raw=CCTT Las Cigarreras,Sevilla
16,La Cena,Paso de Misterio,1990,elforocofrade.es - Acompañamiento Musical a lo largo de la Historia,banda_raw=CCTT Las Cigarreras,Sevilla
16,La Cena,Paso de Misterio,1991,elforocofrade.es - Acompañamiento Musical a lo largo de la Historia,banda_raw=CCTT Las Cigarreras,Sevilla
16,La Cena,Paso de Misterio,1992,elforocofrade.es - Acompañamiento Musical a lo largo de la Historia,banda_raw=CCTT Las Cigarreras,Sevilla
16,La Cena,Paso de Misterio,1993,elforocofrade.es - Acompañamiento Musical a lo largo de la Historia,banda_raw=CCTT Las Cigarreras,Sevilla
16,La Cena,Paso de Misterio,1994,elforocofrade.es - Acompañamiento Musical a lo largo de la Historia,banda_raw=CCTT Las Cigarreras,Sevilla
16,La Cena,Paso de Misterio,1995,elforocofrade.es - Acompañamiento Musical a lo largo de la Historia,banda_raw=CCTT Las Cigarreras,Sevilla
16,La Cena,Paso de Misterio,1996,elforocofrade.es - Acompañamiento Musical a lo largo de la Historia,banda_raw=CCTT Las Cigarreras,Sevilla
16,La Cena,Paso de Misterio,1997,elforocofrade.es - Acompañamiento Musical a lo largo de la Historia,banda_raw=CCTT Las Cigarreras,Sevilla
16,La Cena,Paso de Misterio,1998,elforocofrade.es - Acompañamiento Musical a lo largo de la Historia,banda_raw=CCTT Las Cigarreras,Sevilla
16,La Cena,Paso de Misterio,1999,elforocofrade.es - Acompañamiento Musical a lo largo de la Historia,banda_raw=CCTT Las Cigarreras,Sevilla
16,La Cena,Paso de Misterio,2000,elforocofrade.es - Acompañamiento Musical a lo largo de la Historia,banda_raw=CCTT Las Cigarreras,Sevilla
16,La Cena,Paso de Misterio,2001,elforocofrade.es - Acompañamiento Musical a lo largo de la Historia,banda_raw=CCTT Las Cigarreras,Sevilla
16,La Cena,Paso de Misterio,2002,elforocofrade.es - Acompañamiento Musical a lo largo de la Historia,banda_raw=CCTT Las Cigarreras,Sevilla
16,La Cena,Paso de Misterio,2003,elforocofrade.es - Acompañamiento Musical a lo largo de la Historia,banda_raw=CCTT Las Cigarreras,Sevilla
16,La Cena,Paso de Misterio,2004,elforocofrade.es - Acompañamiento Musical a lo largo de la Historia,banda_raw=CCTT Las Cigarreras,Sevilla
16,La Cena,Paso de Misterio,2005,elforocofrade.es - Acompañamiento Musical a lo largo de la Historia,banda_raw=CCTT Las Cigarreras,Sevilla
16,La Cena,Paso de Misterio,2006,elforocofrade.es - Acompañamiento Musical a lo largo de la Historia,banda_raw=CCTT Las Cigarreras,Sevilla
16,La Cena,Paso de Misterio,2007,elforocofrade.es - Acompañamiento Musical a lo largo de la Historia,banda_raw=CCTT Las Cigarreras,Sevilla
16,La Cena,Paso de Misterio,2008,elforocofrade.es - Acompañamiento Musical a lo largo de la Historia,banda_raw=CCTT Las Cigarreras,Sevilla
16,La Cena,Paso de Misterio,2009,elforocofrade.es - Acompañamiento Musical a lo largo de la Historia,banda_raw=CCTT Las Cigarreras,Sevilla
16,La Cena,Paso de Misterio,2010,elforocofrade.es - Acompañamiento Musical a lo largo de la Historia,banda_raw=CCTT Las Cigarreras,Sevilla
16,La Cena,Paso de Misterio,2011,elforocofrade.es - Acompañamiento Musical a lo largo de la Historia,banda_raw=CCTT Las Cigarreras,Sevilla
16,La Cena,Paso de Misterio,2012,elforocofrade.es - Acompañamiento Musical a lo largo de la Historia,banda_raw=CCTT Las Cigarreras,Sevilla
16,La Cena,Paso de Misterio,2013,elforocofrade.es - Acompañamiento Musical a lo largo de la Historia,banda_raw=CCTT Las Cigarreras,Sevilla
16,La Cena,Paso de Misterio,2014,elforocofrade.es - Acompañamiento Musical a lo largo de la Historia,banda_raw=CCTT Las Cigarreras,Sevilla
16,La Cena,Paso de Misterio,2015,elforocofrade.es - Acompañamiento Musical a lo largo de la Historia,banda_raw=CCTT Las Cigarreras,Sevilla
16,La Cena,Paso de Misterio,2016,elforocofrade.es - Acompañamiento Musical a lo largo de la Historia,banda_raw=CCTT Las Cigarreras,Sevilla
16,La Cena,Paso de Misterio,2017,elforocofrade.es - Acompañamiento Musical a lo largo de la Historia,banda_raw=CCTT Las Cigarreras,Sevilla
16,La Cena,Paso de Misterio,2018,elforocofrade.es - Acompañamiento Musical a lo largo de la Historia,banda_raw=CCTT Las Cigarreras,Sevilla
16,La Cena,Paso de Misterio,2019,elforocofrade.es - Acompañamiento Musical a lo largo de la Historia,banda_raw=CCTT Las Cigarreras,Sevilla
113,San Roque,Paso de Cristo,2015,elforocofrade.es - Acompañamiento Musical a lo largo de la Historia,banda_raw=CyT Esencia,Sevilla
113,San Roque,Paso de Cristo,2016,elforocofrade.es - Acompañamiento Musical a lo largo de la Historia,banda_raw=CyT Esencia,Sevilla
113,San Roque,Paso de Cristo,2017,elforocofrade.es - Acompañamiento Musical a lo largo de la Historia,banda_raw=CyT Esencia,Sevilla
113,San Roque,Paso de Cristo,2018,elforocofrade.es - Acompañamiento Musical a lo largo de la Historia,banda_raw=CyT Esencia,Sevilla
113,San Roque,Paso de Cristo,2019,elforocofrade.es - Acompañamiento Musical a lo largo de la Historia,banda_raw=CyT Esencia,Sevilla
166,San Roque,Paso de Palio,1988,elforocofrade.es - Acompañamiento Musical a lo largo de la Historia,banda_raw=BM Esperanza de Triana,Sevilla
66,San Roque,Paso de Palio,1993,elforocofrade.es - Acompañamiento Musical a lo largo de la Historia,banda_raw=BM Nuestra Senora de las Nieves,Sevilla
66,San Roque,Paso de Palio,1994,elforocofrade.es - Acompañamiento Musical a lo largo de la Historia,banda_raw=BM Nuestra Senora de las Nieves,Sevilla
66,San Roque,Paso de Palio,1995,elforocofrade.es - Acompañamiento Musical a lo largo de la Historia,banda_raw=BM Nuestra Senora de las Nieves,Sevilla
66,San Roque,Paso de Palio,1996,elforocofrade.es - Acompañamiento Musical a lo largo de la Historia,banda_raw=BM Nuestra Senora de las Nieves,Sevilla
66,San Roque,Paso de Palio,1997,elforocofrade.es - Acompañamiento Musical a lo largo de la Historia,banda_raw=BM Nuestra Senora de las Nieves,Sevilla
66,San Roque,Paso de Palio,1998,elforocofrade.es - Acompañamiento Musical a lo largo de la Historia,banda_raw=BM Nuestra Senora de las Nieves,Sevilla
66,San Roque,Paso de Palio,1999,elforocofrade.es - Acompañamiento Musical a lo largo de la Historia,banda_raw=BM Nuestra Senora de las Nieves,Sevilla
66,San Roque,Paso de Palio,2000,elforocofrade.es - Acompañamiento Musical a lo largo de la Historia,banda_raw=BM Nuestra Senora de las Nieves,Sevilla
66,San Roque,Paso de Palio,2001,elforocofrade.es - Acompañamiento Musical a lo largo de la Historia,banda_raw=BM Nuestra Senora de las Nieves,Sevilla
66,San Roque,Paso de Palio,2002,elforocofrade.es - Acompañamiento Musical a lo largo de la Historia,banda_raw=BM Nuestra Senora de las Nieves,Sevilla
66,San Roque,Paso de Palio,2003,elforocofrade.es - Acompañamiento Musical a lo largo de la Historia,banda_raw=BM Nuestra Senora de las Nieves,Sevilla
66,San Roque,Paso de Palio,2004,elforocofrade.es - Acompañamiento Musical a lo largo de la Historia,banda_raw=BM Nuestra Senora de las Nieves,Sevilla
66,San Roque,Paso de Palio,2005,elforocofrade.es - Acompañamiento Musical a lo largo de la Historia,banda_raw=BM Nuestra Senora de las Nieves,Sevilla
66,San Roque,Paso de Palio,2006,elforocofrade.es - Acompañamiento Musical a lo largo de la Historia,banda_raw=BM Nuestra Senora de las Nieves,Sevilla
66,San Roque,Paso de Palio,2007,elforocofrade.es - Acompañamiento Musical a lo largo de la Historia,banda_raw=BM Nuestra Senora de las Nieves,Sevilla
66,San Roque,Paso de Palio,2008,elforocofrade.es - Acompañamiento Musical a lo largo de la Historia,banda_raw=BM Nuestra Senora de las Nieves,Sevilla
66,San Roque,Paso de Palio,2009,elforocofrade.es - Acompañamiento Musical a lo largo de la Historia,banda_raw=BM Nuestra Senora de las Nieves,Sevilla
66,San Roque,Paso de Palio,2010,elforocofrade.es - Acompañamiento Musical a lo largo de la Historia,banda_raw=BM Nuestra Senora de las Nieves,Sevilla
66,San Roque,Paso de Palio,2011,elforocofrade.es - Acompañamiento Musical a lo largo de la Historia,banda_raw=BM Nuestra Senora de las Nieves,Sevilla
66,San Roque,Paso de Palio,2012,elforocofrade.es - Acompañamiento Musical a lo largo de la Historia,banda_raw=BM Nuestra Senora de las Nieves,Sevilla
66,San Roque,Paso de Palio,2013,elforocofrade.es - Acompañamiento Musical a lo largo de la Historia,banda_raw=BM Nuestra Senora de las Nieves,Sevilla
66,San Roque,Paso de Palio,2014,elforocofrade.es - Acompañamiento Musical a lo largo de la Historia,banda_raw=BM Nuestra Senora de las Nieves,Sevilla
66,San Roque,Paso de Palio,2015,elforocofrade.es - Acompañamiento Musical a lo largo de la Historia,banda_raw=BM Nuestra Senora de las Nieves,Sevilla
21,La Estrella,Paso de Misterio,1985,elforocofrade.es - Acompañamiento Musical a lo largo de la Historia,banda_raw=CCTT San Juan de Aznalfarache,Sevilla
23,La Estrella,Paso de Misterio,1991,elforocofrade.es - Acompañamiento Musical a lo largo de la Historia,banda_raw=CCTT Presentacion al Pueblo (Dos Hermanas),Sevilla
23,La Estrella,Paso de Misterio,1992,elforocofrade.es - Acompañamiento Musical a lo largo de la Historia,banda_raw=CCTT Presentacion al Pueblo (Dos Hermanas),Sevilla
23,La Estrella,Paso de Misterio,1993,elforocofrade.es - Acompañamiento Musical a lo largo de la Historia,banda_raw=CCTT Presentacion al Pueblo (Dos Hermanas),Sevilla
23,La Estrella,Paso de Misterio,1994,elforocofrade.es - Acompañamiento Musical a lo largo de la Historia,banda_raw=CCTT Presentacion al Pueblo (Dos Hermanas),Sevilla
23,La Estrella,Paso de Misterio,1995,elforocofrade.es - Acompañamiento Musical a lo largo de la Historia,banda_raw=CCTT Presentacion al Pueblo (Dos Hermanas),Sevilla
23,La Estrella,Paso de Misterio,1996,elforocofrade.es - Acompañamiento Musical a lo largo de la Historia,banda_raw=CCTT Presentacion al Pueblo (Dos Hermanas),Sevilla
23,La Estrella,Paso de Misterio,1997,elforocofrade.es - Acompañamiento Musical a lo largo de la Historia,banda_raw=CCTT Presentacion al Pueblo (Dos Hermanas),Sevilla
23,La Estrella,Paso de Misterio,1998,elforocofrade.es - Acompañamiento Musical a lo largo de la Historia,banda_raw=CCTT Presentacion al Pueblo (Dos Hermanas),Sevilla
23,La Estrella,Paso de Misterio,1999,elforocofrade.es - Acompañamiento Musical a lo largo de la Historia,banda_raw=CCTT Presentacion al Pueblo (Dos Hermanas),Sevilla
23,La Estrella,Paso de Misterio,2000,elforocofrade.es - Acompañamiento Musical a lo largo de la Historia,banda_raw=CCTT Presentacion al Pueblo (Dos Hermanas),Sevilla
23,La Estrella,Paso de Misterio,2001,elforocofrade.es - Acompañamiento Musical a lo largo de la Historia,banda_raw=CCTT Presentacion al Pueblo (Dos Hermanas),Sevilla
23,La Estrella,Paso de Misterio,2002,elforocofrade.es - Acompañamiento Musical a lo largo de la Historia,banda_raw=CCTT Presentacion al Pueblo (Dos Hermanas),Sevilla
23,La Estrella,Paso de Misterio,2003,elforocofrade.es - Acompañamiento Musical a lo largo de la Historia,banda_raw=CCTT Presentacion al Pueblo (Dos Hermanas),Sevilla
23,La Estrella,Paso de Misterio,2004,elforocofrade.es - Acompañamiento Musical a lo largo de la Historia,banda_raw=CCTT Presentacion al Pueblo (Dos Hermanas),Sevilla
23,La Estrella,Paso de Misterio,2005,elforocofrade.es - Acompañamiento Musical a lo largo de la Historia,banda_raw=CCTT Presentacion al Pueblo (Dos Hermanas),Sevilla
23,La Estrella,Paso de Misterio,2006,elforocofrade.es - Acompañamiento Musical a lo largo de la Historia,banda_raw=CCTT Presentacion al Pueblo (Dos Hermanas),Sevilla
23,La Estrella,Paso de Misterio,2007,elforocofrade.es - Acompañamiento Musical a lo largo de la Historia,banda_raw=CCTT Presentacion al Pueblo (Dos Hermanas),Sevilla
23,La Estrella,Paso de Misterio,2008,elforocofrade.es - Acompañamiento Musical a lo largo de la Historia,banda_raw=CCTT Presentacion al Pueblo (Dos Hermanas),Sevilla
23,La Estrella,Paso de Misterio,2009,elforocofrade.es - Acompañamiento Musical a lo largo de la Historia,banda_raw=CCTT Presentacion al Pueblo (Dos Hermanas),Sevilla
23,La Estrella,Paso de Misterio,2010,elforocofrade.es - Acompañamiento Musical a lo largo de la Historia,banda_raw=CCTT Presentacion al Pueblo (Dos Hermanas),Sevilla
23,La Estrella,Paso de Misterio,2011,elforocofrade.es - Acompañamiento Musical a lo largo de la Historia,banda_raw=CCTT Presentacion al Pueblo (Dos Hermanas),Sevilla
23,La Estrella,Paso de Misterio,2012,elforocofrade.es - Acompañamiento Musical a lo largo de la Historia,banda_raw=CCTT Presentacion al Pueblo (Dos Hermanas),Sevilla
23,La Estrella,Paso de Misterio,2013,elforocofrade.es - Acompañamiento Musical a lo largo de la Historia,banda_raw=CCTT Presentacion al Pueblo (Dos Hermanas),Sevilla
23,La Estrella,Paso de Misterio,2014,elforocofrade.es - Acompañamiento Musical a lo largo de la Historia,banda_raw=CCTT Presentacion al Pueblo (Dos Hermanas),Sevilla
23,La Estrella,Paso de Misterio,2015,elforocofrade.es - Acompañamiento Musical a lo largo de la Historia,banda_raw=CCTT Presentacion al Pueblo (Dos Hermanas),Sevilla
23,La Estrella,Paso de Misterio,2016,elforocofrade.es - Acompañamiento Musical a lo largo de la Historia,banda_raw=CCTT Presentacion al Pueblo (Dos Hermanas),Sevilla
23,La Estrella,Paso de Misterio,2017,elforocofrade.es - Acompañamiento Musical a lo largo de la Historia,banda_raw=CCTT Presentacion al Pueblo (Dos Hermanas),Sevilla
23,La Estrella,Paso de Misterio,2018,elforocofrade.es - Acompañamiento Musical a lo largo de la Historia,banda_raw=CCTT Presentacion al Pueblo (Dos Hermanas),Sevilla
23,La Estrella,Paso de Misterio,2019,elforocofrade.es - Acompañamiento Musical a lo largo de la Historia,banda_raw=CCTT Presentacion al Pueblo (Dos Hermanas),Sevilla
264,La Amargura,Paso de Misterio,1980,elforocofrade.es - Acompañamiento Musical a lo largo de la Historia,banda_raw=CCTT de la Policia Municipal de Sevilla,Sevilla
264,La Amargura,Paso de Misterio,1981,elforocofrade.es - Acompañamiento Musical a lo largo de la Historia,banda_raw=CCTT de la Policia Municipal de Sevilla,Sevilla
132,La Amargura,Paso de Misterio,1983,elforocofrade.es - Acompañamiento Musical a lo largo de la Historia,banda_raw=CCTT Maestro Paton,Sevilla
132,La Amargura,Paso de Misterio,1984,elforocofrade.es - Acompañamiento Musical a lo largo de la Historia,banda_raw=CCTT Maestro Paton,Sevilla
132,La Amargura,Paso de Misterio,1985,elforocofrade.es - Acompañamiento Musical a lo largo de la Historia,banda_raw=CCTT Maestro Paton,Sevilla
132,La Amargura,Paso de Misterio,1986,elforocofrade.es - Acompañamiento Musical a lo largo de la Historia,banda_raw=CCTT Maestro Paton,Sevilla
132,La Amargura,Paso de Misterio,1987,elforocofrade.es - Acompañamiento Musical a lo largo de la Historia,banda_raw=CCTT Maestro Paton,Sevilla
132,La Amargura,Paso de Misterio,1988,elforocofrade.es - Acompañamiento Musical a lo largo de la Historia,banda_raw=CCTT Maestro Paton,Sevilla
132,La Amargura,Paso de Misterio,1989,elforocofrade.es - Acompañamiento Musical a lo largo de la Historia,banda_raw=CCTT Maestro Paton,Sevilla
132,La Amargura,Paso de Misterio,1990,elforocofrade.es - Acompañamiento Musical a lo largo de la Historia,banda_raw=CCTT Maestro Paton,Sevilla
132,La Amargura,Paso de Misterio,1991,elforocofrade.es - Acompañamiento Musical a lo largo de la Historia,banda_raw=CCTT Maestro Paton,Sevilla
205,La Amargura,Paso de Misterio,1992,elforocofrade.es - Acompañamiento Musical a lo largo de la Historia,banda_raw=CCTT Tres Caidas,Sevilla
205,La Amargura,Paso de Misterio,1993,elforocofrade.es - Acompañamiento Musical a lo largo de la Historia,banda_raw=CCTT Tres Caidas,Sevilla
205,La Amargura,Paso de Misterio,1994,elforocofrade.es - Acompañamiento Musical a lo largo de la Historia,banda_raw=CCTT Tres Caidas,Sevilla
205,La Amargura,Paso de Misterio,1995,elforocofrade.es - Acompañamiento Musical a lo largo de la Historia,banda_raw=CCTT Tres Caidas,Sevilla
205,La Amargura,Paso de Misterio,1996,elforocofrade.es - Acompañamiento Musical a lo largo de la Historia,banda_raw=CCTT Tres Caidas,Sevilla
205,La Amargura,Paso de Misterio,1997,elforocofrade.es - Acompañamiento Musical a lo largo de la Historia,banda_raw=CCTT Tres Caidas,Sevilla
205,La Amargura,Paso de Misterio,1998,elforocofrade.es - Acompañamiento Musical a lo largo de la Historia,banda_raw=CCTT Tres Caidas,Sevilla
205,La Amargura,Paso de Misterio,1999,elforocofrade.es - Acompañamiento Musical a lo largo de la Historia,banda_raw=CCTT Tres Caidas,Sevilla
205,La Amargura,Paso de Misterio,2000,elforocofrade.es - Acompañamiento Musical a lo largo de la Historia,banda_raw=CCTT Tres Caidas,Sevilla
205,La Amargura,Paso de Misterio,2001,elforocofrade.es - Acompañamiento Musical a lo largo de la Historia,banda_raw=CCTT Tres Caidas,Sevilla
205,La Amargura,Paso de Misterio,2002,elforocofrade.es - Acompañamiento Musical a lo largo de la Historia,banda_raw=CCTT Tres Caidas,Sevilla
205,La Amargura,Paso de Misterio,2003,elforocofrade.es - Acompañamiento Musical a lo largo de la Historia,banda_raw=CCTT Tres Caidas,Sevilla
205,La Amargura,Paso de Misterio,2004,elforocofrade.es - Acompañamiento Musical a lo largo de la Historia,banda_raw=CCTT Tres Caidas,Sevilla
205,La Amargura,Paso de Misterio,2005,elforocofrade.es - Acompañamiento Musical a lo largo de la Historia,banda_raw=CCTT Tres Caidas,Sevilla
205,La Amargura,Paso de Misterio,2006,elforocofrade.es - Acompañamiento Musical a lo largo de la Historia,banda_raw=CCTT Tres Caidas,Sevilla
205,La Amargura,Paso de Misterio,2007,elforocofrade.es - Acompañamiento Musical a lo largo de la Historia,banda_raw=CCTT Tres Caidas,Sevilla
205,La Amargura,Paso de Misterio,2008,elforocofrade.es - Acompañamiento Musical a lo largo de la Historia,banda_raw=CCTT Tres Caidas,Sevilla
205,La Amargura,Paso de Misterio,2009,elforocofrade.es - Acompañamiento Musical a lo largo de la Historia,banda_raw=CCTT Tres Caidas,Sevilla
205,La Amargura,Paso de Misterio,2010,elforocofrade.es - Acompañamiento Musical a lo largo de la Historia,banda_raw=CCTT Tres Caidas,Sevilla
205,La Amargura,Paso de Misterio,2011,elforocofrade.es - Acompañamiento Musical a lo largo de la Historia,banda_raw=CCTT Tres Caidas,Sevilla
205,La Amargura,Paso de Misterio,2012,elforocofrade.es - Acompañamiento Musical a lo largo de la Historia,banda_raw=CCTT Tres Caidas,Sevilla
205,La Amargura,Paso de Misterio,2013,elforocofrade.es - Acompañamiento Musical a lo largo de la Historia,banda_raw=CCTT Tres Caidas,Sevilla
205,La Amargura,Paso de Misterio,2014,elforocofrade.es - Acompañamiento Musical a lo largo de la Historia,banda_raw=CCTT Tres Caidas,Sevilla
205,La Amargura,Paso de Misterio,2015,elforocofrade.es - Acompañamiento Musical a lo largo de la Historia,banda_raw=CCTT Tres Caidas,Sevilla
205,La Amargura,Paso de Misterio,2016,elforocofrade.es - Acompañamiento Musical a lo largo de la Historia,banda_raw=CCTT Tres Caidas,Sevilla
205,La Amargura,Paso de Misterio,2017,elforocofrade.es - Acompañamiento Musical a lo largo de la Historia,banda_raw=CCTT Tres Caidas,Sevilla
205,La Amargura,Paso de Misterio,2018,elforocofrade.es - Acompañamiento Musical a lo largo de la Historia,banda_raw=CCTT Tres Caidas,Sevilla
205,La Amargura,Paso de Misterio,2019,elforocofrade.es - Acompañamiento Musical a lo largo de la Historia,banda_raw=CCTT Tres Caidas,Sevilla
105,La Amargura,Paso de Palio,1982,elforocofrade.es - Acompañamiento Musical a lo largo de la Historia,banda_raw=Banda de la Inmaculada,Sevilla
105,La Amargura,Paso de Palio,1983,elforocofrade.es - Acompañamiento Musical a lo largo de la Historia,banda_raw=Banda de la Inmaculada,Sevilla
166,El Amor,Paso de Palio,1980,elforocofrade.es - Acompañamiento Musical a lo largo de la Historia,banda_raw=BM Esperanza de Triana,Sevilla
166,El Amor,Paso de Palio,1981,elforocofrade.es - Acompañamiento Musical a lo largo de la Historia,banda_raw=BM Esperanza de Triana,Sevilla
166,El Amor,Paso de Palio,1982,elforocofrade.es - Acompañamiento Musical a lo largo de la Historia,banda_raw=BM Esperanza de Triana,Sevilla
166,El Amor,Paso de Palio,1983,elforocofrade.es - Acompañamiento Musical a lo largo de la Historia,banda_raw=BM Esperanza de Triana,Sevilla
166,El Beso de Judas,Paso de Palio,1988,elforocofrade.es - Acompañamiento Musical a lo largo de la Historia,banda_raw=BM Esperanza de Triana,Sevilla
166,El Beso de Judas,Paso de Palio,1989,elforocofrade.es - Acompañamiento Musical a lo largo de la Historia,banda_raw=BM Esperanza de Triana,Sevilla
166,El Beso de Judas,Paso de Palio,1990,elforocofrade.es - Acompañamiento Musical a lo largo de la Historia,banda_raw=BM Esperanza de Triana,Sevilla
166,El Beso de Judas,Paso de Palio,1991,elforocofrade.es - Acompañamiento Musical a lo largo de la Historia,banda_raw=BM Esperanza de Triana,Sevilla
166,El Beso de Judas,Paso de Palio,1992,elforocofrade.es - Acompañamiento Musical a lo largo de la Historia,banda_raw=BM Esperanza de Triana,Sevilla
166,El Beso de Judas,Paso de Palio,1993,elforocofrade.es - Acompañamiento Musical a lo largo de la Historia,banda_raw=BM Esperanza de Triana,Sevilla
273,El Beso de Judas,Paso de Palio,1994,elforocofrade.es - Acompañamiento Musical a lo largo de la Historia,banda_raw=BM Nuestra Señora del Rocío,Sevilla
273,El Beso de Judas,Paso de Palio,1995,elforocofrade.es - Acompañamiento Musical a lo largo de la Historia,banda_raw=BM Nuestra Señora del Rocío,Sevilla
66,El Beso de Judas,Paso de Palio,2008,elforocofrade.es - Acompañamiento Musical a lo largo de la Historia,banda_raw=BM Santa María de las Nieves de Olivares,Sevilla
66,El Beso de Judas,Paso de Palio,2009,elforocofrade.es - Acompañamiento Musical a lo largo de la Historia,banda_raw=BM Santa María de las Nieves de Olivares,Sevilla
66,El Beso de Judas,Paso de Palio,2010,elforocofrade.es - Acompañamiento Musical a lo largo de la Historia,banda_raw=BM Santa María de las Nieves de Olivares,Sevilla
66,El Beso de Judas,Paso de Palio,2011,elforocofrade.es - Acompañamiento Musical a lo largo de la Historia,banda_raw=BM Santa María de las Nieves de Olivares,Sevilla
66,El Beso de Judas,Paso de Palio,2012,elforocofrade.es - Acompañamiento Musical a lo largo de la Historia,banda_raw=BM Santa María de las Nieves de Olivares,Sevilla
66,El Beso de Judas,Paso de Palio,2013,elforocofrade.es - Acompañamiento Musical a lo largo de la Historia,banda_raw=BM Santa María de las Nieves de Olivares,Sevilla
66,El Beso de Judas,Paso de Palio,2014,elforocofrade.es - Acompañamiento Musical a lo largo de la Historia,banda_raw=BM Santa María de las Nieves de Olivares,Sevilla
66,El Beso de Judas,Paso de Palio,2015,elforocofrade.es - Acompañamiento Musical a lo largo de la Historia,banda_raw=BM Santa María de las Nieves de Olivares,Sevilla
66,El Beso de Judas,Paso de Palio,2016,elforocofrade.es - Acompañamiento Musical a lo largo de la Historia,banda_raw=BM Santa María de las Nieves de Olivares,Sevilla
66,El Beso de Judas,Paso de Palio,2017,elforocofrade.es - Acompañamiento Musical a lo largo de la Historia,banda_raw=BM Santa María de las Nieves de Olivares,Sevilla
66,El Beso de Judas,Paso de Palio,2018,elforocofrade.es - Acompañamiento Musical a lo largo de la Historia,banda_raw=BM Santa María de las Nieves de Olivares,Sevilla
66,El Beso de Judas,Paso de Palio,2019,elforocofrade.es - Acompañamiento Musical a lo largo de la Historia,banda_raw=BM Santa María de las Nieves de Olivares,Sevilla
132,Santa Genoveva,Paso del Cautivo,1980,elforocofrade.es - Acompañamiento Musical a lo largo de la Historia,banda_raw=CCTT Maestro Paton,Sevilla
108,Santa Genoveva,Paso del Cautivo,1987,elforocofrade.es - Acompañamiento Musical a lo largo de la Historia,banda_raw=AM Trinidad,Sevilla
108,Santa Genoveva,Paso del Cautivo,1988,elforocofrade.es - Acompañamiento Musical a lo largo de la Historia,banda_raw=AM Trinidad,Sevilla
108,Santa Genoveva,Paso del Cautivo,1989,elforocofrade.es - Acompañamiento Musical a lo largo de la Historia,banda_raw=AM Trinidad,Sevilla
108,Santa Genoveva,Paso del Cautivo,1990,elforocofrade.es - Acompañamiento Musical a lo largo de la Historia,banda_raw=AM Trinidad,Sevilla
7,Santa Genoveva,Paso del Cautivo,1991,elforocofrade.es - Acompañamiento Musical a lo largo de la Historia,banda_raw=CCTT Sol,Sevilla
7,Santa Genoveva,Paso del Cautivo,1992,elforocofrade.es - Acompañamiento Musical a lo largo de la Historia,banda_raw=CCTT Sol,Sevilla
7,Santa Genoveva,Paso del Cautivo,1993,elforocofrade.es - Acompañamiento Musical a lo largo de la Historia,banda_raw=CCTT Sol,Sevilla
205,Santa Genoveva,Paso del Cautivo,1994,elforocofrade.es - Acompañamiento Musical a lo largo de la Historia,banda_raw=CCTT Tres Caidas,Sevilla
205,Santa Genoveva,Paso del Cautivo,1995,elforocofrade.es - Acompañamiento Musical a lo largo de la Historia,banda_raw=CCTT Tres Caidas,Sevilla
205,Santa Genoveva,Paso del Cautivo,1996,elforocofrade.es - Acompañamiento Musical a lo largo de la Historia,banda_raw=CCTT Tres Caidas,Sevilla
205,Santa Genoveva,Paso del Cautivo,1997,elforocofrade.es - Acompañamiento Musical a lo largo de la Historia,banda_raw=CCTT Tres Caidas,Sevilla
205,Santa Genoveva,Paso del Cautivo,1998,elforocofrade.es - Acompañamiento Musical a lo largo de la Historia,banda_raw=CCTT Tres Caidas,Sevilla
205,Santa Genoveva,Paso del Cautivo,1999,elforocofrade.es - Acompañamiento Musical a lo largo de la Historia,banda_raw=CCTT Tres Caidas,Sevilla
205,Santa Genoveva,Paso del Cautivo,2000,elforocofrade.es - Acompañamiento Musical a lo largo de la Historia,banda_raw=CCTT Tres Caidas,Sevilla
205,Santa Genoveva,Paso del Cautivo,2001,elforocofrade.es - Acompañamiento Musical a lo largo de la Historia,banda_raw=CCTT Tres Caidas,Sevilla
48,Santa Genoveva,Paso del Cautivo,2019,elforocofrade.es - Acompañamiento Musical a lo largo de la Historia,banda_raw=AM Pasion de Linares,Sevilla
264,San Gonzalo,Paso de Misterio,1980,elforocofrade.es - Acompañamiento Musical a lo largo de la Historia,banda_raw=CCTT de la Policia Municipal,Sevilla
16,San Gonzalo,Paso de Misterio,1981,elforocofrade.es - Acompañamiento Musical a lo largo de la Historia,banda_raw=CCTT Las Cigarreras,Sevilla
16,San Gonzalo,Paso de Misterio,1982,elforocofrade.es - Acompañamiento Musical a lo largo de la Historia,banda_raw=CCTT Las Cigarreras,Sevilla
16,San Gonzalo,Paso de Misterio,1983,elforocofrade.es - Acompañamiento Musical a lo largo de la Historia,banda_raw=CCTT Las Cigarreras,Sevilla
205,San Gonzalo,Paso de Misterio,1984,elforocofrade.es - Acompañamiento Musical a lo largo de la Historia,banda_raw=CCTT Tres Caidas,Sevilla
16,San Gonzalo,Paso de Misterio,1985,elforocofrade.es - Acompañamiento Musical a lo largo de la Historia,banda_raw=CCTT Las Cigarreras,Sevilla
16,San Gonzalo,Paso de Misterio,1986,elforocofrade.es - Acompañamiento Musical a lo largo de la Historia,banda_raw=CCTT Las Cigarreras,Sevilla
16,San Gonzalo,Paso de Misterio,1987,elforocofrade.es - Acompañamiento Musical a lo largo de la Historia,banda_raw=CCTT Las Cigarreras,Sevilla
16,San Gonzalo,Paso de Misterio,1988,elforocofrade.es - Acompañamiento Musical a lo largo de la Historia,banda_raw=CCTT Las Cigarreras,Sevilla
16,San Gonzalo,Paso de Misterio,1989,elforocofrade.es - Acompañamiento Musical a lo largo de la Historia,banda_raw=CCTT Las Cigarreras,Sevilla
16,San Gonzalo,Paso de Misterio,1990,elforocofrade.es - Acompañamiento Musical a lo largo de la Historia,banda_raw=CCTT Las Cigarreras,Sevilla
16,San Gonzalo,Paso de Misterio,1991,elforocofrade.es - Acompañamiento Musical a lo largo de la Historia,banda_raw=CCTT Las Cigarreras,Sevilla
16,San Gonzalo,Paso de Misterio,1992,elforocofrade.es - Acompañamiento Musical a lo largo de la Historia,banda_raw=CCTT Las Cigarreras,Sevilla
16,San Gonzalo,Paso de Misterio,1993,elforocofrade.es - Acompañamiento Musical a lo largo de la Historia,banda_raw=CCTT Las Cigarreras,Sevilla
16,San Gonzalo,Paso de Misterio,1994,elforocofrade.es - Acompañamiento Musical a lo largo de la Historia,banda_raw=CCTT Las Cigarreras,Sevilla
16,San Gonzalo,Paso de Misterio,1995,elforocofrade.es - Acompañamiento Musical a lo largo de la Historia,banda_raw=CCTT Las Cigarreras,Sevilla
16,San Gonzalo,Paso de Misterio,1996,elforocofrade.es - Acompañamiento Musical a lo largo de la Historia,banda_raw=CCTT Las Cigarreras,Sevilla
16,San Gonzalo,Paso de Misterio,1997,elforocofrade.es - Acompañamiento Musical a lo largo de la Historia,banda_raw=CCTT Las Cigarreras,Sevilla
16,San Gonzalo,Paso de Misterio,1998,elforocofrade.es - Acompañamiento Musical a lo largo de la Historia,banda_raw=CCTT Las Cigarreras,Sevilla
16,San Gonzalo,Paso de Misterio,1999,elforocofrade.es - Acompañamiento Musical a lo largo de la Historia,banda_raw=CCTT Las Cigarreras,Sevilla
16,San Gonzalo,Paso de Misterio,2000,elforocofrade.es - Acompañamiento Musical a lo largo de la Historia,banda_raw=CCTT Las Cigarreras,Sevilla
16,San Gonzalo,Paso de Misterio,2001,elforocofrade.es - Acompañamiento Musical a lo largo de la Historia,banda_raw=CCTT Las Cigarreras,Sevilla
16,San Gonzalo,Paso de Misterio,2002,elforocofrade.es - Acompañamiento Musical a lo largo de la Historia,banda_raw=CCTT Las Cigarreras,Sevilla
16,San Gonzalo,Paso de Misterio,2003,elforocofrade.es - Acompañamiento Musical a lo largo de la Historia,banda_raw=CCTT Las Cigarreras,Sevilla
16,San Gonzalo,Paso de Misterio,2004,elforocofrade.es - Acompañamiento Musical a lo largo de la Historia,banda_raw=CCTT Las Cigarreras,Sevilla
16,San Gonzalo,Paso de Misterio,2005,elforocofrade.es - Acompañamiento Musical a lo largo de la Historia,banda_raw=CCTT Las Cigarreras,Sevilla
16,San Gonzalo,Paso de Misterio,2006,elforocofrade.es - Acompañamiento Musical a lo largo de la Historia,banda_raw=CCTT Las Cigarreras,Sevilla
16,San Gonzalo,Paso de Misterio,2007,elforocofrade.es - Acompañamiento Musical a lo largo de la Historia,banda_raw=CCTT Las Cigarreras,Sevilla
16,San Gonzalo,Paso de Misterio,2008,elforocofrade.es - Acompañamiento Musical a lo largo de la Historia,banda_raw=CCTT Las Cigarreras,Sevilla
16,San Gonzalo,Paso de Misterio,2009,elforocofrade.es - Acompañamiento Musical a lo largo de la Historia,banda_raw=CCTT Las Cigarreras,Sevilla
16,San Gonzalo,Paso de Misterio,2010,elforocofrade.es - Acompañamiento Musical a lo largo de la Historia,banda_raw=CCTT Las Cigarreras,Sevilla
16,San Gonzalo,Paso de Misterio,2011,elforocofrade.es - Acompañamiento Musical a lo largo de la Historia,banda_raw=CCTT Las Cigarreras,Sevilla
16,San Gonzalo,Paso de Misterio,2012,elforocofrade.es - Acompañamiento Musical a lo largo de la Historia,banda_raw=CCTT Las Cigarreras,Sevilla
16,San Gonzalo,Paso de Misterio,2013,elforocofrade.es - Acompañamiento Musical a lo largo de la Historia,banda_raw=CCTT Las Cigarreras,Sevilla
16,San Gonzalo,Paso de Misterio,2014,elforocofrade.es - Acompañamiento Musical a lo largo de la Historia,banda_raw=CCTT Las Cigarreras,Sevilla
16,San Gonzalo,Paso de Misterio,2015,elforocofrade.es - Acompañamiento Musical a lo largo de la Historia,banda_raw=CCTT Las Cigarreras,Sevilla
16,San Gonzalo,Paso de Misterio,2016,elforocofrade.es - Acompañamiento Musical a lo largo de la Historia,banda_raw=CCTT Las Cigarreras,Sevilla
16,San Gonzalo,Paso de Misterio,2017,elforocofrade.es - Acompañamiento Musical a lo largo de la Historia,banda_raw=CCTT Las Cigarreras,Sevilla
16,San Gonzalo,Paso de Misterio,2018,elforocofrade.es - Acompañamiento Musical a lo largo de la Historia,banda_raw=CCTT Las Cigarreras,Sevilla
16,San Gonzalo,Paso de Misterio,2019,elforocofrade.es - Acompañamiento Musical a lo largo de la Historia,banda_raw=CCTT Las Cigarreras,Sevilla
7,Las Aguas,Paso de Misterio,1999,elforocofrade.es - Acompañamiento Musical a lo largo de la Historia,banda_raw=CCTT Sol,Sevilla
7,Las Aguas,Paso de Misterio,2000,elforocofrade.es - Acompañamiento Musical a lo largo de la Historia,banda_raw=CCTT Sol,Sevilla
7,Las Aguas,Paso de Misterio,2001,elforocofrade.es - Acompañamiento Musical a lo largo de la Historia,banda_raw=CCTT Sol,Sevilla
7,Las Aguas,Paso de Misterio,2002,elforocofrade.es - Acompañamiento Musical a lo largo de la Historia,banda_raw=CCTT Sol,Sevilla
7,Las Aguas,Paso de Misterio,2003,elforocofrade.es - Acompañamiento Musical a lo largo de la Historia,banda_raw=CCTT Sol,Sevilla
7,Las Aguas,Paso de Misterio,2004,elforocofrade.es - Acompañamiento Musical a lo largo de la Historia,banda_raw=CCTT Sol,Sevilla
7,Las Aguas,Paso de Misterio,2005,elforocofrade.es - Acompañamiento Musical a lo largo de la Historia,banda_raw=CCTT Sol,Sevilla
7,Las Aguas,Paso de Misterio,2006,elforocofrade.es - Acompañamiento Musical a lo largo de la Historia,banda_raw=CCTT Sol,Sevilla
7,Las Aguas,Paso de Misterio,2007,elforocofrade.es - Acompañamiento Musical a lo largo de la Historia,banda_raw=CCTT Sol,Sevilla
7,Las Aguas,Paso de Misterio,2008,elforocofrade.es - Acompañamiento Musical a lo largo de la Historia,banda_raw=CCTT Sol,Sevilla
7,Las Aguas,Paso de Misterio,2009,elforocofrade.es - Acompañamiento Musical a lo largo de la Historia,banda_raw=CCTT Sol,Sevilla
7,Las Aguas,Paso de Misterio,2010,elforocofrade.es - Acompañamiento Musical a lo largo de la Historia,banda_raw=CCTT Sol,Sevilla
7,Las Aguas,Paso de Misterio,2011,elforocofrade.es - Acompañamiento Musical a lo largo de la Historia,banda_raw=CCTT Sol,Sevilla
7,Las Aguas,Paso de Misterio,2012,elforocofrade.es - Acompañamiento Musical a lo largo de la Historia,banda_raw=CCTT Sol,Sevilla
205,Las Aguas,Paso de Misterio,2013,elforocofrade.es - Acompañamiento Musical a lo largo de la Historia,banda_raw=CCTT Tres Caidas,Sevilla
205,Las Aguas,Paso de Misterio,2014,elforocofrade.es - Acompañamiento Musical a lo largo de la Historia,banda_raw=CCTT Tres Caidas,Sevilla
205,Las Aguas,Paso de Misterio,2015,elforocofrade.es - Acompañamiento Musical a lo largo de la Historia,banda_raw=CCTT Tres Caidas,Sevilla
205,Las Aguas,Paso de Misterio,2016,elforocofrade.es - Acompañamiento Musical a lo largo de la Historia,banda_raw=CCTT Tres Caidas,Sevilla
205,Las Aguas,Paso de Misterio,2017,elforocofrade.es - Acompañamiento Musical a lo largo de la Historia,banda_raw=CCTT Tres Caidas,Sevilla
205,Las Aguas,Paso de Misterio,2018,elforocofrade.es - Acompañamiento Musical a lo largo de la Historia,banda_raw=CCTT Tres Caidas,Sevilla
105,El Museo,Paso de Palio,1980,elforocofrade.es - Acompañamiento Musical a lo largo de la Historia,banda_raw=BM La Inmaculada (Soria 9),Sevilla
105,El Museo,Paso de Palio,1981,elforocofrade.es - Acompañamiento Musical a lo largo de la Historia,banda_raw=BM La Inmaculada (Soria 9),Sevilla
105,El Museo,Paso de Palio,1982,elforocofrade.es - Acompañamiento Musical a lo largo de la Historia,banda_raw=BM La Inmaculada (Soria 9),Sevilla
105,El Museo,Paso de Palio,1983,elforocofrade.es - Acompañamiento Musical a lo largo de la Historia,banda_raw=BM La Inmaculada (Soria 9),Sevilla
105,El Museo,Paso de Palio,1984,elforocofrade.es - Acompañamiento Musical a lo largo de la Historia,banda_raw=BM La Inmaculada (Soria 9),Sevilla
205,El Cerro del Aguila,Paso de Misterio,1989,elforocofrade.es - Acompañamiento Musical a lo largo de la Historia,banda_raw=CCTT Tres Caídas,Sevilla
205,El Cerro del Aguila,Paso de Misterio,1990,elforocofrade.es - Acompañamiento Musical a lo largo de la Historia,banda_raw=CCTT Tres Caídas,Sevilla
205,El Cerro del Aguila,Paso de Misterio,1991,elforocofrade.es - Acompañamiento Musical a lo largo de la Historia,banda_raw=CCTT Tres Caídas,Sevilla
205,El Cerro del Aguila,Paso de Misterio,1992,elforocofrade.es - Acompañamiento Musical a lo largo de la Historia,banda_raw=CCTT Tres Caídas,Sevilla
205,El Cerro del Aguila,Paso de Misterio,1993,elforocofrade.es - Acompañamiento Musical a lo largo de la Historia,banda_raw=CCTT Tres Caídas,Sevilla
205,El Cerro del Aguila,Paso de Misterio,1994,elforocofrade.es - Acompañamiento Musical a lo largo de la Historia,banda_raw=CCTT Tres Caídas,Sevilla
205,El Cerro del Aguila,Paso de Misterio,1995,elforocofrade.es - Acompañamiento Musical a lo largo de la Historia,banda_raw=CCTT Tres Caídas,Sevilla
205,El Cerro del Aguila,Paso de Misterio,1996,elforocofrade.es - Acompañamiento Musical a lo largo de la Historia,banda_raw=CCTT Tres Caídas,Sevilla
205,El Cerro del Aguila,Paso de Misterio,1997,elforocofrade.es - Acompañamiento Musical a lo largo de la Historia,banda_raw=CCTT Tres Caídas,Sevilla
75,El Cerro del Aguila,Paso de Misterio,1998,elforocofrade.es - Acompañamiento Musical a lo largo de la Historia,banda_raw=CCTT Corona de Espinas,Sevilla
75,El Cerro del Aguila,Paso de Misterio,1999,elforocofrade.es - Acompañamiento Musical a lo largo de la Historia,banda_raw=CCTT Corona de Espinas,Sevilla
75,El Cerro del Aguila,Paso de Misterio,2000,elforocofrade.es - Acompañamiento Musical a lo largo de la Historia,banda_raw=CCTT Corona de Espinas,Sevilla
75,El Cerro del Aguila,Paso de Misterio,2001,elforocofrade.es - Acompañamiento Musical a lo largo de la Historia,banda_raw=CCTT Corona de Espinas,Sevilla
75,El Cerro del Aguila,Paso de Misterio,2002,elforocofrade.es - Acompañamiento Musical a lo largo de la Historia,banda_raw=CCTT Corona de Espinas,Sevilla
75,El Cerro del Aguila,Paso de Misterio,2003,elforocofrade.es - Acompañamiento Musical a lo largo de la Historia,banda_raw=CCTT Corona de Espinas,Sevilla
75,El Cerro del Aguila,Paso de Misterio,2004,elforocofrade.es - Acompañamiento Musical a lo largo de la Historia,banda_raw=CCTT Corona de Espinas,Sevilla
75,El Cerro del Aguila,Paso de Misterio,2005,elforocofrade.es - Acompañamiento Musical a lo largo de la Historia,banda_raw=CCTT Corona de Espinas,Sevilla
75,El Cerro del Aguila,Paso de Misterio,2006,elforocofrade.es - Acompañamiento Musical a lo largo de la Historia,banda_raw=CCTT Corona de Espinas,Sevilla
7,El Cerro del Aguila,Paso de Misterio,2007,elforocofrade.es - Acompañamiento Musical a lo largo de la Historia,banda_raw=CCTT Sol,Sevilla
7,El Cerro del Aguila,Paso de Misterio,2008,elforocofrade.es - Acompañamiento Musical a lo largo de la Historia,banda_raw=CCTT Sol,Sevilla
7,El Cerro del Aguila,Paso de Misterio,2009,elforocofrade.es - Acompañamiento Musical a lo largo de la Historia,banda_raw=CCTT Sol,Sevilla
7,El Cerro del Aguila,Paso de Misterio,2010,elforocofrade.es - Acompañamiento Musical a lo largo de la Historia,banda_raw=CCTT Sol,Sevilla
7,El Cerro del Aguila,Paso de Misterio,2011,elforocofrade.es - Acompañamiento Musical a lo largo de la Historia,banda_raw=CCTT Sol,Sevilla
7,El Cerro del Aguila,Paso de Misterio,2012,elforocofrade.es - Acompañamiento Musical a lo largo de la Historia,banda_raw=CCTT Sol,Sevilla
7,El Cerro del Aguila,Paso de Misterio,2013,elforocofrade.es - Acompañamiento Musical a lo largo de la Historia,banda_raw=CCTT Sol,Sevilla
7,El Cerro del Aguila,Paso de Misterio,2014,elforocofrade.es - Acompañamiento Musical a lo largo de la Historia,banda_raw=CCTT Sol,Sevilla
7,El Cerro del Aguila,Paso de Misterio,2015,elforocofrade.es - Acompañamiento Musical a lo largo de la Historia,banda_raw=CCTT Sol,Sevilla
7,El Cerro del Aguila,Paso de Misterio,2016,elforocofrade.es - Acompañamiento Musical a lo largo de la Historia,banda_raw=CCTT Sol,Sevilla
7,El Cerro del Aguila,Paso de Misterio,2017,elforocofrade.es - Acompañamiento Musical a lo largo de la Historia,banda_raw=CCTT Sol,Sevilla
7,El Cerro del Aguila,Paso de Misterio,2018,elforocofrade.es - Acompañamiento Musical a lo largo de la Historia,banda_raw=CCTT Sol,Sevilla
7,El Cerro del Aguila,Paso de Misterio,2019,elforocofrade.es - Acompañamiento Musical a lo largo de la Historia,banda_raw=CCTT Sol,Sevilla
66,El Cerro del Aguila,Paso de Palio,1991,elforocofrade.es - Acompañamiento Musical a lo largo de la Historia,banda_raw=BM Santa María de las Nieves de Olivares,Sevilla
66,El Cerro del Aguila,Paso de Palio,1992,elforocofrade.es - Acompañamiento Musical a lo largo de la Historia,banda_raw=BM Santa María de las Nieves de Olivares,Sevilla
66,El Cerro del Aguila,Paso de Palio,1993,elforocofrade.es - Acompañamiento Musical a lo largo de la Historia,banda_raw=BM Santa María de las Nieves de Olivares,Sevilla
66,El Cerro del Aguila,Paso de Palio,1994,elforocofrade.es - Acompañamiento Musical a lo largo de la Historia,banda_raw=BM Santa María de las Nieves de Olivares,Sevilla
66,El Cerro del Aguila,Paso de Palio,1995,elforocofrade.es - Acompañamiento Musical a lo largo de la Historia,banda_raw=BM Santa María de las Nieves de Olivares,Sevilla
66,El Cerro del Aguila,Paso de Palio,1996,elforocofrade.es - Acompañamiento Musical a lo largo de la Historia,banda_raw=BM Santa María de las Nieves de Olivares,Sevilla
66,El Cerro del Aguila,Paso de Palio,1997,elforocofrade.es - Acompañamiento Musical a lo largo de la Historia,banda_raw=BM Santa María de las Nieves de Olivares,Sevilla
66,El Cerro del Aguila,Paso de Palio,1998,elforocofrade.es - Acompañamiento Musical a lo largo de la Historia,banda_raw=BM Santa María de las Nieves de Olivares,Sevilla
66,El Cerro del Aguila,Paso de Palio,1999,elforocofrade.es - Acompañamiento Musical a lo largo de la Historia,banda_raw=BM Santa María de las Nieves de Olivares,Sevilla
66,El Cerro del Aguila,Paso de Palio,2000,elforocofrade.es - Acompañamiento Musical a lo largo de la Historia,banda_raw=BM Santa María de las Nieves de Olivares,Sevilla
66,El Cerro del Aguila,Paso de Palio,2001,elforocofrade.es - Acompañamiento Musical a lo largo de la Historia,banda_raw=BM Santa María de las Nieves de Olivares,Sevilla
66,El Cerro del Aguila,Paso de Palio,2002,elforocofrade.es - Acompañamiento Musical a lo largo de la Historia,banda_raw=BM Santa María de las Nieves de Olivares,Sevilla
66,El Cerro del Aguila,Paso de Palio,2003,elforocofrade.es - Acompañamiento Musical a lo largo de la Historia,banda_raw=BM Santa María de las Nieves de Olivares,Sevilla
66,El Cerro del Aguila,Paso de Palio,2004,elforocofrade.es - Acompañamiento Musical a lo largo de la Historia,banda_raw=BM Santa María de las Nieves de Olivares,Sevilla
66,El Cerro del Aguila,Paso de Palio,2005,elforocofrade.es - Acompañamiento Musical a lo largo de la Historia,banda_raw=BM Santa María de las Nieves de Olivares,Sevilla
66,El Cerro del Aguila,Paso de Palio,2006,elforocofrade.es - Acompañamiento Musical a lo largo de la Historia,banda_raw=BM Santa María de las Nieves de Olivares,Sevilla
66,El Cerro del Aguila,Paso de Palio,2007,elforocofrade.es - Acompañamiento Musical a lo largo de la Historia,banda_raw=BM Santa María de las Nieves de Olivares,Sevilla
66,El Cerro del Aguila,Paso de Palio,2008,elforocofrade.es - Acompañamiento Musical a lo largo de la Historia,banda_raw=BM Santa María de las Nieves de Olivares,Sevilla
66,El Cerro del Aguila,Paso de Palio,2009,elforocofrade.es - Acompañamiento Musical a lo largo de la Historia,banda_raw=BM Santa María de las Nieves de Olivares,Sevilla
66,El Cerro del Aguila,Paso de Palio,2010,elforocofrade.es - Acompañamiento Musical a lo largo de la Historia,banda_raw=BM Santa María de las Nieves de Olivares,Sevilla
66,El Cerro del Aguila,Paso de Palio,2011,elforocofrade.es - Acompañamiento Musical a lo largo de la Historia,banda_raw=BM Santa María de las Nieves de Olivares,Sevilla
66,El Cerro del Aguila,Paso de Palio,2012,elforocofrade.es - Acompañamiento Musical a lo largo de la Historia,banda_raw=BM Santa María de las Nieves de Olivares,Sevilla
66,El Cerro del Aguila,Paso de Palio,2013,elforocofrade.es - Acompañamiento Musical a lo largo de la Historia,banda_raw=BM Santa María de las Nieves de Olivares,Sevilla
66,El Cerro del Aguila,Paso de Palio,2014,elforocofrade.es - Acompañamiento Musical a lo largo de la Historia,banda_raw=BM Santa María de las Nieves de Olivares,Sevilla
66,El Cerro del Aguila,Paso de Palio,2015,elforocofrade.es - Acompañamiento Musical a lo largo de la Historia,banda_raw=BM Santa María de las Nieves de Olivares,Sevilla
66,El Cerro del Aguila,Paso de Palio,2016,elforocofrade.es - Acompañamiento Musical a lo largo de la Historia,banda_raw=BM Santa María de las Nieves de Olivares,Sevilla
66,El Cerro del Aguila,Paso de Palio,2017,elforocofrade.es - Acompañamiento Musical a lo largo de la Historia,banda_raw=BM Santa María de las Nieves de Olivares,Sevilla
66,El Cerro del Aguila,Paso de Palio,2018,elforocofrade.es - Acompañamiento Musical a lo largo de la Historia,banda_raw=BM Santa María de las Nieves de Olivares,Sevilla
66,El Cerro del Aguila,Paso de Palio,2019,elforocofrade.es - Acompañamiento Musical a lo largo de la Historia,banda_raw=BM Santa María de las Nieves de Olivares,Sevilla
6,San Esteban,Paso de Misterio,1992,elforocofrade.es - Acompañamiento Musical a lo largo de la Historia,banda_raw=AM Virgen de los Reyes,Sevilla
6,San Esteban,Paso de Misterio,1993,elforocofrade.es - Acompañamiento Musical a lo largo de la Historia,banda_raw=AM Virgen de los Reyes,Sevilla
6,San Esteban,Paso de Misterio,1994,elforocofrade.es - Acompañamiento Musical a lo largo de la Historia,banda_raw=AM Virgen de los Reyes,Sevilla
6,San Esteban,Paso de Misterio,1995,elforocofrade.es - Acompañamiento Musical a lo largo de la Historia,banda_raw=AM Virgen de los Reyes,Sevilla
6,San Esteban,Paso de Misterio,1996,elforocofrade.es - Acompañamiento Musical a lo largo de la Historia,banda_raw=AM Virgen de los Reyes,Sevilla
6,San Esteban,Paso de Misterio,1997,elforocofrade.es - Acompañamiento Musical a lo largo de la Historia,banda_raw=AM Virgen de los Reyes,Sevilla
6,San Esteban,Paso de Misterio,1998,elforocofrade.es - Acompañamiento Musical a lo largo de la Historia,banda_raw=AM Virgen de los Reyes,Sevilla
6,San Esteban,Paso de Misterio,1999,elforocofrade.es - Acompañamiento Musical a lo largo de la Historia,banda_raw=AM Virgen de los Reyes,Sevilla
6,San Esteban,Paso de Misterio,2000,elforocofrade.es - Acompañamiento Musical a lo largo de la Historia,banda_raw=AM Virgen de los Reyes,Sevilla
6,San Esteban,Paso de Misterio,2001,elforocofrade.es - Acompañamiento Musical a lo largo de la Historia,banda_raw=AM Virgen de los Reyes,Sevilla
6,San Esteban,Paso de Misterio,2002,elforocofrade.es - Acompañamiento Musical a lo largo de la Historia,banda_raw=AM Virgen de los Reyes,Sevilla
6,San Esteban,Paso de Misterio,2003,elforocofrade.es - Acompañamiento Musical a lo largo de la Historia,banda_raw=AM Virgen de los Reyes,Sevilla
6,San Esteban,Paso de Misterio,2004,elforocofrade.es - Acompañamiento Musical a lo largo de la Historia,banda_raw=AM Virgen de los Reyes,Sevilla
6,San Esteban,Paso de Misterio,2005,elforocofrade.es - Acompañamiento Musical a lo largo de la Historia,banda_raw=AM Virgen de los Reyes,Sevilla
6,San Esteban,Paso de Misterio,2006,elforocofrade.es - Acompañamiento Musical a lo largo de la Historia,banda_raw=AM Virgen de los Reyes,Sevilla
6,San Esteban,Paso de Misterio,2007,elforocofrade.es - Acompañamiento Musical a lo largo de la Historia,banda_raw=AM Virgen de los Reyes,Sevilla
6,San Esteban,Paso de Misterio,2008,elforocofrade.es - Acompañamiento Musical a lo largo de la Historia,banda_raw=AM Virgen de los Reyes,Sevilla
6,San Esteban,Paso de Misterio,2009,elforocofrade.es - Acompañamiento Musical a lo largo de la Historia,banda_raw=AM Virgen de los Reyes,Sevilla
166,San Esteban,Paso de Palio,1981,elforocofrade.es - Acompañamiento Musical a lo largo de la Historia,banda_raw=BM Esperanza de Triana,Sevilla
166,San Esteban,Paso de Palio,1982,elforocofrade.es - Acompañamiento Musical a lo largo de la Historia,banda_raw=BM Esperanza de Triana,Sevilla
166,San Esteban,Paso de Palio,1983,elforocofrade.es - Acompañamiento Musical a lo largo de la Historia,banda_raw=BM Esperanza de Triana,Sevilla
166,San Esteban,Paso de Palio,1985,elforocofrade.es - Acompañamiento Musical a lo largo de la Historia,banda_raw=BM Esperanza de Triana,Sevilla
166,San Esteban,Paso de Palio,1986,elforocofrade.es - Acompañamiento Musical a lo largo de la Historia,banda_raw=BM Esperanza de Triana,Sevilla
166,San Esteban,Paso de Palio,1987,elforocofrade.es - Acompañamiento Musical a lo largo de la Historia,banda_raw=BM Esperanza de Triana,Sevilla
166,San Esteban,Paso de Palio,1988,elforocofrade.es - Acompañamiento Musical a lo largo de la Historia,banda_raw=BM Esperanza de Triana,Sevilla
166,San Esteban,Paso de Palio,1989,elforocofrade.es - Acompañamiento Musical a lo largo de la Historia,banda_raw=BM Esperanza de Triana,Sevilla
166,San Esteban,Paso de Palio,1990,elforocofrade.es - Acompañamiento Musical a lo largo de la Historia,banda_raw=BM Esperanza de Triana,Sevilla
166,San Esteban,Paso de Palio,1991,elforocofrade.es - Acompañamiento Musical a lo largo de la Historia,banda_raw=BM Esperanza de Triana,Sevilla
166,San Esteban,Paso de Palio,1992,elforocofrade.es - Acompañamiento Musical a lo largo de la Historia,banda_raw=BM Esperanza de Triana,Sevilla
166,San Esteban,Paso de Palio,1993,elforocofrade.es - Acompañamiento Musical a lo largo de la Historia,banda_raw=BM Esperanza de Triana,Sevilla
273,San Esteban,Paso de Palio,1994,elforocofrade.es - Acompañamiento Musical a lo largo de la Historia,banda_raw=BM Nuestra Señora del Rocío,Sevilla
273,San Esteban,Paso de Palio,1995,elforocofrade.es - Acompañamiento Musical a lo largo de la Historia,banda_raw=BM Nuestra Señora del Rocío,Sevilla
23,San Benito,Paso de Cristo,1995,elforocofrade.es - Acompañamiento Musical a lo largo de la Historia,banda_raw=CCTT Presentación al Pueblo,Sevilla
23,San Benito,Paso de Cristo,1996,elforocofrade.es - Acompañamiento Musical a lo largo de la Historia,banda_raw=CCTT Presentación al Pueblo,Sevilla
7,La Candelaria,Paso de Cristo,1987,elforocofrade.es - Acompañamiento Musical a lo largo de la Historia,banda_raw=CCTT Sol,Sevilla
7,La Candelaria,Paso de Cristo,1988,elforocofrade.es - Acompañamiento Musical a lo largo de la Historia,banda_raw=CCTT Sol,Sevilla
7,La Candelaria,Paso de Cristo,1989,elforocofrade.es - Acompañamiento Musical a lo largo de la Historia,banda_raw=CCTT Sol,Sevilla
23,La Candelaria,Paso de Cristo,1990,elforocofrade.es - Acompañamiento Musical a lo largo de la Historia,banda_raw=CCTT Presentacion al Pueblo,Sevilla
7,La Candelaria,Paso de Cristo,1991,elforocofrade.es - Acompañamiento Musical a lo largo de la Historia,banda_raw=CCTT Sol,Sevilla
7,La Candelaria,Paso de Cristo,1992,elforocofrade.es - Acompañamiento Musical a lo largo de la Historia,banda_raw=CCTT Sol,Sevilla
7,La Candelaria,Paso de Cristo,1993,elforocofrade.es - Acompañamiento Musical a lo largo de la Historia,banda_raw=CCTT Sol,Sevilla
7,La Candelaria,Paso de Cristo,1994,elforocofrade.es - Acompañamiento Musical a lo largo de la Historia,banda_raw=CCTT Sol,Sevilla
7,La Candelaria,Paso de Cristo,1995,elforocofrade.es - Acompañamiento Musical a lo largo de la Historia,banda_raw=CCTT Sol,Sevilla
7,La Candelaria,Paso de Cristo,1996,elforocofrade.es - Acompañamiento Musical a lo largo de la Historia,banda_raw=CCTT Sol,Sevilla
7,La Candelaria,Paso de Cristo,1997,elforocofrade.es - Acompañamiento Musical a lo largo de la Historia,banda_raw=CCTT Sol,Sevilla
205,La Candelaria,Paso de Cristo,2001,elforocofrade.es - Acompañamiento Musical a lo largo de la Historia,banda_raw=CCTT Tres Caidas,Sevilla
205,La Candelaria,Paso de Cristo,2002,elforocofrade.es - Acompañamiento Musical a lo largo de la Historia,banda_raw=CCTT Tres Caidas,Sevilla
205,La Candelaria,Paso de Cristo,2003,elforocofrade.es - Acompañamiento Musical a lo largo de la Historia,banda_raw=CCTT Tres Caidas,Sevilla
205,La Candelaria,Paso de Cristo,2004,elforocofrade.es - Acompañamiento Musical a lo largo de la Historia,banda_raw=CCTT Tres Caidas,Sevilla
205,La Candelaria,Paso de Cristo,2005,elforocofrade.es - Acompañamiento Musical a lo largo de la Historia,banda_raw=CCTT Tres Caidas,Sevilla
205,La Candelaria,Paso de Cristo,2006,elforocofrade.es - Acompañamiento Musical a lo largo de la Historia,banda_raw=CCTT Tres Caidas,Sevilla
205,La Candelaria,Paso de Cristo,2007,elforocofrade.es - Acompañamiento Musical a lo largo de la Historia,banda_raw=CCTT Tres Caidas,Sevilla
205,La Candelaria,Paso de Cristo,2008,elforocofrade.es - Acompañamiento Musical a lo largo de la Historia,banda_raw=CCTT Tres Caidas,Sevilla
205,La Candelaria,Paso de Cristo,2009,elforocofrade.es - Acompañamiento Musical a lo largo de la Historia,banda_raw=CCTT Tres Caidas,Sevilla
205,La Candelaria,Paso de Cristo,2010,elforocofrade.es - Acompañamiento Musical a lo largo de la Historia,banda_raw=CCTT Tres Caidas,Sevilla
205,La Candelaria,Paso de Cristo,2011,elforocofrade.es - Acompañamiento Musical a lo largo de la Historia,banda_raw=CCTT Tres Caidas,Sevilla
205,La Candelaria,Paso de Cristo,2012,elforocofrade.es - Acompañamiento Musical a lo largo de la Historia,banda_raw=CCTT Tres Caidas,Sevilla
205,La Candelaria,Paso de Cristo,2013,elforocofrade.es - Acompañamiento Musical a lo largo de la Historia,banda_raw=CCTT Tres Caidas,Sevilla
205,La Candelaria,Paso de Cristo,2014,elforocofrade.es - Acompañamiento Musical a lo largo de la Historia,banda_raw=CCTT Tres Caidas,Sevilla
205,La Candelaria,Paso de Cristo,2015,elforocofrade.es - Acompañamiento Musical a lo largo de la Historia,banda_raw=CCTT Tres Caidas,Sevilla
205,La Candelaria,Paso de Cristo,2016,elforocofrade.es - Acompañamiento Musical a lo largo de la Historia,banda_raw=CCTT Tres Caidas,Sevilla
205,La Candelaria,Paso de Cristo,2017,elforocofrade.es - Acompañamiento Musical a lo largo de la Historia,banda_raw=CCTT Tres Caidas,Sevilla
205,La Candelaria,Paso de Cristo,2018,elforocofrade.es - Acompañamiento Musical a lo largo de la Historia,banda_raw=CCTT Tres Caidas,Sevilla
205,La Candelaria,Paso de Cristo,2019,elforocofrade.es - Acompañamiento Musical a lo largo de la Historia,banda_raw=CCTT Tres Caidas,Sevilla
264,El Dulce Nombre,Paso de Misterio,1980,elforocofrade.es - Acompañamiento Musical a lo largo de la Historia,banda_raw=CCTT Policia Municipal,Sevilla
264,El Dulce Nombre,Paso de Misterio,1981,elforocofrade.es - Acompañamiento Musical a lo largo de la Historia,banda_raw=CCTT Policia Municipal,Sevilla
16,El Dulce Nombre,Paso de Misterio,1982,elforocofrade.es - Acompañamiento Musical a lo largo de la Historia,banda_raw=CCTT Las Cigarreras,Sevilla
16,El Dulce Nombre,Paso de Misterio,1983,elforocofrade.es - Acompañamiento Musical a lo largo de la Historia,banda_raw=CCTT Las Cigarreras,Sevilla
16,El Dulce Nombre,Paso de Misterio,1984,elforocofrade.es - Acompañamiento Musical a lo largo de la Historia,banda_raw=CCTT Las Cigarreras,Sevilla
16,El Dulce Nombre,Paso de Misterio,1985,elforocofrade.es - Acompañamiento Musical a lo largo de la Historia,banda_raw=CCTT Las Cigarreras,Sevilla
16,El Dulce Nombre,Paso de Misterio,1986,elforocofrade.es - Acompañamiento Musical a lo largo de la Historia,banda_raw=CCTT Las Cigarreras,Sevilla
16,El Dulce Nombre,Paso de Misterio,1987,elforocofrade.es - Acompañamiento Musical a lo largo de la Historia,banda_raw=CCTT Las Cigarreras,Sevilla
16,El Dulce Nombre,Paso de Misterio,1988,elforocofrade.es - Acompañamiento Musical a lo largo de la Historia,banda_raw=CCTT Las Cigarreras,Sevilla
16,El Dulce Nombre,Paso de Misterio,1989,elforocofrade.es - Acompañamiento Musical a lo largo de la Historia,banda_raw=CCTT Las Cigarreras,Sevilla
16,El Dulce Nombre,Paso de Misterio,1990,elforocofrade.es - Acompañamiento Musical a lo largo de la Historia,banda_raw=CCTT Las Cigarreras,Sevilla
16,El Dulce Nombre,Paso de Misterio,1991,elforocofrade.es - Acompañamiento Musical a lo largo de la Historia,banda_raw=CCTT Las Cigarreras,Sevilla
16,El Dulce Nombre,Paso de Misterio,1992,elforocofrade.es - Acompañamiento Musical a lo largo de la Historia,banda_raw=CCTT Las Cigarreras,Sevilla
16,El Dulce Nombre,Paso de Misterio,1993,elforocofrade.es - Acompañamiento Musical a lo largo de la Historia,banda_raw=CCTT Las Cigarreras,Sevilla
16,El Dulce Nombre,Paso de Misterio,1994,elforocofrade.es - Acompañamiento Musical a lo largo de la Historia,banda_raw=CCTT Las Cigarreras,Sevilla
16,El Dulce Nombre,Paso de Misterio,1995,elforocofrade.es - Acompañamiento Musical a lo largo de la Historia,banda_raw=CCTT Las Cigarreras,Sevilla
16,El Dulce Nombre,Paso de Misterio,1996,elforocofrade.es - Acompañamiento Musical a lo largo de la Historia,banda_raw=CCTT Las Cigarreras,Sevilla
16,El Dulce Nombre,Paso de Misterio,1997,elforocofrade.es - Acompañamiento Musical a lo largo de la Historia,banda_raw=CCTT Las Cigarreras,Sevilla
16,El Dulce Nombre,Paso de Misterio,1998,elforocofrade.es - Acompañamiento Musical a lo largo de la Historia,banda_raw=CCTT Las Cigarreras,Sevilla
16,El Dulce Nombre,Paso de Misterio,1999,elforocofrade.es - Acompañamiento Musical a lo largo de la Historia,banda_raw=CCTT Las Cigarreras,Sevilla
16,El Dulce Nombre,Paso de Misterio,2000,elforocofrade.es - Acompañamiento Musical a lo largo de la Historia,banda_raw=CCTT Las Cigarreras,Sevilla
16,El Dulce Nombre,Paso de Misterio,2001,elforocofrade.es - Acompañamiento Musical a lo largo de la Historia,banda_raw=CCTT Las Cigarreras,Sevilla
16,El Dulce Nombre,Paso de Misterio,2002,elforocofrade.es - Acompañamiento Musical a lo largo de la Historia,banda_raw=CCTT Las Cigarreras,Sevilla
16,El Dulce Nombre,Paso de Misterio,2003,elforocofrade.es - Acompañamiento Musical a lo largo de la Historia,banda_raw=CCTT Las Cigarreras,Sevilla
16,El Dulce Nombre,Paso de Misterio,2004,elforocofrade.es - Acompañamiento Musical a lo largo de la Historia,banda_raw=CCTT Las Cigarreras,Sevilla
16,El Dulce Nombre,Paso de Misterio,2005,elforocofrade.es - Acompañamiento Musical a lo largo de la Historia,banda_raw=CCTT Las Cigarreras,Sevilla
16,El Dulce Nombre,Paso de Misterio,2006,elforocofrade.es - Acompañamiento Musical a lo largo de la Historia,banda_raw=CCTT Las Cigarreras,Sevilla
16,El Dulce Nombre,Paso de Misterio,2007,elforocofrade.es - Acompañamiento Musical a lo largo de la Historia,banda_raw=CCTT Las Cigarreras,Sevilla
16,El Dulce Nombre,Paso de Misterio,2008,elforocofrade.es - Acompañamiento Musical a lo largo de la Historia,banda_raw=CCTT Las Cigarreras,Sevilla
16,El Dulce Nombre,Paso de Misterio,2009,elforocofrade.es - Acompañamiento Musical a lo largo de la Historia,banda_raw=CCTT Las Cigarreras,Sevilla
16,El Dulce Nombre,Paso de Misterio,2010,elforocofrade.es - Acompañamiento Musical a lo largo de la Historia,banda_raw=CCTT Las Cigarreras,Sevilla
16,El Dulce Nombre,Paso de Misterio,2011,elforocofrade.es - Acompañamiento Musical a lo largo de la Historia,banda_raw=CCTT Las Cigarreras,Sevilla
16,El Dulce Nombre,Paso de Misterio,2012,elforocofrade.es - Acompañamiento Musical a lo largo de la Historia,banda_raw=CCTT Las Cigarreras,Sevilla
16,El Dulce Nombre,Paso de Misterio,2013,elforocofrade.es - Acompañamiento Musical a lo largo de la Historia,banda_raw=CCTT Las Cigarreras,Sevilla
16,El Dulce Nombre,Paso de Misterio,2014,elforocofrade.es - Acompañamiento Musical a lo largo de la Historia,banda_raw=CCTT Las Cigarreras,Sevilla
16,El Dulce Nombre,Paso de Misterio,2015,elforocofrade.es - Acompañamiento Musical a lo largo de la Historia,banda_raw=CCTT Las Cigarreras,Sevilla
16,El Dulce Nombre,Paso de Misterio,2016,elforocofrade.es - Acompañamiento Musical a lo largo de la Historia,banda_raw=CCTT Las Cigarreras,Sevilla
16,El Dulce Nombre,Paso de Misterio,2017,elforocofrade.es - Acompañamiento Musical a lo largo de la Historia,banda_raw=CCTT Las Cigarreras,Sevilla
16,El Dulce Nombre,Paso de Misterio,2018,elforocofrade.es - Acompañamiento Musical a lo largo de la Historia,banda_raw=CCTT Las Cigarreras,Sevilla
16,El Dulce Nombre,Paso de Misterio,2019,elforocofrade.es - Acompañamiento Musical a lo largo de la Historia,banda_raw=CCTT Las Cigarreras,Sevilla
105,El Dulce Nombre,Paso de Palio,1980,elforocofrade.es - Acompañamiento Musical a lo largo de la Historia,banda_raw=BM Inmaculada (Soria 9),Sevilla
105,El Dulce Nombre,Paso de Palio,1981,elforocofrade.es - Acompañamiento Musical a lo largo de la Historia,banda_raw=BM Inmaculada (Soria 9),Sevilla
105,El Dulce Nombre,Paso de Palio,1982,elforocofrade.es - Acompañamiento Musical a lo largo de la Historia,banda_raw=BM Inmaculada (Soria 9),Sevilla
105,El Dulce Nombre,Paso de Palio,1983,elforocofrade.es - Acompañamiento Musical a lo largo de la Historia,banda_raw=BM Inmaculada (Soria 9),Sevilla
105,El Dulce Nombre,Paso de Palio,1984,elforocofrade.es - Acompañamiento Musical a lo largo de la Historia,banda_raw=BM Inmaculada (Soria 9),Sevilla
23,El Carmen,Paso de Misterio,1993,elforocofrade.es - Acompañamiento Musical a lo largo de la Historia,banda_raw=CCTT Presentacion al Pueblo de Dos Hermanas,Sevilla
23,El Carmen,Paso de Misterio,1994,elforocofrade.es - Acompañamiento Musical a lo largo de la Historia,banda_raw=CCTT Presentacion al Pueblo de Dos Hermanas,Sevilla
23,El Carmen,Paso de Misterio,1995,elforocofrade.es - Acompañamiento Musical a lo largo de la Historia,banda_raw=CCTT Presentacion al Pueblo de Dos Hermanas,Sevilla
23,El Carmen,Paso de Misterio,1996,elforocofrade.es - Acompañamiento Musical a lo largo de la Historia,banda_raw=CCTT Presentacion al Pueblo de Dos Hermanas,Sevilla
16,El Carmen,Paso de Misterio,1999,elforocofrade.es - Acompañamiento Musical a lo largo de la Historia,banda_raw=CCTT Juvenil Las Cigarreras,Sevilla
16,El Carmen,Paso de Misterio,2000,elforocofrade.es - Acompañamiento Musical a lo largo de la Historia,banda_raw=CCTT Juvenil Las Cigarreras,Sevilla
16,El Carmen,Paso de Misterio,2001,elforocofrade.es - Acompañamiento Musical a lo largo de la Historia,banda_raw=CCTT Juvenil Las Cigarreras,Sevilla
16,El Carmen,Paso de Misterio,2002,elforocofrade.es - Acompañamiento Musical a lo largo de la Historia,banda_raw=CCTT Juvenil Las Cigarreras,Sevilla
16,El Carmen,Paso de Misterio,2003,elforocofrade.es - Acompañamiento Musical a lo largo de la Historia,banda_raw=CCTT Juvenil Las Cigarreras,Sevilla
6,El Carmen,Paso de Misterio,2013,elforocofrade.es - Acompañamiento Musical a lo largo de la Historia,banda_raw=AM Virgen de los Reyes,Sevilla
6,El Carmen,Paso de Misterio,2014,elforocofrade.es - Acompañamiento Musical a lo largo de la Historia,banda_raw=AM Virgen de los Reyes,Sevilla
6,El Carmen,Paso de Misterio,2015,elforocofrade.es - Acompañamiento Musical a lo largo de la Historia,banda_raw=AM Virgen de los Reyes,Sevilla
6,El Carmen,Paso de Misterio,2016,elforocofrade.es - Acompañamiento Musical a lo largo de la Historia,banda_raw=AM Virgen de los Reyes,Sevilla
6,El Carmen,Paso de Misterio,2017,elforocofrade.es - Acompañamiento Musical a lo largo de la Historia,banda_raw=AM Virgen de los Reyes,Sevilla
6,El Carmen,Paso de Misterio,2018,elforocofrade.es - Acompañamiento Musical a lo largo de la Historia,banda_raw=AM Virgen de los Reyes,Sevilla
6,El Carmen,Paso de Misterio,2019,elforocofrade.es - Acompañamiento Musical a lo largo de la Historia,banda_raw=AM Virgen de los Reyes,Sevilla
103,La Sed,Paso de Cristo,1987,elforocofrade.es - Acompañamiento Musical a lo largo de la Historia,banda_raw=AM San Julian,Sevilla
103,La Sed,Paso de Cristo,1988,elforocofrade.es - Acompañamiento Musical a lo largo de la Historia,banda_raw=AM San Julian,Sevilla
103,La Sed,Paso de Cristo,1989,elforocofrade.es - Acompañamiento Musical a lo largo de la Historia,banda_raw=AM San Julian,Sevilla
103,La Sed,Paso de Cristo,1990,elforocofrade.es - Acompañamiento Musical a lo largo de la Historia,banda_raw=AM San Julian,Sevilla
103,La Sed,Paso de Cristo,1991,elforocofrade.es - Acompañamiento Musical a lo largo de la Historia,banda_raw=AM San Julian,Sevilla
52,La Sed,Paso de Cristo,1992,elforocofrade.es - Acompañamiento Musical a lo largo de la Historia,banda_raw=CCTT Cristo de la Sed,Sevilla
52,La Sed,Paso de Cristo,1993,elforocofrade.es - Acompañamiento Musical a lo largo de la Historia,banda_raw=CCTT Cristo de la Sed,Sevilla
52,La Sed,Paso de Cristo,1994,elforocofrade.es - Acompañamiento Musical a lo largo de la Historia,banda_raw=CCTT Cristo de la Sed,Sevilla
52,La Sed,Paso de Cristo,1995,elforocofrade.es - Acompañamiento Musical a lo largo de la Historia,banda_raw=CCTT Cristo de la Sed,Sevilla
211,La Sed,Paso de Cristo,1996,elforocofrade.es - Acompañamiento Musical a lo largo de la Historia,banda_raw=CCTT San Francisco Javier,Sevilla
75,La Sed,Paso de Cristo,2007,elforocofrade.es - Acompañamiento Musical a lo largo de la Historia,banda_raw=CCTT Corona de Espinas,Sevilla
75,La Sed,Paso de Cristo,2008,elforocofrade.es - Acompañamiento Musical a lo largo de la Historia,banda_raw=CCTT Corona de Espinas,Sevilla
16,San Bernardo,Paso de Cristo,1994,elforocofrade.es - Acompañamiento Musical a lo largo de la Historia,banda_raw=CCTT Las Cigarreras,Sevilla
16,San Bernardo,Paso de Cristo,1995,elforocofrade.es - Acompañamiento Musical a lo largo de la Historia,banda_raw=CCTT Las Cigarreras,Sevilla
16,San Bernardo,Paso de Cristo,1996,elforocofrade.es - Acompañamiento Musical a lo largo de la Historia,banda_raw=CCTT Las Cigarreras,Sevilla
16,San Bernardo,Paso de Cristo,1997,elforocofrade.es - Acompañamiento Musical a lo largo de la Historia,banda_raw=CCTT Las Cigarreras,Sevilla
16,San Bernardo,Paso de Cristo,1998,elforocofrade.es - Acompañamiento Musical a lo largo de la Historia,banda_raw=CCTT Las Cigarreras,Sevilla
16,San Bernardo,Paso de Cristo,1999,elforocofrade.es - Acompañamiento Musical a lo largo de la Historia,banda_raw=CCTT Las Cigarreras,Sevilla
16,San Bernardo,Paso de Cristo,2000,elforocofrade.es - Acompañamiento Musical a lo largo de la Historia,banda_raw=CCTT Las Cigarreras,Sevilla
16,San Bernardo,Paso de Cristo,2001,elforocofrade.es - Acompañamiento Musical a lo largo de la Historia,banda_raw=CCTT Las Cigarreras,Sevilla
16,San Bernardo,Paso de Cristo,2002,elforocofrade.es - Acompañamiento Musical a lo largo de la Historia,banda_raw=CCTT Las Cigarreras,Sevilla
75,San Bernardo,Paso de Cristo,2003,elforocofrade.es - Acompañamiento Musical a lo largo de la Historia,banda_raw=CCTT Corona de Espinas,Sevilla
75,San Bernardo,Paso de Cristo,2004,elforocofrade.es - Acompañamiento Musical a lo largo de la Historia,banda_raw=CCTT Corona de Espinas,Sevilla
75,San Bernardo,Paso de Cristo,2005,elforocofrade.es - Acompañamiento Musical a lo largo de la Historia,banda_raw=CCTT Corona de Espinas,Sevilla
75,San Bernardo,Paso de Cristo,2006,elforocofrade.es - Acompañamiento Musical a lo largo de la Historia,banda_raw=CCTT Corona de Espinas,Sevilla
23,San Bernardo,Paso de Cristo,2007,elforocofrade.es - Acompañamiento Musical a lo largo de la Historia,banda_raw=CCTT Presentacion al Pueblo de Dos Hermanas,Sevilla
23,San Bernardo,Paso de Cristo,2008,elforocofrade.es - Acompañamiento Musical a lo largo de la Historia,banda_raw=CCTT Presentacion al Pueblo de Dos Hermanas,Sevilla
23,San Bernardo,Paso de Cristo,2009,elforocofrade.es - Acompañamiento Musical a lo largo de la Historia,banda_raw=CCTT Presentacion al Pueblo de Dos Hermanas,Sevilla
23,San Bernardo,Paso de Cristo,2010,elforocofrade.es - Acompañamiento Musical a lo largo de la Historia,banda_raw=CCTT Presentacion al Pueblo de Dos Hermanas,Sevilla
23,San Bernardo,Paso de Cristo,2011,elforocofrade.es - Acompañamiento Musical a lo largo de la Historia,banda_raw=CCTT Presentacion al Pueblo de Dos Hermanas,Sevilla
23,San Bernardo,Paso de Cristo,2012,elforocofrade.es - Acompañamiento Musical a lo largo de la Historia,banda_raw=CCTT Presentacion al Pueblo de Dos Hermanas,Sevilla
23,San Bernardo,Paso de Cristo,2013,elforocofrade.es - Acompañamiento Musical a lo largo de la Historia,banda_raw=CCTT Presentacion al Pueblo de Dos Hermanas,Sevilla
23,San Bernardo,Paso de Cristo,2014,elforocofrade.es - Acompañamiento Musical a lo largo de la Historia,banda_raw=CCTT Presentacion al Pueblo de Dos Hermanas,Sevilla
23,San Bernardo,Paso de Cristo,2015,elforocofrade.es - Acompañamiento Musical a lo largo de la Historia,banda_raw=CCTT Presentacion al Pueblo de Dos Hermanas,Sevilla
23,San Bernardo,Paso de Cristo,2016,elforocofrade.es - Acompañamiento Musical a lo largo de la Historia,banda_raw=CCTT Presentacion al Pueblo de Dos Hermanas,Sevilla
23,San Bernardo,Paso de Cristo,2017,elforocofrade.es - Acompañamiento Musical a lo largo de la Historia,banda_raw=CCTT Presentacion al Pueblo de Dos Hermanas,Sevilla
23,San Bernardo,Paso de Cristo,2018,elforocofrade.es - Acompañamiento Musical a lo largo de la Historia,banda_raw=CCTT Presentacion al Pueblo de Dos Hermanas,Sevilla
23,San Bernardo,Paso de Cristo,2019,elforocofrade.es - Acompañamiento Musical a lo largo de la Historia,banda_raw=CCTT Presentacion al Pueblo de Dos Hermanas,Sevilla
47,San Bernardo,Paso de Palio,1991,elforocofrade.es - Acompañamiento Musical a lo largo de la Historia,banda_raw=BM Nuestra Senora de las Mercedes de Bollullos Par del Condado,Sevilla
47,San Bernardo,Paso de Palio,1992,elforocofrade.es - Acompañamiento Musical a lo largo de la Historia,banda_raw=BM Nuestra Senora de las Mercedes de Bollullos Par del Condado,Sevilla
47,San Bernardo,Paso de Palio,1993,elforocofrade.es - Acompañamiento Musical a lo largo de la Historia,banda_raw=BM Nuestra Senora de las Mercedes de Bollullos Par del Condado,Sevilla
47,San Bernardo,Paso de Palio,1994,elforocofrade.es - Acompañamiento Musical a lo largo de la Historia,banda_raw=BM Nuestra Senora de las Mercedes de Bollullos Par del Condado,Sevilla
47,San Bernardo,Paso de Palio,1995,elforocofrade.es - Acompañamiento Musical a lo largo de la Historia,banda_raw=BM Nuestra Senora de las Mercedes de Bollullos Par del Condado,Sevilla
47,San Bernardo,Paso de Palio,1996,elforocofrade.es - Acompañamiento Musical a lo largo de la Historia,banda_raw=BM Nuestra Senora de las Mercedes de Bollullos Par del Condado,Sevilla
47,San Bernardo,Paso de Palio,1997,elforocofrade.es - Acompañamiento Musical a lo largo de la Historia,banda_raw=BM Nuestra Senora de las Mercedes de Bollullos Par del Condado,Sevilla
132,El Buen Fin,Paso de Cristo,1984,elforocofrade.es - Acompañamiento Musical a lo largo de la Historia,banda_raw=CCTT Maestro Paton,Sevilla
132,El Buen Fin,Paso de Cristo,1985,elforocofrade.es - Acompañamiento Musical a lo largo de la Historia,banda_raw=CCTT Maestro Paton,Sevilla
132,El Buen Fin,Paso de Cristo,1986,elforocofrade.es - Acompañamiento Musical a lo largo de la Historia,banda_raw=CCTT Maestro Paton,Sevilla
132,El Buen Fin,Paso de Cristo,1987,elforocofrade.es - Acompañamiento Musical a lo largo de la Historia,banda_raw=CCTT Maestro Paton,Sevilla
132,El Buen Fin,Paso de Cristo,1988,elforocofrade.es - Acompañamiento Musical a lo largo de la Historia,banda_raw=CCTT Maestro Paton,Sevilla
132,El Buen Fin,Paso de Cristo,1989,elforocofrade.es - Acompañamiento Musical a lo largo de la Historia,banda_raw=CCTT Maestro Paton,Sevilla
132,El Buen Fin,Paso de Cristo,1990,elforocofrade.es - Acompañamiento Musical a lo largo de la Historia,banda_raw=CCTT Maestro Paton,Sevilla
132,El Buen Fin,Paso de Cristo,1991,elforocofrade.es - Acompañamiento Musical a lo largo de la Historia,banda_raw=CCTT Maestro Paton,Sevilla
66,El Buen Fin,Paso de Palio,1993,elforocofrade.es - Acompañamiento Musical a lo largo de la Historia,banda_raw=BM Santa Maria de las Nieves de Olivares,Sevilla
66,El Buen Fin,Paso de Palio,1994,elforocofrade.es - Acompañamiento Musical a lo largo de la Historia,banda_raw=BM Santa Maria de las Nieves de Olivares,Sevilla
66,El Buen Fin,Paso de Palio,1995,elforocofrade.es - Acompañamiento Musical a lo largo de la Historia,banda_raw=BM Santa Maria de las Nieves de Olivares,Sevilla
66,El Buen Fin,Paso de Palio,1996,elforocofrade.es - Acompañamiento Musical a lo largo de la Historia,banda_raw=BM Santa Maria de las Nieves de Olivares,Sevilla
66,El Buen Fin,Paso de Palio,1997,elforocofrade.es - Acompañamiento Musical a lo largo de la Historia,banda_raw=BM Santa Maria de las Nieves de Olivares,Sevilla
66,El Buen Fin,Paso de Palio,1998,elforocofrade.es - Acompañamiento Musical a lo largo de la Historia,banda_raw=BM Santa Maria de las Nieves de Olivares,Sevilla
66,El Buen Fin,Paso de Palio,1999,elforocofrade.es - Acompañamiento Musical a lo largo de la Historia,banda_raw=BM Santa Maria de las Nieves de Olivares,Sevilla
66,El Buen Fin,Paso de Palio,2000,elforocofrade.es - Acompañamiento Musical a lo largo de la Historia,banda_raw=BM Santa Maria de las Nieves de Olivares,Sevilla
66,El Buen Fin,Paso de Palio,2001,elforocofrade.es - Acompañamiento Musical a lo largo de la Historia,banda_raw=BM Santa Maria de las Nieves de Olivares,Sevilla
66,El Buen Fin,Paso de Palio,2002,elforocofrade.es - Acompañamiento Musical a lo largo de la Historia,banda_raw=BM Santa Maria de las Nieves de Olivares,Sevilla
66,El Buen Fin,Paso de Palio,2003,elforocofrade.es - Acompañamiento Musical a lo largo de la Historia,banda_raw=BM Santa Maria de las Nieves de Olivares,Sevilla
66,El Buen Fin,Paso de Palio,2004,elforocofrade.es - Acompañamiento Musical a lo largo de la Historia,banda_raw=BM Santa Maria de las Nieves de Olivares,Sevilla
66,El Buen Fin,Paso de Palio,2005,elforocofrade.es - Acompañamiento Musical a lo largo de la Historia,banda_raw=BM Santa Maria de las Nieves de Olivares,Sevilla
66,El Buen Fin,Paso de Palio,2006,elforocofrade.es - Acompañamiento Musical a lo largo de la Historia,banda_raw=BM Santa Maria de las Nieves de Olivares,Sevilla
66,El Buen Fin,Paso de Palio,2007,elforocofrade.es - Acompañamiento Musical a lo largo de la Historia,banda_raw=BM Santa Maria de las Nieves de Olivares,Sevilla
66,El Buen Fin,Paso de Palio,2008,elforocofrade.es - Acompañamiento Musical a lo largo de la Historia,banda_raw=BM Santa Maria de las Nieves de Olivares,Sevilla
66,El Buen Fin,Paso de Palio,2009,elforocofrade.es - Acompañamiento Musical a lo largo de la Historia,banda_raw=BM Santa Maria de las Nieves de Olivares,Sevilla
66,El Buen Fin,Paso de Palio,2010,elforocofrade.es - Acompañamiento Musical a lo largo de la Historia,banda_raw=BM Santa Maria de las Nieves de Olivares,Sevilla
66,El Buen Fin,Paso de Palio,2011,elforocofrade.es - Acompañamiento Musical a lo largo de la Historia,banda_raw=BM Santa Maria de las Nieves de Olivares,Sevilla
66,El Buen Fin,Paso de Palio,2012,elforocofrade.es - Acompañamiento Musical a lo largo de la Historia,banda_raw=BM Santa Maria de las Nieves de Olivares,Sevilla
66,El Buen Fin,Paso de Palio,2013,elforocofrade.es - Acompañamiento Musical a lo largo de la Historia,banda_raw=BM Santa Maria de las Nieves de Olivares,Sevilla
66,El Buen Fin,Paso de Palio,2014,elforocofrade.es - Acompañamiento Musical a lo largo de la Historia,banda_raw=BM Santa Maria de las Nieves de Olivares,Sevilla
66,El Buen Fin,Paso de Palio,2015,elforocofrade.es - Acompañamiento Musical a lo largo de la Historia,banda_raw=BM Santa Maria de las Nieves de Olivares,Sevilla
66,El Buen Fin,Paso de Palio,2016,elforocofrade.es - Acompañamiento Musical a lo largo de la Historia,banda_raw=BM Santa Maria de las Nieves de Olivares,Sevilla
66,El Buen Fin,Paso de Palio,2017,elforocofrade.es - Acompañamiento Musical a lo largo de la Historia,banda_raw=BM Santa Maria de las Nieves de Olivares,Sevilla
66,El Buen Fin,Paso de Palio,2018,elforocofrade.es - Acompañamiento Musical a lo largo de la Historia,banda_raw=BM Santa Maria de las Nieves de Olivares,Sevilla
66,El Buen Fin,Paso de Palio,2019,elforocofrade.es - Acompañamiento Musical a lo largo de la Historia,banda_raw=BM Santa Maria de las Nieves de Olivares,Sevilla
205,La Lanzada,Paso de Misterio,1990,elforocofrade.es - Acompañamiento Musical a lo largo de la Historia,banda_raw=CCTT Tres Caidas,Sevilla
205,La Lanzada,Paso de Misterio,1991,elforocofrade.es - Acompañamiento Musical a lo largo de la Historia,banda_raw=CCTT Tres Caidas,Sevilla
205,La Lanzada,Paso de Misterio,1992,elforocofrade.es - Acompañamiento Musical a lo largo de la Historia,banda_raw=CCTT Tres Caidas,Sevilla
205,La Lanzada,Paso de Misterio,1993,elforocofrade.es - Acompañamiento Musical a lo largo de la Historia,banda_raw=CCTT Tres Caidas,Sevilla
205,La Lanzada,Paso de Misterio,1994,elforocofrade.es - Acompañamiento Musical a lo largo de la Historia,banda_raw=CCTT Tres Caidas,Sevilla
205,La Lanzada,Paso de Misterio,1995,elforocofrade.es - Acompañamiento Musical a lo largo de la Historia,banda_raw=CCTT Tres Caidas,Sevilla
205,La Lanzada,Paso de Misterio,1996,elforocofrade.es - Acompañamiento Musical a lo largo de la Historia,banda_raw=CCTT Tres Caidas,Sevilla
205,La Lanzada,Paso de Misterio,1997,elforocofrade.es - Acompañamiento Musical a lo largo de la Historia,banda_raw=CCTT Tres Caidas,Sevilla
205,La Lanzada,Paso de Misterio,1998,elforocofrade.es - Acompañamiento Musical a lo largo de la Historia,banda_raw=CCTT Tres Caidas,Sevilla
205,La Lanzada,Paso de Misterio,1999,elforocofrade.es - Acompañamiento Musical a lo largo de la Historia,banda_raw=CCTT Tres Caidas,Sevilla
205,La Lanzada,Paso de Misterio,2000,elforocofrade.es - Acompañamiento Musical a lo largo de la Historia,banda_raw=CCTT Tres Caidas,Sevilla
205,La Lanzada,Paso de Misterio,2001,elforocofrade.es - Acompañamiento Musical a lo largo de la Historia,banda_raw=CCTT Tres Caidas,Sevilla
205,La Lanzada,Paso de Misterio,2002,elforocofrade.es - Acompañamiento Musical a lo largo de la Historia,banda_raw=CCTT Tres Caidas,Sevilla
205,La Lanzada,Paso de Misterio,2003,elforocofrade.es - Acompañamiento Musical a lo largo de la Historia,banda_raw=CCTT Tres Caidas,Sevilla
205,La Lanzada,Paso de Misterio,2004,elforocofrade.es - Acompañamiento Musical a lo largo de la Historia,banda_raw=CCTT Tres Caidas,Sevilla
205,La Lanzada,Paso de Misterio,2005,elforocofrade.es - Acompañamiento Musical a lo largo de la Historia,banda_raw=CCTT Tres Caidas,Sevilla
205,La Lanzada,Paso de Misterio,2006,elforocofrade.es - Acompañamiento Musical a lo largo de la Historia,banda_raw=CCTT Tres Caidas,Sevilla
205,La Lanzada,Paso de Misterio,2007,elforocofrade.es - Acompañamiento Musical a lo largo de la Historia,banda_raw=CCTT Tres Caidas,Sevilla
205,La Lanzada,Paso de Misterio,2008,elforocofrade.es - Acompañamiento Musical a lo largo de la Historia,banda_raw=CCTT Tres Caidas,Sevilla
205,La Lanzada,Paso de Misterio,2009,elforocofrade.es - Acompañamiento Musical a lo largo de la Historia,banda_raw=CCTT Tres Caidas,Sevilla
205,La Lanzada,Paso de Misterio,2010,elforocofrade.es - Acompañamiento Musical a lo largo de la Historia,banda_raw=CCTT Tres Caidas,Sevilla
205,La Lanzada,Paso de Misterio,2011,elforocofrade.es - Acompañamiento Musical a lo largo de la Historia,banda_raw=CCTT Tres Caidas,Sevilla
205,La Lanzada,Paso de Misterio,2012,elforocofrade.es - Acompañamiento Musical a lo largo de la Historia,banda_raw=CCTT Tres Caidas,Sevilla
205,La Lanzada,Paso de Misterio,2013,elforocofrade.es - Acompañamiento Musical a lo largo de la Historia,banda_raw=CCTT Tres Caidas,Sevilla
205,La Lanzada,Paso de Misterio,2014,elforocofrade.es - Acompañamiento Musical a lo largo de la Historia,banda_raw=CCTT Tres Caidas,Sevilla
205,La Lanzada,Paso de Misterio,2015,elforocofrade.es - Acompañamiento Musical a lo largo de la Historia,banda_raw=CCTT Tres Caidas,Sevilla
205,La Lanzada,Paso de Misterio,2016,elforocofrade.es - Acompañamiento Musical a lo largo de la Historia,banda_raw=CCTT Tres Caidas,Sevilla
205,La Lanzada,Paso de Misterio,2017,elforocofrade.es - Acompañamiento Musical a lo largo de la Historia,banda_raw=CCTT Tres Caidas,Sevilla
205,La Lanzada,Paso de Misterio,2018,elforocofrade.es - Acompañamiento Musical a lo largo de la Historia,banda_raw=CCTT Tres Caidas,Sevilla
205,La Lanzada,Paso de Misterio,2019,elforocofrade.es - Acompañamiento Musical a lo largo de la Historia,banda_raw=CCTT Tres Caidas,Sevilla
105,La Lanzada,Paso de Palio,1980,elforocofrade.es - Acompañamiento Musical a lo largo de la Historia,banda_raw=BM Inmaculada (Soria 9),Sevilla
105,La Lanzada,Paso de Palio,1981,elforocofrade.es - Acompañamiento Musical a lo largo de la Historia,banda_raw=BM Inmaculada (Soria 9),Sevilla
105,La Lanzada,Paso de Palio,1982,elforocofrade.es - Acompañamiento Musical a lo largo de la Historia,banda_raw=BM Inmaculada (Soria 9),Sevilla
105,La Lanzada,Paso de Palio,1983,elforocofrade.es - Acompañamiento Musical a lo largo de la Historia,banda_raw=BM Inmaculada (Soria 9),Sevilla
105,La Lanzada,Paso de Palio,1984,elforocofrade.es - Acompañamiento Musical a lo largo de la Historia,banda_raw=BM Inmaculada (Soria 9),Sevilla
166,La Lanzada,Paso de Palio,1988,elforocofrade.es - Acompañamiento Musical a lo largo de la Historia,banda_raw=BM Esperanza de Triana,Sevilla
166,La Lanzada,Paso de Palio,1989,elforocofrade.es - Acompañamiento Musical a lo largo de la Historia,banda_raw=BM Esperanza de Triana,Sevilla
7,El Baratillo,Paso de Misterio,1982,elforocofrade.es - Acompañamiento Musical a lo largo de la Historia,banda_raw=CCTT Sol,Sevilla
7,El Baratillo,Paso de Misterio,1983,elforocofrade.es - Acompañamiento Musical a lo largo de la Historia,banda_raw=CCTT Sol,Sevilla
7,El Baratillo,Paso de Misterio,1984,elforocofrade.es - Acompañamiento Musical a lo largo de la Historia,banda_raw=CCTT Sol,Sevilla
7,El Baratillo,Paso de Misterio,1985,elforocofrade.es - Acompañamiento Musical a lo largo de la Historia,banda_raw=CCTT Sol,Sevilla
7,El Baratillo,Paso de Misterio,1986,elforocofrade.es - Acompañamiento Musical a lo largo de la Historia,banda_raw=CCTT Sol,Sevilla
7,El Baratillo,Paso de Misterio,1987,elforocofrade.es - Acompañamiento Musical a lo largo de la Historia,banda_raw=CCTT Sol,Sevilla
7,El Baratillo,Paso de Misterio,1988,elforocofrade.es - Acompañamiento Musical a lo largo de la Historia,banda_raw=CCTT Sol,Sevilla
7,El Baratillo,Paso de Misterio,1989,elforocofrade.es - Acompañamiento Musical a lo largo de la Historia,banda_raw=CCTT Sol,Sevilla
7,El Baratillo,Paso de Misterio,1991,elforocofrade.es - Acompañamiento Musical a lo largo de la Historia,banda_raw=CCTT Sol,Sevilla
7,El Baratillo,Paso de Misterio,1992,elforocofrade.es - Acompañamiento Musical a lo largo de la Historia,banda_raw=CCTT Sol,Sevilla
7,El Baratillo,Paso de Misterio,1993,elforocofrade.es - Acompañamiento Musical a lo largo de la Historia,banda_raw=CCTT Sol,Sevilla
7,El Baratillo,Paso de Misterio,2005,elforocofrade.es - Acompañamiento Musical a lo largo de la Historia,banda_raw=CCTT Sol,Sevilla
7,El Baratillo,Paso de Misterio,2006,elforocofrade.es - Acompañamiento Musical a lo largo de la Historia,banda_raw=CCTT Sol,Sevilla
7,El Baratillo,Paso de Misterio,2007,elforocofrade.es - Acompañamiento Musical a lo largo de la Historia,banda_raw=CCTT Sol,Sevilla
7,El Baratillo,Paso de Misterio,2008,elforocofrade.es - Acompañamiento Musical a lo largo de la Historia,banda_raw=CCTT Sol,Sevilla
7,El Baratillo,Paso de Misterio,2009,elforocofrade.es - Acompañamiento Musical a lo largo de la Historia,banda_raw=CCTT Sol,Sevilla
7,El Baratillo,Paso de Misterio,2010,elforocofrade.es - Acompañamiento Musical a lo largo de la Historia,banda_raw=CCTT Sol,Sevilla
7,El Baratillo,Paso de Misterio,2011,elforocofrade.es - Acompañamiento Musical a lo largo de la Historia,banda_raw=CCTT Sol,Sevilla
7,El Baratillo,Paso de Misterio,2012,elforocofrade.es - Acompañamiento Musical a lo largo de la Historia,banda_raw=CCTT Sol,Sevilla
7,El Baratillo,Paso de Misterio,2013,elforocofrade.es - Acompañamiento Musical a lo largo de la Historia,banda_raw=CCTT Sol,Sevilla
7,El Baratillo,Paso de Misterio,2014,elforocofrade.es - Acompañamiento Musical a lo largo de la Historia,banda_raw=CCTT Sol,Sevilla
7,El Baratillo,Paso de Misterio,2015,elforocofrade.es - Acompañamiento Musical a lo largo de la Historia,banda_raw=CCTT Sol,Sevilla
7,El Baratillo,Paso de Misterio,2016,elforocofrade.es - Acompañamiento Musical a lo largo de la Historia,banda_raw=CCTT Sol,Sevilla
7,El Baratillo,Paso de Misterio,2017,elforocofrade.es - Acompañamiento Musical a lo largo de la Historia,banda_raw=CCTT Sol,Sevilla
7,El Baratillo,Paso de Misterio,2018,elforocofrade.es - Acompañamiento Musical a lo largo de la Historia,banda_raw=CCTT Sol,Sevilla
7,El Baratillo,Paso de Misterio,2019,elforocofrade.es - Acompañamiento Musical a lo largo de la Historia,banda_raw=CCTT Sol,Sevilla
105,Cristo de Burgos,Paso de Palio,1981,elforocofrade.es - Acompañamiento Musical a lo largo de la Historia,banda_raw=BM Inmaculada (Soria 9),Sevilla
105,Cristo de Burgos,Paso de Palio,1982,elforocofrade.es - Acompañamiento Musical a lo largo de la Historia,banda_raw=BM Inmaculada (Soria 9),Sevilla
105,Cristo de Burgos,Paso de Palio,1983,elforocofrade.es - Acompañamiento Musical a lo largo de la Historia,banda_raw=BM Inmaculada (Soria 9),Sevilla
105,Cristo de Burgos,Paso de Palio,1984,elforocofrade.es - Acompañamiento Musical a lo largo de la Historia,banda_raw=BM Inmaculada (Soria 9),Sevilla
132,Las Siete Palabras,Paso de Misterio,1982,elforocofrade.es - Acompañamiento Musical a lo largo de la Historia,banda_raw=CCTT Maestro Paton,Sevilla
108,Las Siete Palabras,Paso de Misterio,1989,elforocofrade.es - Acompañamiento Musical a lo largo de la Historia,banda_raw=AM Trinidad,Sevilla
108,Las Siete Palabras,Paso de Misterio,1990,elforocofrade.es - Acompañamiento Musical a lo largo de la Historia,banda_raw=AM Trinidad,Sevilla
108,Las Siete Palabras,Paso de Misterio,1991,elforocofrade.es - Acompañamiento Musical a lo largo de la Historia,banda_raw=AM Trinidad,Sevilla
23,Las Siete Palabras,Paso de Misterio,1992,elforocofrade.es - Acompañamiento Musical a lo largo de la Historia,banda_raw=CCTT Presentacion al Pueblo de Dos Hermanas,Sevilla
23,Las Siete Palabras,Paso de Misterio,1993,elforocofrade.es - Acompañamiento Musical a lo largo de la Historia,banda_raw=CCTT Presentacion al Pueblo de Dos Hermanas,Sevilla
23,Las Siete Palabras,Paso de Misterio,1994,elforocofrade.es - Acompañamiento Musical a lo largo de la Historia,banda_raw=CCTT Presentacion al Pueblo de Dos Hermanas,Sevilla
23,Las Siete Palabras,Paso de Misterio,1995,elforocofrade.es - Acompañamiento Musical a lo largo de la Historia,banda_raw=CCTT Presentacion al Pueblo de Dos Hermanas,Sevilla
23,Las Siete Palabras,Paso de Misterio,1996,elforocofrade.es - Acompañamiento Musical a lo largo de la Historia,banda_raw=CCTT Presentacion al Pueblo de Dos Hermanas,Sevilla
23,Las Siete Palabras,Paso de Misterio,1997,elforocofrade.es - Acompañamiento Musical a lo largo de la Historia,banda_raw=CCTT Presentacion al Pueblo de Dos Hermanas,Sevilla
23,Las Siete Palabras,Paso de Misterio,1998,elforocofrade.es - Acompañamiento Musical a lo largo de la Historia,banda_raw=CCTT Presentacion al Pueblo de Dos Hermanas,Sevilla
23,Las Siete Palabras,Paso de Misterio,1999,elforocofrade.es - Acompañamiento Musical a lo largo de la Historia,banda_raw=CCTT Presentacion al Pueblo de Dos Hermanas,Sevilla
23,Las Siete Palabras,Paso de Misterio,2000,elforocofrade.es - Acompañamiento Musical a lo largo de la Historia,banda_raw=CCTT Presentacion al Pueblo de Dos Hermanas,Sevilla
23,Las Siete Palabras,Paso de Misterio,2001,elforocofrade.es - Acompañamiento Musical a lo largo de la Historia,banda_raw=CCTT Presentacion al Pueblo de Dos Hermanas,Sevilla
23,Las Siete Palabras,Paso de Misterio,2002,elforocofrade.es - Acompañamiento Musical a lo largo de la Historia,banda_raw=CCTT Presentacion al Pueblo de Dos Hermanas,Sevilla
23,Las Siete Palabras,Paso de Misterio,2003,elforocofrade.es - Acompañamiento Musical a lo largo de la Historia,banda_raw=CCTT Presentacion al Pueblo de Dos Hermanas,Sevilla
23,Las Siete Palabras,Paso de Misterio,2004,elforocofrade.es - Acompañamiento Musical a lo largo de la Historia,banda_raw=CCTT Presentacion al Pueblo de Dos Hermanas,Sevilla
23,Las Siete Palabras,Paso de Misterio,2005,elforocofrade.es - Acompañamiento Musical a lo largo de la Historia,banda_raw=CCTT Presentacion al Pueblo de Dos Hermanas,Sevilla
23,Las Siete Palabras,Paso de Misterio,2006,elforocofrade.es - Acompañamiento Musical a lo largo de la Historia,banda_raw=CCTT Presentacion al Pueblo de Dos Hermanas,Sevilla
113,Las Siete Palabras,Paso de Misterio,2011,elforocofrade.es - Acompañamiento Musical a lo largo de la Historia,banda_raw=CCTT Esencia,Sevilla
113,Las Siete Palabras,Paso de Misterio,2012,elforocofrade.es - Acompañamiento Musical a lo largo de la Historia,banda_raw=CCTT Esencia,Sevilla
113,Las Siete Palabras,Paso de Misterio,2013,elforocofrade.es - Acompañamiento Musical a lo largo de la Historia,banda_raw=CCTT Esencia,Sevilla
113,Las Siete Palabras,Paso de Misterio,2014,elforocofrade.es - Acompañamiento Musical a lo largo de la Historia,banda_raw=CCTT Esencia,Sevilla
113,Las Siete Palabras,Paso de Misterio,2015,elforocofrade.es - Acompañamiento Musical a lo largo de la Historia,banda_raw=CCTT Esencia,Sevilla
113,Las Siete Palabras,Paso de Misterio,2016,elforocofrade.es - Acompañamiento Musical a lo largo de la Historia,banda_raw=CCTT Esencia,Sevilla
113,Las Siete Palabras,Paso de Misterio,2017,elforocofrade.es - Acompañamiento Musical a lo largo de la Historia,banda_raw=CCTT Esencia,Sevilla
113,Las Siete Palabras,Paso de Misterio,2018,elforocofrade.es - Acompañamiento Musical a lo largo de la Historia,banda_raw=CCTT Esencia,Sevilla
113,Las Siete Palabras,Paso de Misterio,2019,elforocofrade.es - Acompañamiento Musical a lo largo de la Historia,banda_raw=CCTT Esencia,Sevilla
264,Los Panaderos,Paso de Misterio,1980,elforocofrade.es - Acompañamiento Musical a lo largo de la Historia,banda_raw=CCTT Policia Municipal,Sevilla
16,Los Panaderos,Paso de Misterio,1981,elforocofrade.es - Acompañamiento Musical a lo largo de la Historia,banda_raw=CCTT Las Cigarreras,Sevilla
16,Los Panaderos,Paso de Misterio,1982,elforocofrade.es - Acompañamiento Musical a lo largo de la Historia,banda_raw=CCTT Las Cigarreras,Sevilla
16,Los Panaderos,Paso de Misterio,1983,elforocofrade.es - Acompañamiento Musical a lo largo de la Historia,banda_raw=CCTT Las Cigarreras,Sevilla
16,Los Panaderos,Paso de Misterio,1984,elforocofrade.es - Acompañamiento Musical a lo largo de la Historia,banda_raw=CCTT Las Cigarreras,Sevilla
16,Los Panaderos,Paso de Misterio,1985,elforocofrade.es - Acompañamiento Musical a lo largo de la Historia,banda_raw=CCTT Las Cigarreras,Sevilla
16,Los Panaderos,Paso de Misterio,1986,elforocofrade.es - Acompañamiento Musical a lo largo de la Historia,banda_raw=CCTT Las Cigarreras,Sevilla
16,Los Panaderos,Paso de Misterio,1987,elforocofrade.es - Acompañamiento Musical a lo largo de la Historia,banda_raw=CCTT Las Cigarreras,Sevilla
16,Los Panaderos,Paso de Misterio,1988,elforocofrade.es - Acompañamiento Musical a lo largo de la Historia,banda_raw=CCTT Las Cigarreras,Sevilla
16,Los Panaderos,Paso de Misterio,1989,elforocofrade.es - Acompañamiento Musical a lo largo de la Historia,banda_raw=CCTT Las Cigarreras,Sevilla
16,Los Panaderos,Paso de Misterio,1990,elforocofrade.es - Acompañamiento Musical a lo largo de la Historia,banda_raw=CCTT Las Cigarreras,Sevilla
16,Los Panaderos,Paso de Misterio,1991,elforocofrade.es - Acompañamiento Musical a lo largo de la Historia,banda_raw=CCTT Las Cigarreras,Sevilla
16,Los Panaderos,Paso de Misterio,1992,elforocofrade.es - Acompañamiento Musical a lo largo de la Historia,banda_raw=CCTT Las Cigarreras,Sevilla
16,Los Panaderos,Paso de Misterio,1993,elforocofrade.es - Acompañamiento Musical a lo largo de la Historia,banda_raw=CCTT Las Cigarreras,Sevilla
7,Los Panaderos,Paso de Misterio,1994,elforocofrade.es - Acompañamiento Musical a lo largo de la Historia,banda_raw=CCTT Sol,Sevilla
7,Los Panaderos,Paso de Misterio,1995,elforocofrade.es - Acompañamiento Musical a lo largo de la Historia,banda_raw=CCTT Sol,Sevilla
7,Los Panaderos,Paso de Misterio,1996,elforocofrade.es - Acompañamiento Musical a lo largo de la Historia,banda_raw=CCTT Sol,Sevilla
7,Los Panaderos,Paso de Misterio,1997,elforocofrade.es - Acompañamiento Musical a lo largo de la Historia,banda_raw=CCTT Sol,Sevilla
7,Los Panaderos,Paso de Misterio,1998,elforocofrade.es - Acompañamiento Musical a lo largo de la Historia,banda_raw=CCTT Sol,Sevilla
7,Los Panaderos,Paso de Misterio,1999,elforocofrade.es - Acompañamiento Musical a lo largo de la Historia,banda_raw=CCTT Sol,Sevilla
7,Los Panaderos,Paso de Misterio,2000,elforocofrade.es - Acompañamiento Musical a lo largo de la Historia,banda_raw=CCTT Sol,Sevilla
7,Los Panaderos,Paso de Misterio,2001,elforocofrade.es - Acompañamiento Musical a lo largo de la Historia,banda_raw=CCTT Sol,Sevilla
7,Los Panaderos,Paso de Misterio,2002,elforocofrade.es - Acompañamiento Musical a lo largo de la Historia,banda_raw=CCTT Sol,Sevilla
16,Los Panaderos,Paso de Misterio,2003,elforocofrade.es - Acompañamiento Musical a lo largo de la Historia,banda_raw=CCTT Las Cigarreras,Sevilla
16,Los Panaderos,Paso de Misterio,2004,elforocofrade.es - Acompañamiento Musical a lo largo de la Historia,banda_raw=CCTT Las Cigarreras,Sevilla
16,Los Panaderos,Paso de Misterio,2005,elforocofrade.es - Acompañamiento Musical a lo largo de la Historia,banda_raw=CCTT Las Cigarreras,Sevilla
16,Los Panaderos,Paso de Misterio,2006,elforocofrade.es - Acompañamiento Musical a lo largo de la Historia,banda_raw=CCTT Las Cigarreras,Sevilla
16,Los Panaderos,Paso de Misterio,2007,elforocofrade.es - Acompañamiento Musical a lo largo de la Historia,banda_raw=CCTT Las Cigarreras,Sevilla
16,Los Panaderos,Paso de Misterio,2008,elforocofrade.es - Acompañamiento Musical a lo largo de la Historia,banda_raw=CCTT Las Cigarreras,Sevilla
16,Los Panaderos,Paso de Misterio,2009,elforocofrade.es - Acompañamiento Musical a lo largo de la Historia,banda_raw=CCTT Las Cigarreras,Sevilla
16,Los Panaderos,Paso de Misterio,2010,elforocofrade.es - Acompañamiento Musical a lo largo de la Historia,banda_raw=CCTT Las Cigarreras,Sevilla
16,Los Panaderos,Paso de Misterio,2011,elforocofrade.es - Acompañamiento Musical a lo largo de la Historia,banda_raw=CCTT Las Cigarreras,Sevilla
16,Los Panaderos,Paso de Misterio,2012,elforocofrade.es - Acompañamiento Musical a lo largo de la Historia,banda_raw=CCTT Las Cigarreras,Sevilla
16,Los Panaderos,Paso de Misterio,2013,elforocofrade.es - Acompañamiento Musical a lo largo de la Historia,banda_raw=CCTT Las Cigarreras,Sevilla
16,Los Panaderos,Paso de Misterio,2014,elforocofrade.es - Acompañamiento Musical a lo largo de la Historia,banda_raw=CCTT Las Cigarreras,Sevilla
16,Los Panaderos,Paso de Misterio,2015,elforocofrade.es - Acompañamiento Musical a lo largo de la Historia,banda_raw=CCTT Las Cigarreras,Sevilla
16,Los Panaderos,Paso de Misterio,2016,elforocofrade.es - Acompañamiento Musical a lo largo de la Historia,banda_raw=CCTT Las Cigarreras,Sevilla
16,Los Panaderos,Paso de Misterio,2017,elforocofrade.es - Acompañamiento Musical a lo largo de la Historia,banda_raw=CCTT Las Cigarreras,Sevilla
16,Los Panaderos,Paso de Misterio,2018,elforocofrade.es - Acompañamiento Musical a lo largo de la Historia,banda_raw=CCTT Las Cigarreras,Sevilla
16,Los Panaderos,Paso de Misterio,2019,elforocofrade.es - Acompañamiento Musical a lo largo de la Historia,banda_raw=CCTT Las Cigarreras,Sevilla
166,Los Panaderos,Paso de Palio,1981,elforocofrade.es - Acompañamiento Musical a lo largo de la Historia,banda_raw=BM Esperanza de Triana,Sevilla
166,Los Panaderos,Paso de Palio,1982,elforocofrade.es - Acompañamiento Musical a lo largo de la Historia,banda_raw=BM Esperanza de Triana,Sevilla
166,Los Panaderos,Paso de Palio,1983,elforocofrade.es - Acompañamiento Musical a lo largo de la Historia,banda_raw=BM Esperanza de Triana,Sevilla
166,Los Panaderos,Paso de Palio,1984,elforocofrade.es - Acompañamiento Musical a lo largo de la Historia,banda_raw=BM Esperanza de Triana,Sevilla
166,Los Panaderos,Paso de Palio,1985,elforocofrade.es - Acompañamiento Musical a lo largo de la Historia,banda_raw=BM Esperanza de Triana,Sevilla
166,Los Panaderos,Paso de Palio,1986,elforocofrade.es - Acompañamiento Musical a lo largo de la Historia,banda_raw=BM Esperanza de Triana,Sevilla
166,Los Panaderos,Paso de Palio,1998,elforocofrade.es - Acompañamiento Musical a lo largo de la Historia,banda_raw=BM Esperanza de Triana,Sevilla
166,Los Panaderos,Paso de Palio,1999,elforocofrade.es - Acompañamiento Musical a lo largo de la Historia,banda_raw=BM Esperanza de Triana,Sevilla
166,Los Panaderos,Paso de Palio,2000,elforocofrade.es - Acompañamiento Musical a lo largo de la Historia,banda_raw=BM Esperanza de Triana,Sevilla
166,Los Panaderos,Paso de Palio,2001,elforocofrade.es - Acompañamiento Musical a lo largo de la Historia,banda_raw=BM Esperanza de Triana,Sevilla
166,Los Panaderos,Paso de Palio,2002,elforocofrade.es - Acompañamiento Musical a lo largo de la Historia,banda_raw=BM Esperanza de Triana,Sevilla
166,Los Negritos,Paso de Virgen,1999,elforocofrade.es - Acompañamiento Musical a lo largo de la Historia,banda_raw=BM Esperanza de Triana,Sevilla
166,Los Negritos,Paso de Virgen,2000,elforocofrade.es - Acompañamiento Musical a lo largo de la Historia,banda_raw=BM Esperanza de Triana,Sevilla
166,Los Negritos,Paso de Virgen,2001,elforocofrade.es - Acompañamiento Musical a lo largo de la Historia,banda_raw=BM Esperanza de Triana,Sevilla
166,Los Negritos,Paso de Virgen,2002,elforocofrade.es - Acompañamiento Musical a lo largo de la Historia,banda_raw=BM Esperanza de Triana,Sevilla
166,Los Negritos,Paso de Virgen,2003,elforocofrade.es - Acompañamiento Musical a lo largo de la Historia,banda_raw=BM Esperanza de Triana,Sevilla
66,Los Negritos,Paso de Virgen,2006,elforocofrade.es - Acompañamiento Musical a lo largo de la Historia,banda_raw=BM Nuestra Senora de las Nieves de Olivares,Sevilla
66,Los Negritos,Paso de Virgen,2007,elforocofrade.es - Acompañamiento Musical a lo largo de la Historia,banda_raw=BM Nuestra Senora de las Nieves de Olivares,Sevilla
66,Los Negritos,Paso de Virgen,2008,elforocofrade.es - Acompañamiento Musical a lo largo de la Historia,banda_raw=BM Nuestra Senora de las Nieves de Olivares,Sevilla
66,Los Negritos,Paso de Virgen,2009,elforocofrade.es - Acompañamiento Musical a lo largo de la Historia,banda_raw=BM Nuestra Senora de las Nieves de Olivares,Sevilla
66,Los Negritos,Paso de Virgen,2010,elforocofrade.es - Acompañamiento Musical a lo largo de la Historia,banda_raw=BM Nuestra Senora de las Nieves de Olivares,Sevilla
66,Los Negritos,Paso de Virgen,2011,elforocofrade.es - Acompañamiento Musical a lo largo de la Historia,banda_raw=BM Nuestra Senora de las Nieves de Olivares,Sevilla
66,Los Negritos,Paso de Virgen,2012,elforocofrade.es - Acompañamiento Musical a lo largo de la Historia,banda_raw=BM Nuestra Senora de las Nieves de Olivares,Sevilla
66,Los Negritos,Paso de Virgen,2013,elforocofrade.es - Acompañamiento Musical a lo largo de la Historia,banda_raw=BM Nuestra Senora de las Nieves de Olivares,Sevilla
66,Los Negritos,Paso de Virgen,2014,elforocofrade.es - Acompañamiento Musical a lo largo de la Historia,banda_raw=BM Nuestra Senora de las Nieves de Olivares,Sevilla
66,Los Negritos,Paso de Virgen,2015,elforocofrade.es - Acompañamiento Musical a lo largo de la Historia,banda_raw=BM Nuestra Senora de las Nieves de Olivares,Sevilla
66,Los Negritos,Paso de Virgen,2016,elforocofrade.es - Acompañamiento Musical a lo largo de la Historia,banda_raw=BM Nuestra Senora de las Nieves de Olivares,Sevilla
66,Los Negritos,Paso de Virgen,2017,elforocofrade.es - Acompañamiento Musical a lo largo de la Historia,banda_raw=BM Nuestra Senora de las Nieves de Olivares,Sevilla
66,Los Negritos,Paso de Virgen,2018,elforocofrade.es - Acompañamiento Musical a lo largo de la Historia,banda_raw=BM Nuestra Senora de las Nieves de Olivares,Sevilla
66,Los Negritos,Paso de Virgen,2019,elforocofrade.es - Acompañamiento Musical a lo largo de la Historia,banda_raw=BM Nuestra Senora de las Nieves de Olivares,Sevilla
244,La Exaltacion,Paso de Misterio,1980,elforocofrade.es - Acompañamiento Musical a lo largo de la Historia,banda_raw=AM Lanzada,Sevilla
244,La Exaltacion,Paso de Misterio,1981,elforocofrade.es - Acompañamiento Musical a lo largo de la Historia,banda_raw=AM Lanzada,Sevilla
244,La Exaltacion,Paso de Misterio,1982,elforocofrade.es - Acompañamiento Musical a lo largo de la Historia,banda_raw=AM Lanzada,Sevilla
244,La Exaltacion,Paso de Misterio,1983,elforocofrade.es - Acompañamiento Musical a lo largo de la Historia,banda_raw=AM Lanzada,Sevilla
6,La Exaltacion,Paso de Misterio,1992,elforocofrade.es - Acompañamiento Musical a lo largo de la Historia,banda_raw=AM Virgen de los Reyes,Sevilla
6,La Exaltacion,Paso de Misterio,1993,elforocofrade.es - Acompañamiento Musical a lo largo de la Historia,banda_raw=AM Virgen de los Reyes,Sevilla
6,La Exaltacion,Paso de Misterio,1994,elforocofrade.es - Acompañamiento Musical a lo largo de la Historia,banda_raw=AM Virgen de los Reyes,Sevilla
211,La Exaltacion,Paso de Misterio,1995,elforocofrade.es - Acompañamiento Musical a lo largo de la Historia,banda_raw=CCTT San Francisco Javier,Sevilla
211,La Exaltacion,Paso de Misterio,1996,elforocofrade.es - Acompañamiento Musical a lo largo de la Historia,banda_raw=CCTT San Francisco Javier,Sevilla
211,La Exaltacion,Paso de Misterio,1997,elforocofrade.es - Acompañamiento Musical a lo largo de la Historia,banda_raw=CCTT San Francisco Javier,Sevilla
77,La Exaltacion,Paso de Misterio,1998,elforocofrade.es - Acompañamiento Musical a lo largo de la Historia,banda_raw=CCTT Exaltacion,Sevilla
77,La Exaltacion,Paso de Misterio,1999,elforocofrade.es - Acompañamiento Musical a lo largo de la Historia,banda_raw=CCTT Exaltacion,Sevilla
77,La Exaltacion,Paso de Misterio,2000,elforocofrade.es - Acompañamiento Musical a lo largo de la Historia,banda_raw=CCTT Exaltacion,Sevilla
77,La Exaltacion,Paso de Misterio,2001,elforocofrade.es - Acompañamiento Musical a lo largo de la Historia,banda_raw=CCTT Exaltacion,Sevilla
77,La Exaltacion,Paso de Misterio,2002,elforocofrade.es - Acompañamiento Musical a lo largo de la Historia,banda_raw=CCTT Exaltacion,Sevilla
7,La Exaltacion,Paso de Misterio,2003,elforocofrade.es - Acompañamiento Musical a lo largo de la Historia,banda_raw=CCTT Sol,Sevilla
7,La Exaltacion,Paso de Misterio,2004,elforocofrade.es - Acompañamiento Musical a lo largo de la Historia,banda_raw=CCTT Sol,Sevilla
7,La Exaltacion,Paso de Misterio,2005,elforocofrade.es - Acompañamiento Musical a lo largo de la Historia,banda_raw=CCTT Sol,Sevilla
7,La Exaltacion,Paso de Misterio,2006,elforocofrade.es - Acompañamiento Musical a lo largo de la Historia,banda_raw=CCTT Sol,Sevilla
7,La Exaltacion,Paso de Misterio,2007,elforocofrade.es - Acompañamiento Musical a lo largo de la Historia,banda_raw=CCTT Sol,Sevilla
7,La Exaltacion,Paso de Misterio,2008,elforocofrade.es - Acompañamiento Musical a lo largo de la Historia,banda_raw=CCTT Sol,Sevilla
7,La Exaltacion,Paso de Misterio,2009,elforocofrade.es - Acompañamiento Musical a lo largo de la Historia,banda_raw=CCTT Sol,Sevilla
7,La Exaltacion,Paso de Misterio,2010,elforocofrade.es - Acompañamiento Musical a lo largo de la Historia,banda_raw=CCTT Sol,Sevilla
7,La Exaltacion,Paso de Misterio,2011,elforocofrade.es - Acompañamiento Musical a lo largo de la Historia,banda_raw=CCTT Sol,Sevilla
7,La Exaltacion,Paso de Misterio,2012,elforocofrade.es - Acompañamiento Musical a lo largo de la Historia,banda_raw=CCTT Sol,Sevilla
7,La Exaltacion,Paso de Misterio,2013,elforocofrade.es - Acompañamiento Musical a lo largo de la Historia,banda_raw=CCTT Sol,Sevilla
7,La Exaltacion,Paso de Misterio,2014,elforocofrade.es - Acompañamiento Musical a lo largo de la Historia,banda_raw=CCTT Sol,Sevilla
7,La Exaltacion,Paso de Misterio,2015,elforocofrade.es - Acompañamiento Musical a lo largo de la Historia,banda_raw=CCTT Sol,Sevilla
7,La Exaltacion,Paso de Misterio,2016,elforocofrade.es - Acompañamiento Musical a lo largo de la Historia,banda_raw=CCTT Sol,Sevilla
7,La Exaltacion,Paso de Misterio,2017,elforocofrade.es - Acompañamiento Musical a lo largo de la Historia,banda_raw=CCTT Sol,Sevilla
7,La Exaltacion,Paso de Misterio,2018,elforocofrade.es - Acompañamiento Musical a lo largo de la Historia,banda_raw=CCTT Sol,Sevilla
166,La Exaltacion,Paso de Misterio,2019,elforocofrade.es - Acompañamiento Musical a lo largo de la Historia,banda_raw=CCTT Paso y Esperanza de Malaga,Sevilla
166,La Exaltacion,Paso de Palio,1980,elforocofrade.es - Acompañamiento Musical a lo largo de la Historia,banda_raw=BM Esperanza de Triana,Sevilla
166,La Exaltacion,Paso de Palio,1981,elforocofrade.es - Acompañamiento Musical a lo largo de la Historia,banda_raw=BM Esperanza de Triana,Sevilla
166,La Exaltacion,Paso de Palio,1982,elforocofrade.es - Acompañamiento Musical a lo largo de la Historia,banda_raw=BM Esperanza de Triana,Sevilla
166,La Exaltacion,Paso de Palio,1983,elforocofrade.es - Acompañamiento Musical a lo largo de la Historia,banda_raw=BM Esperanza de Triana,Sevilla
166,La Exaltacion,Paso de Palio,1984,elforocofrade.es - Acompañamiento Musical a lo largo de la Historia,banda_raw=BM Esperanza de Triana,Sevilla
166,La Exaltacion,Paso de Palio,1985,elforocofrade.es - Acompañamiento Musical a lo largo de la Historia,banda_raw=BM Esperanza de Triana,Sevilla
166,La Exaltacion,Paso de Palio,1986,elforocofrade.es - Acompañamiento Musical a lo largo de la Historia,banda_raw=BM Esperanza de Triana,Sevilla
166,La Exaltacion,Paso de Palio,1987,elforocofrade.es - Acompañamiento Musical a lo largo de la Historia,banda_raw=BM Esperanza de Triana,Sevilla
166,La Exaltacion,Paso de Palio,1988,elforocofrade.es - Acompañamiento Musical a lo largo de la Historia,banda_raw=BM Esperanza de Triana,Sevilla
166,La Exaltacion,Paso de Palio,1989,elforocofrade.es - Acompañamiento Musical a lo largo de la Historia,banda_raw=BM Esperanza de Triana,Sevilla
166,La Exaltacion,Paso de Palio,1990,elforocofrade.es - Acompañamiento Musical a lo largo de la Historia,banda_raw=BM Esperanza de Triana,Sevilla
7,La Exaltacion,Paso de Palio,2005,elforocofrade.es - Acompañamiento Musical a lo largo de la Historia,banda_raw=BM Nuestra Senora del Sol,Sevilla
7,La Exaltacion,Paso de Palio,2006,elforocofrade.es - Acompañamiento Musical a lo largo de la Historia,banda_raw=BM Nuestra Senora del Sol,Sevilla
7,La Exaltacion,Paso de Palio,2007,elforocofrade.es - Acompañamiento Musical a lo largo de la Historia,banda_raw=BM Nuestra Senora del Sol,Sevilla
7,La Exaltacion,Paso de Palio,2008,elforocofrade.es - Acompañamiento Musical a lo largo de la Historia,banda_raw=BM Nuestra Senora del Sol,Sevilla
7,La Exaltacion,Paso de Palio,2009,elforocofrade.es - Acompañamiento Musical a lo largo de la Historia,banda_raw=BM Nuestra Senora del Sol,Sevilla
7,La Exaltacion,Paso de Palio,2010,elforocofrade.es - Acompañamiento Musical a lo largo de la Historia,banda_raw=BM Nuestra Senora del Sol,Sevilla
275,La Exaltacion,Paso de Palio,2011,elforocofrade.es - Acompañamiento Musical a lo largo de la Historia,banda_raw=Banda Municipal de Arahal,Sevilla
275,La Exaltacion,Paso de Palio,2012,elforocofrade.es - Acompañamiento Musical a lo largo de la Historia,banda_raw=Banda Municipal de Arahal,Sevilla
275,La Exaltacion,Paso de Palio,2013,elforocofrade.es - Acompañamiento Musical a lo largo de la Historia,banda_raw=Banda Municipal de Arahal,Sevilla
275,La Exaltacion,Paso de Palio,2014,elforocofrade.es - Acompañamiento Musical a lo largo de la Historia,banda_raw=Banda Municipal de Arahal,Sevilla
275,La Exaltacion,Paso de Palio,2015,elforocofrade.es - Acompañamiento Musical a lo largo de la Historia,banda_raw=Banda Municipal de Arahal,Sevilla
275,La Exaltacion,Paso de Palio,2016,elforocofrade.es - Acompañamiento Musical a lo largo de la Historia,banda_raw=Banda Municipal de Arahal,Sevilla
275,La Exaltacion,Paso de Palio,2017,elforocofrade.es - Acompañamiento Musical a lo largo de la Historia,banda_raw=Banda Municipal de Arahal,Sevilla
275,La Exaltacion,Paso de Palio,2018,elforocofrade.es - Acompañamiento Musical a lo largo de la Historia,banda_raw=Banda Municipal de Arahal,Sevilla
275,La Exaltacion,Paso de Palio,2019,elforocofrade.es - Acompañamiento Musical a lo largo de la Historia,banda_raw=Banda Municipal de Arahal,Sevilla
16,Las Cigarreras,Paso de Misterio,1980,elforocofrade.es - Acompañamiento Musical a lo largo de la Historia,banda_raw=CCTT Las Cigarreras,Sevilla
16,Las Cigarreras,Paso de Misterio,1981,elforocofrade.es - Acompañamiento Musical a lo largo de la Historia,banda_raw=CCTT Las Cigarreras,Sevilla
16,Las Cigarreras,Paso de Misterio,1982,elforocofrade.es - Acompañamiento Musical a lo largo de la Historia,banda_raw=CCTT Las Cigarreras,Sevilla
16,Las Cigarreras,Paso de Misterio,1983,elforocofrade.es - Acompañamiento Musical a lo largo de la Historia,banda_raw=CCTT Las Cigarreras,Sevilla
16,Las Cigarreras,Paso de Misterio,1984,elforocofrade.es - Acompañamiento Musical a lo largo de la Historia,banda_raw=CCTT Las Cigarreras,Sevilla
16,Las Cigarreras,Paso de Misterio,1985,elforocofrade.es - Acompañamiento Musical a lo largo de la Historia,banda_raw=CCTT Las Cigarreras,Sevilla
16,Las Cigarreras,Paso de Misterio,1986,elforocofrade.es - Acompañamiento Musical a lo largo de la Historia,banda_raw=CCTT Las Cigarreras,Sevilla
16,Las Cigarreras,Paso de Misterio,1987,elforocofrade.es - Acompañamiento Musical a lo largo de la Historia,banda_raw=CCTT Las Cigarreras,Sevilla
16,Las Cigarreras,Paso de Misterio,1988,elforocofrade.es - Acompañamiento Musical a lo largo de la Historia,banda_raw=CCTT Las Cigarreras,Sevilla
16,Las Cigarreras,Paso de Misterio,1989,elforocofrade.es - Acompañamiento Musical a lo largo de la Historia,banda_raw=CCTT Las Cigarreras,Sevilla
16,Las Cigarreras,Paso de Misterio,1990,elforocofrade.es - Acompañamiento Musical a lo largo de la Historia,banda_raw=CCTT Las Cigarreras,Sevilla
16,Las Cigarreras,Paso de Misterio,1991,elforocofrade.es - Acompañamiento Musical a lo largo de la Historia,banda_raw=CCTT Las Cigarreras,Sevilla
16,Las Cigarreras,Paso de Misterio,1992,elforocofrade.es - Acompañamiento Musical a lo largo de la Historia,banda_raw=CCTT Las Cigarreras,Sevilla
16,Las Cigarreras,Paso de Misterio,1993,elforocofrade.es - Acompañamiento Musical a lo largo de la Historia,banda_raw=CCTT Las Cigarreras,Sevilla
16,Las Cigarreras,Paso de Misterio,1994,elforocofrade.es - Acompañamiento Musical a lo largo de la Historia,banda_raw=CCTT Las Cigarreras,Sevilla
16,Las Cigarreras,Paso de Misterio,1995,elforocofrade.es - Acompañamiento Musical a lo largo de la Historia,banda_raw=CCTT Las Cigarreras,Sevilla
16,Las Cigarreras,Paso de Misterio,1996,elforocofrade.es - Acompañamiento Musical a lo largo de la Historia,banda_raw=CCTT Las Cigarreras,Sevilla
16,Las Cigarreras,Paso de Misterio,1997,elforocofrade.es - Acompañamiento Musical a lo largo de la Historia,banda_raw=CCTT Las Cigarreras,Sevilla
16,Las Cigarreras,Paso de Misterio,1998,elforocofrade.es - Acompañamiento Musical a lo largo de la Historia,banda_raw=CCTT Las Cigarreras,Sevilla
16,Las Cigarreras,Paso de Misterio,1999,elforocofrade.es - Acompañamiento Musical a lo largo de la Historia,banda_raw=CCTT Las Cigarreras,Sevilla
16,Las Cigarreras,Paso de Misterio,2000,elforocofrade.es - Acompañamiento Musical a lo largo de la Historia,banda_raw=CCTT Las Cigarreras,Sevilla
16,Las Cigarreras,Paso de Misterio,2001,elforocofrade.es - Acompañamiento Musical a lo largo de la Historia,banda_raw=CCTT Las Cigarreras,Sevilla
16,Las Cigarreras,Paso de Misterio,2002,elforocofrade.es - Acompañamiento Musical a lo largo de la Historia,banda_raw=CCTT Las Cigarreras,Sevilla
16,Las Cigarreras,Paso de Misterio,2003,elforocofrade.es - Acompañamiento Musical a lo largo de la Historia,banda_raw=CCTT Las Cigarreras,Sevilla
16,Las Cigarreras,Paso de Misterio,2004,elforocofrade.es - Acompañamiento Musical a lo largo de la Historia,banda_raw=CCTT Las Cigarreras,Sevilla
16,Las Cigarreras,Paso de Misterio,2005,elforocofrade.es - Acompañamiento Musical a lo largo de la Historia,banda_raw=CCTT Las Cigarreras,Sevilla
16,Las Cigarreras,Paso de Misterio,2006,elforocofrade.es - Acompañamiento Musical a lo largo de la Historia,banda_raw=CCTT Las Cigarreras,Sevilla
16,Las Cigarreras,Paso de Misterio,2007,elforocofrade.es - Acompañamiento Musical a lo largo de la Historia,banda_raw=CCTT Las Cigarreras,Sevilla
16,Las Cigarreras,Paso de Misterio,2008,elforocofrade.es - Acompañamiento Musical a lo largo de la Historia,banda_raw=CCTT Las Cigarreras,Sevilla
16,Las Cigarreras,Paso de Misterio,2009,elforocofrade.es - Acompañamiento Musical a lo largo de la Historia,banda_raw=CCTT Las Cigarreras,Sevilla
16,Las Cigarreras,Paso de Misterio,2010,elforocofrade.es - Acompañamiento Musical a lo largo de la Historia,banda_raw=CCTT Las Cigarreras,Sevilla
16,Las Cigarreras,Paso de Misterio,2011,elforocofrade.es - Acompañamiento Musical a lo largo de la Historia,banda_raw=CCTT Las Cigarreras,Sevilla
16,Las Cigarreras,Paso de Misterio,2012,elforocofrade.es - Acompañamiento Musical a lo largo de la Historia,banda_raw=CCTT Las Cigarreras,Sevilla
16,Las Cigarreras,Paso de Misterio,2013,elforocofrade.es - Acompañamiento Musical a lo largo de la Historia,banda_raw=CCTT Las Cigarreras,Sevilla
16,Las Cigarreras,Paso de Misterio,2014,elforocofrade.es - Acompañamiento Musical a lo largo de la Historia,banda_raw=CCTT Las Cigarreras,Sevilla
16,Las Cigarreras,Paso de Misterio,2015,elforocofrade.es - Acompañamiento Musical a lo largo de la Historia,banda_raw=CCTT Las Cigarreras,Sevilla
16,Las Cigarreras,Paso de Misterio,2016,elforocofrade.es - Acompañamiento Musical a lo largo de la Historia,banda_raw=CCTT Las Cigarreras,Sevilla
16,Las Cigarreras,Paso de Misterio,2017,elforocofrade.es - Acompañamiento Musical a lo largo de la Historia,banda_raw=CCTT Las Cigarreras,Sevilla
16,Las Cigarreras,Paso de Misterio,2018,elforocofrade.es - Acompañamiento Musical a lo largo de la Historia,banda_raw=CCTT Las Cigarreras,Sevilla
16,Las Cigarreras,Paso de Misterio,2019,elforocofrade.es - Acompañamiento Musical a lo largo de la Historia,banda_raw=CCTT Las Cigarreras,Sevilla
7,Montesion,Paso de Misterio,1994,elforocofrade.es - Acompañamiento Musical a lo largo de la Historia,banda_raw=CCTT Sol,Sevilla
7,Montesion,Paso de Misterio,1995,elforocofrade.es - Acompañamiento Musical a lo largo de la Historia,banda_raw=CCTT Sol,Sevilla
7,Montesion,Paso de Misterio,1996,elforocofrade.es - Acompañamiento Musical a lo largo de la Historia,banda_raw=CCTT Sol,Sevilla
7,Montesion,Paso de Misterio,1997,elforocofrade.es - Acompañamiento Musical a lo largo de la Historia,banda_raw=CCTT Sol,Sevilla
7,Montesion,Paso de Misterio,1998,elforocofrade.es - Acompañamiento Musical a lo largo de la Historia,banda_raw=CCTT Sol,Sevilla
7,Montesion,Paso de Misterio,1999,elforocofrade.es - Acompañamiento Musical a lo largo de la Historia,banda_raw=CCTT Sol,Sevilla
7,Montesion,Paso de Misterio,2000,elforocofrade.es - Acompañamiento Musical a lo largo de la Historia,banda_raw=CCTT Sol,Sevilla
7,Montesion,Paso de Misterio,2001,elforocofrade.es - Acompañamiento Musical a lo largo de la Historia,banda_raw=CCTT Sol,Sevilla
7,Montesion,Paso de Misterio,2002,elforocofrade.es - Acompañamiento Musical a lo largo de la Historia,banda_raw=CCTT Sol,Sevilla
75,Montesion,Paso de Misterio,2003,elforocofrade.es - Acompañamiento Musical a lo largo de la Historia,banda_raw=CCTT Corona de Espinas,Sevilla
75,Montesion,Paso de Misterio,2004,elforocofrade.es - Acompañamiento Musical a lo largo de la Historia,banda_raw=CCTT Corona de Espinas,Sevilla
75,Montesion,Paso de Misterio,2005,elforocofrade.es - Acompañamiento Musical a lo largo de la Historia,banda_raw=CCTT Corona de Espinas,Sevilla
105,El Valle,Paso de Palio,1982,elforocofrade.es - Acompañamiento Musical a lo largo de la Historia,banda_raw=BM Inmaculada (Soria 9),Sevilla
105,El Valle,Paso de Palio,1983,elforocofrade.es - Acompañamiento Musical a lo largo de la Historia,banda_raw=BM Inmaculada (Soria 9),Sevilla
105,El Valle,Paso de Palio,1984,elforocofrade.es - Acompañamiento Musical a lo largo de la Historia,banda_raw=BM Inmaculada (Soria 9),Sevilla
205,La Esperanza de Triana,Paso de Misterio,1981,elforocofrade.es - Acompañamiento Musical a lo largo de la Historia,banda_raw=CCTT Tres Caidas,Sevilla
205,La Esperanza de Triana,Paso de Misterio,1982,elforocofrade.es - Acompañamiento Musical a lo largo de la Historia,banda_raw=CCTT Tres Caidas,Sevilla
205,La Esperanza de Triana,Paso de Misterio,1983,elforocofrade.es - Acompañamiento Musical a lo largo de la Historia,banda_raw=CCTT Tres Caidas,Sevilla
205,La Esperanza de Triana,Paso de Misterio,1984,elforocofrade.es - Acompañamiento Musical a lo largo de la Historia,banda_raw=CCTT Tres Caidas,Sevilla
205,La Esperanza de Triana,Paso de Misterio,1985,elforocofrade.es - Acompañamiento Musical a lo largo de la Historia,banda_raw=CCTT Tres Caidas,Sevilla
205,La Esperanza de Triana,Paso de Misterio,1986,elforocofrade.es - Acompañamiento Musical a lo largo de la Historia,banda_raw=CCTT Tres Caidas,Sevilla
205,La Esperanza de Triana,Paso de Misterio,1987,elforocofrade.es - Acompañamiento Musical a lo largo de la Historia,banda_raw=CCTT Tres Caidas,Sevilla
205,La Esperanza de Triana,Paso de Misterio,1988,elforocofrade.es - Acompañamiento Musical a lo largo de la Historia,banda_raw=CCTT Tres Caidas,Sevilla
205,La Esperanza de Triana,Paso de Misterio,1989,elforocofrade.es - Acompañamiento Musical a lo largo de la Historia,banda_raw=CCTT Tres Caidas,Sevilla
205,La Esperanza de Triana,Paso de Misterio,1990,elforocofrade.es - Acompañamiento Musical a lo largo de la Historia,banda_raw=CCTT Tres Caidas,Sevilla
205,La Esperanza de Triana,Paso de Misterio,1991,elforocofrade.es - Acompañamiento Musical a lo largo de la Historia,banda_raw=CCTT Tres Caidas,Sevilla
205,La Esperanza de Triana,Paso de Misterio,1992,elforocofrade.es - Acompañamiento Musical a lo largo de la Historia,banda_raw=CCTT Tres Caidas,Sevilla
205,La Esperanza de Triana,Paso de Misterio,1993,elforocofrade.es - Acompañamiento Musical a lo largo de la Historia,banda_raw=CCTT Tres Caidas,Sevilla
205,La Esperanza de Triana,Paso de Misterio,1994,elforocofrade.es - Acompañamiento Musical a lo largo de la Historia,banda_raw=CCTT Tres Caidas,Sevilla
205,La Esperanza de Triana,Paso de Misterio,1995,elforocofrade.es - Acompañamiento Musical a lo largo de la Historia,banda_raw=CCTT Tres Caidas,Sevilla
205,La Esperanza de Triana,Paso de Misterio,1996,elforocofrade.es - Acompañamiento Musical a lo largo de la Historia,banda_raw=CCTT Tres Caidas,Sevilla
205,La Esperanza de Triana,Paso de Misterio,1997,elforocofrade.es - Acompañamiento Musical a lo largo de la Historia,banda_raw=CCTT Tres Caidas,Sevilla
205,La Esperanza de Triana,Paso de Misterio,1998,elforocofrade.es - Acompañamiento Musical a lo largo de la Historia,banda_raw=CCTT Tres Caidas,Sevilla
205,La Esperanza de Triana,Paso de Misterio,1999,elforocofrade.es - Acompañamiento Musical a lo largo de la Historia,banda_raw=CCTT Tres Caidas,Sevilla
205,La Esperanza de Triana,Paso de Misterio,2000,elforocofrade.es - Acompañamiento Musical a lo largo de la Historia,banda_raw=CCTT Tres Caidas,Sevilla
205,La Esperanza de Triana,Paso de Misterio,2001,elforocofrade.es - Acompañamiento Musical a lo largo de la Historia,banda_raw=CCTT Tres Caidas,Sevilla
205,La Esperanza de Triana,Paso de Misterio,2002,elforocofrade.es - Acompañamiento Musical a lo largo de la Historia,banda_raw=CCTT Tres Caidas,Sevilla
205,La Esperanza de Triana,Paso de Misterio,2003,elforocofrade.es - Acompañamiento Musical a lo largo de la Historia,banda_raw=CCTT Tres Caidas,Sevilla
205,La Esperanza de Triana,Paso de Misterio,2004,elforocofrade.es - Acompañamiento Musical a lo largo de la Historia,banda_raw=CCTT Tres Caidas,Sevilla
205,La Esperanza de Triana,Paso de Misterio,2005,elforocofrade.es - Acompañamiento Musical a lo largo de la Historia,banda_raw=CCTT Tres Caidas,Sevilla
205,La Esperanza de Triana,Paso de Misterio,2006,elforocofrade.es - Acompañamiento Musical a lo largo de la Historia,banda_raw=CCTT Tres Caidas,Sevilla
205,La Esperanza de Triana,Paso de Misterio,2007,elforocofrade.es - Acompañamiento Musical a lo largo de la Historia,banda_raw=CCTT Tres Caidas,Sevilla
205,La Esperanza de Triana,Paso de Misterio,2008,elforocofrade.es - Acompañamiento Musical a lo largo de la Historia,banda_raw=CCTT Tres Caidas,Sevilla
205,La Esperanza de Triana,Paso de Misterio,2009,elforocofrade.es - Acompañamiento Musical a lo largo de la Historia,banda_raw=CCTT Tres Caidas,Sevilla
205,La Esperanza de Triana,Paso de Misterio,2010,elforocofrade.es - Acompañamiento Musical a lo largo de la Historia,banda_raw=CCTT Tres Caidas,Sevilla
205,La Esperanza de Triana,Paso de Misterio,2011,elforocofrade.es - Acompañamiento Musical a lo largo de la Historia,banda_raw=CCTT Tres Caidas,Sevilla
205,La Esperanza de Triana,Paso de Misterio,2012,elforocofrade.es - Acompañamiento Musical a lo largo de la Historia,banda_raw=CCTT Tres Caidas,Sevilla
205,La Esperanza de Triana,Paso de Misterio,2013,elforocofrade.es - Acompañamiento Musical a lo largo de la Historia,banda_raw=CCTT Tres Caidas,Sevilla
205,La Esperanza de Triana,Paso de Misterio,2014,elforocofrade.es - Acompañamiento Musical a lo largo de la Historia,banda_raw=CCTT Tres Caidas,Sevilla
205,La Esperanza de Triana,Paso de Misterio,2015,elforocofrade.es - Acompañamiento Musical a lo largo de la Historia,banda_raw=CCTT Tres Caidas,Sevilla
205,La Esperanza de Triana,Paso de Misterio,2016,elforocofrade.es - Acompañamiento Musical a lo largo de la Historia,banda_raw=CCTT Tres Caidas,Sevilla
205,La Esperanza de Triana,Paso de Misterio,2017,elforocofrade.es - Acompañamiento Musical a lo largo de la Historia,banda_raw=CCTT Tres Caidas,Sevilla
205,La Esperanza de Triana,Paso de Misterio,2018,elforocofrade.es - Acompañamiento Musical a lo largo de la Historia,banda_raw=CCTT Tres Caidas,Sevilla
205,La Esperanza de Triana,Paso de Misterio,2019,elforocofrade.es - Acompañamiento Musical a lo largo de la Historia,banda_raw=CCTT Tres Caidas,Sevilla
166,La Esperanza de Triana,Paso de Palio,1980,elforocofrade.es - Acompañamiento Musical a lo largo de la Historia,banda_raw=BM de la Esperanza de Triana,Sevilla
166,La Esperanza de Triana,Paso de Palio,1981,elforocofrade.es - Acompañamiento Musical a lo largo de la Historia,banda_raw=BM de la Esperanza de Triana,Sevilla
166,La Esperanza de Triana,Paso de Palio,1982,elforocofrade.es - Acompañamiento Musical a lo largo de la Historia,banda_raw=BM de la Esperanza de Triana,Sevilla
166,La Esperanza de Triana,Paso de Palio,1983,elforocofrade.es - Acompañamiento Musical a lo largo de la Historia,banda_raw=BM de la Esperanza de Triana,Sevilla
166,La Esperanza de Triana,Paso de Palio,1984,elforocofrade.es - Acompañamiento Musical a lo largo de la Historia,banda_raw=BM de la Esperanza de Triana,Sevilla
166,La Esperanza de Triana,Paso de Palio,1985,elforocofrade.es - Acompañamiento Musical a lo largo de la Historia,banda_raw=BM de la Esperanza de Triana,Sevilla
166,La Esperanza de Triana,Paso de Palio,1986,elforocofrade.es - Acompañamiento Musical a lo largo de la Historia,banda_raw=BM de la Esperanza de Triana,Sevilla
166,La Esperanza de Triana,Paso de Palio,1987,elforocofrade.es - Acompañamiento Musical a lo largo de la Historia,banda_raw=BM de la Esperanza de Triana,Sevilla
166,La Esperanza de Triana,Paso de Palio,1988,elforocofrade.es - Acompañamiento Musical a lo largo de la Historia,banda_raw=BM de la Esperanza de Triana,Sevilla
166,La Esperanza de Triana,Paso de Palio,1989,elforocofrade.es - Acompañamiento Musical a lo largo de la Historia,banda_raw=BM de la Esperanza de Triana,Sevilla
166,La Esperanza de Triana,Paso de Palio,1990,elforocofrade.es - Acompañamiento Musical a lo largo de la Historia,banda_raw=BM de la Esperanza de Triana,Sevilla
166,La Esperanza de Triana,Paso de Palio,1991,elforocofrade.es - Acompañamiento Musical a lo largo de la Historia,banda_raw=BM de la Esperanza de Triana,Sevilla
166,La Esperanza de Triana,Paso de Palio,1992,elforocofrade.es - Acompañamiento Musical a lo largo de la Historia,banda_raw=BM de la Esperanza de Triana,Sevilla
166,La Esperanza de Triana,Paso de Palio,1998,elforocofrade.es - Acompañamiento Musical a lo largo de la Historia,banda_raw=BM de la Esperanza de Triana,Sevilla
166,La Esperanza de Triana,Paso de Palio,1999,elforocofrade.es - Acompañamiento Musical a lo largo de la Historia,banda_raw=BM de la Esperanza de Triana,Sevilla
166,La Esperanza de Triana,Paso de Palio,2000,elforocofrade.es - Acompañamiento Musical a lo largo de la Historia,banda_raw=BM de la Esperanza de Triana,Sevilla
166,La Esperanza de Triana,Paso de Palio,2001,elforocofrade.es - Acompañamiento Musical a lo largo de la Historia,banda_raw=BM de la Esperanza de Triana,Sevilla
166,La Esperanza de Triana,Paso de Palio,2002,elforocofrade.es - Acompañamiento Musical a lo largo de la Historia,banda_raw=BM de la Esperanza de Triana,Sevilla
166,La Esperanza de Triana,Paso de Palio,2003,elforocofrade.es - Acompañamiento Musical a lo largo de la Historia,banda_raw=BM de la Esperanza de Triana,Sevilla
16,La Esperanza de Triana,Paso de Palio,2019,elforocofrade.es - Acompañamiento Musical a lo largo de la Historia,banda_raw=BM Las Cigarreras,Sevilla
6,Los Gitanos,Paso del Senor,1992,elforocofrade.es - Acompañamiento Musical a lo largo de la Historia,banda_raw=AM Virgen de los Reyes,Sevilla
6,Los Gitanos,Paso del Senor,1993,elforocofrade.es - Acompañamiento Musical a lo largo de la Historia,banda_raw=AM Virgen de los Reyes,Sevilla
6,Los Gitanos,Paso del Senor,1994,elforocofrade.es - Acompañamiento Musical a lo largo de la Historia,banda_raw=AM Virgen de los Reyes,Sevilla
6,Los Gitanos,Paso del Senor,1995,elforocofrade.es - Acompañamiento Musical a lo largo de la Historia,banda_raw=AM Virgen de los Reyes,Sevilla
6,Los Gitanos,Paso del Senor,1996,elforocofrade.es - Acompañamiento Musical a lo largo de la Historia,banda_raw=AM Virgen de los Reyes,Sevilla
6,Los Gitanos,Paso del Senor,1997,elforocofrade.es - Acompañamiento Musical a lo largo de la Historia,banda_raw=AM Virgen de los Reyes,Sevilla
6,Los Gitanos,Paso del Senor,1998,elforocofrade.es - Acompañamiento Musical a lo largo de la Historia,banda_raw=AM Virgen de los Reyes,Sevilla
6,Los Gitanos,Paso del Senor,2007,elforocofrade.es - Acompañamiento Musical a lo largo de la Historia,banda_raw=AM Virgen de los Reyes,Sevilla
6,Los Gitanos,Paso del Senor,2008,elforocofrade.es - Acompañamiento Musical a lo largo de la Historia,banda_raw=AM Virgen de los Reyes,Sevilla
6,Los Gitanos,Paso del Senor,2009,elforocofrade.es - Acompañamiento Musical a lo largo de la Historia,banda_raw=AM Virgen de los Reyes,Sevilla
6,Los Gitanos,Paso del Senor,2010,elforocofrade.es - Acompañamiento Musical a lo largo de la Historia,banda_raw=AM Virgen de los Reyes,Sevilla
66,Los Gitanos,Paso de Virgen,2008,elforocofrade.es - Acompañamiento Musical a lo largo de la Historia,banda_raw=BM Nuestra Senora de las Nieves de Olivares,Sevilla
66,Los Gitanos,Paso de Virgen,2009,elforocofrade.es - Acompañamiento Musical a lo largo de la Historia,banda_raw=BM Nuestra Senora de las Nieves de Olivares,Sevilla
66,Los Gitanos,Paso de Virgen,2010,elforocofrade.es - Acompañamiento Musical a lo largo de la Historia,banda_raw=BM Nuestra Senora de las Nieves de Olivares,Sevilla
66,Los Gitanos,Paso de Virgen,2011,elforocofrade.es - Acompañamiento Musical a lo largo de la Historia,banda_raw=BM Nuestra Senora de las Nieves de Olivares,Sevilla
66,Los Gitanos,Paso de Virgen,2012,elforocofrade.es - Acompañamiento Musical a lo largo de la Historia,banda_raw=BM Nuestra Senora de las Nieves de Olivares,Sevilla
66,Los Gitanos,Paso de Virgen,2013,elforocofrade.es - Acompañamiento Musical a lo largo de la Historia,banda_raw=BM Nuestra Senora de las Nieves de Olivares,Sevilla
66,Los Gitanos,Paso de Virgen,2014,elforocofrade.es - Acompañamiento Musical a lo largo de la Historia,banda_raw=BM Nuestra Senora de las Nieves de Olivares,Sevilla
66,Los Gitanos,Paso de Virgen,2015,elforocofrade.es - Acompañamiento Musical a lo largo de la Historia,banda_raw=BM Nuestra Senora de las Nieves de Olivares,Sevilla
66,Los Gitanos,Paso de Virgen,2016,elforocofrade.es - Acompañamiento Musical a lo largo de la Historia,banda_raw=BM Nuestra Senora de las Nieves de Olivares,Sevilla
66,Los Gitanos,Paso de Virgen,2017,elforocofrade.es - Acompañamiento Musical a lo largo de la Historia,banda_raw=BM Nuestra Senora de las Nieves de Olivares,Sevilla
66,Los Gitanos,Paso de Virgen,2018,elforocofrade.es - Acompañamiento Musical a lo largo de la Historia,banda_raw=BM Nuestra Senora de las Nieves de Olivares,Sevilla
66,Los Gitanos,Paso de Virgen,2019,elforocofrade.es - Acompañamiento Musical a lo largo de la Historia,banda_raw=BM Nuestra Senora de las Nieves de Olivares,Sevilla
264,La Carreteria,Paso de Misterio,1980,elforocofrade.es - Acompañamiento Musical a lo largo de la Historia,banda_raw=CCTT Policia Municipal,Sevilla
264,La Carreteria,Paso de Misterio,1981,elforocofrade.es - Acompañamiento Musical a lo largo de la Historia,banda_raw=CCTT Policia Municipal,Sevilla
16,La Carreteria,Paso de Misterio,1986,elforocofrade.es - Acompañamiento Musical a lo largo de la Historia,banda_raw=CCTT Las Cigarreras,Sevilla
16,La Carreteria,Paso de Misterio,1987,elforocofrade.es - Acompañamiento Musical a lo largo de la Historia,banda_raw=CCTT Las Cigarreras,Sevilla
16,La Carreteria,Paso de Misterio,1988,elforocofrade.es - Acompañamiento Musical a lo largo de la Historia,banda_raw=CCTT Las Cigarreras,Sevilla
16,La Carreteria,Paso de Misterio,1989,elforocofrade.es - Acompañamiento Musical a lo largo de la Historia,banda_raw=CCTT Las Cigarreras,Sevilla
16,La Carreteria,Paso de Misterio,1990,elforocofrade.es - Acompañamiento Musical a lo largo de la Historia,banda_raw=CCTT Las Cigarreras,Sevilla
16,La Carreteria,Paso de Misterio,1991,elforocofrade.es - Acompañamiento Musical a lo largo de la Historia,banda_raw=CCTT Las Cigarreras,Sevilla
16,La Carreteria,Paso de Misterio,1992,elforocofrade.es - Acompañamiento Musical a lo largo de la Historia,banda_raw=CCTT Las Cigarreras,Sevilla
16,La Carreteria,Paso de Misterio,1993,elforocofrade.es - Acompañamiento Musical a lo largo de la Historia,banda_raw=CCTT Las Cigarreras,Sevilla
16,La Carreteria,Paso de Misterio,1994,elforocofrade.es - Acompañamiento Musical a lo largo de la Historia,banda_raw=CCTT Las Cigarreras,Sevilla
16,La Carreteria,Paso de Misterio,1995,elforocofrade.es - Acompañamiento Musical a lo largo de la Historia,banda_raw=CCTT Las Cigarreras,Sevilla
16,La Carreteria,Paso de Misterio,1996,elforocofrade.es - Acompañamiento Musical a lo largo de la Historia,banda_raw=CCTT Las Cigarreras,Sevilla
16,La Carreteria,Paso de Misterio,1997,elforocofrade.es - Acompañamiento Musical a lo largo de la Historia,banda_raw=CCTT Las Cigarreras,Sevilla
16,La Carreteria,Paso de Misterio,1998,elforocofrade.es - Acompañamiento Musical a lo largo de la Historia,banda_raw=CCTT Las Cigarreras,Sevilla
16,La Carreteria,Paso de Misterio,1999,elforocofrade.es - Acompañamiento Musical a lo largo de la Historia,banda_raw=CCTT Las Cigarreras,Sevilla
16,La Carreteria,Paso de Misterio,2000,elforocofrade.es - Acompañamiento Musical a lo largo de la Historia,banda_raw=CCTT Las Cigarreras,Sevilla
16,La Carreteria,Paso de Misterio,2001,elforocofrade.es - Acompañamiento Musical a lo largo de la Historia,banda_raw=CCTT Las Cigarreras,Sevilla
16,La Carreteria,Paso de Misterio,2002,elforocofrade.es - Acompañamiento Musical a lo largo de la Historia,banda_raw=CCTT Las Cigarreras,Sevilla
16,La Carreteria,Paso de Misterio,2003,elforocofrade.es - Acompañamiento Musical a lo largo de la Historia,banda_raw=CCTT Las Cigarreras,Sevilla
16,La Carreteria,Paso de Misterio,2004,elforocofrade.es - Acompañamiento Musical a lo largo de la Historia,banda_raw=CCTT Las Cigarreras,Sevilla
16,La Carreteria,Paso de Misterio,2005,elforocofrade.es - Acompañamiento Musical a lo largo de la Historia,banda_raw=CCTT Las Cigarreras,Sevilla
16,La Carreteria,Paso de Misterio,2006,elforocofrade.es - Acompañamiento Musical a lo largo de la Historia,banda_raw=CCTT Las Cigarreras,Sevilla
16,La Carreteria,Paso de Misterio,2007,elforocofrade.es - Acompañamiento Musical a lo largo de la Historia,banda_raw=CCTT Las Cigarreras,Sevilla
16,La Carreteria,Paso de Misterio,2008,elforocofrade.es - Acompañamiento Musical a lo largo de la Historia,banda_raw=CCTT Las Cigarreras,Sevilla
16,La Carreteria,Paso de Misterio,2009,elforocofrade.es - Acompañamiento Musical a lo largo de la Historia,banda_raw=CCTT Las Cigarreras,Sevilla
16,La Carreteria,Paso de Misterio,2010,elforocofrade.es - Acompañamiento Musical a lo largo de la Historia,banda_raw=CCTT Las Cigarreras,Sevilla
16,La Carreteria,Paso de Misterio,2011,elforocofrade.es - Acompañamiento Musical a lo largo de la Historia,banda_raw=CCTT Las Cigarreras,Sevilla
16,La Carreteria,Paso de Misterio,2012,elforocofrade.es - Acompañamiento Musical a lo largo de la Historia,banda_raw=CCTT Las Cigarreras,Sevilla
16,La Carreteria,Paso de Misterio,2013,elforocofrade.es - Acompañamiento Musical a lo largo de la Historia,banda_raw=CCTT Las Cigarreras,Sevilla
16,La Carreteria,Paso de Misterio,2014,elforocofrade.es - Acompañamiento Musical a lo largo de la Historia,banda_raw=CCTT Las Cigarreras,Sevilla
16,La Carreteria,Paso de Misterio,2015,elforocofrade.es - Acompañamiento Musical a lo largo de la Historia,banda_raw=CCTT Las Cigarreras,Sevilla
16,La Carreteria,Paso de Misterio,2016,elforocofrade.es - Acompañamiento Musical a lo largo de la Historia,banda_raw=CCTT Las Cigarreras,Sevilla
16,La Carreteria,Paso de Misterio,2017,elforocofrade.es - Acompañamiento Musical a lo largo de la Historia,banda_raw=CCTT Las Cigarreras,Sevilla
16,La Carreteria,Paso de Misterio,2018,elforocofrade.es - Acompañamiento Musical a lo largo de la Historia,banda_raw=CCTT Las Cigarreras,Sevilla
16,La Carreteria,Paso de Misterio,2019,elforocofrade.es - Acompañamiento Musical a lo largo de la Historia,banda_raw=CCTT Las Cigarreras,Sevilla
7,Soledad de San Buenaventura,,2001,elforocofrade.es - Acompañamiento Musical a lo largo de la Historia,banda_raw=BM Nuestra Senora del Sol,Sevilla
7,Soledad de San Buenaventura,,2002,elforocofrade.es - Acompañamiento Musical a lo largo de la Historia,banda_raw=BM Nuestra Senora del Sol,Sevilla
7,Soledad de San Buenaventura,,2003,elforocofrade.es - Acompañamiento Musical a lo largo de la Historia,banda_raw=BM Nuestra Senora del Sol,Sevilla
7,Soledad de San Buenaventura,,2004,elforocofrade.es - Acompañamiento Musical a lo largo de la Historia,banda_raw=BM Nuestra Senora del Sol,Sevilla
7,Soledad de San Buenaventura,,2005,elforocofrade.es - Acompañamiento Musical a lo largo de la Historia,banda_raw=BM Nuestra Senora del Sol,Sevilla
7,Soledad de San Buenaventura,,2006,elforocofrade.es - Acompañamiento Musical a lo largo de la Historia,banda_raw=BM Nuestra Senora del Sol,Sevilla
7,Soledad de San Buenaventura,,2007,elforocofrade.es - Acompañamiento Musical a lo largo de la Historia,banda_raw=BM Nuestra Senora del Sol,Sevilla
7,Soledad de San Buenaventura,,2008,elforocofrade.es - Acompañamiento Musical a lo largo de la Historia,banda_raw=BM Nuestra Senora del Sol,Sevilla
7,Soledad de San Buenaventura,,2009,elforocofrade.es - Acompañamiento Musical a lo largo de la Historia,banda_raw=BM Nuestra Senora del Sol,Sevilla
7,Soledad de San Buenaventura,,2010,elforocofrade.es - Acompañamiento Musical a lo largo de la Historia,banda_raw=BM Nuestra Senora del Sol,Sevilla
7,Soledad de San Buenaventura,,2011,elforocofrade.es - Acompañamiento Musical a lo largo de la Historia,banda_raw=BM Nuestra Senora del Sol,Sevilla
7,Soledad de San Buenaventura,,2012,elforocofrade.es - Acompañamiento Musical a lo largo de la Historia,banda_raw=BM Nuestra Senora del Sol,Sevilla
7,Soledad de San Buenaventura,,2013,elforocofrade.es - Acompañamiento Musical a lo largo de la Historia,banda_raw=BM Nuestra Senora del Sol,Sevilla
16,El Cachorro,Paso de Cristo,1982,elforocofrade.es - Acompañamiento Musical a lo largo de la Historia,banda_raw=CCTT Las Cigarreras,Sevilla
16,El Cachorro,Paso de Cristo,1983,elforocofrade.es - Acompañamiento Musical a lo largo de la Historia,banda_raw=CCTT Las Cigarreras,Sevilla
132,El Cachorro,Paso de Cristo,1989,elforocofrade.es - Acompañamiento Musical a lo largo de la Historia,banda_raw=CCTT Maestro Paton,Sevilla
132,El Cachorro,Paso de Cristo,1990,elforocofrade.es - Acompañamiento Musical a lo largo de la Historia,banda_raw=CCTT Maestro Paton,Sevilla
132,El Cachorro,Paso de Cristo,1991,elforocofrade.es - Acompañamiento Musical a lo largo de la Historia,banda_raw=CCTT Maestro Paton,Sevilla
23,El Cachorro,Paso de Cristo,1992,elforocofrade.es - Acompañamiento Musical a lo largo de la Historia,banda_raw=CCTT Presentacion al Pueblo de Dos Hermanas,Sevilla
23,El Cachorro,Paso de Cristo,1993,elforocofrade.es - Acompañamiento Musical a lo largo de la Historia,banda_raw=CCTT Presentacion al Pueblo de Dos Hermanas,Sevilla
23,El Cachorro,Paso de Cristo,1994,elforocofrade.es - Acompañamiento Musical a lo largo de la Historia,banda_raw=CCTT Presentacion al Pueblo de Dos Hermanas,Sevilla
23,El Cachorro,Paso de Cristo,1995,elforocofrade.es - Acompañamiento Musical a lo largo de la Historia,banda_raw=CCTT Presentacion al Pueblo de Dos Hermanas,Sevilla
23,El Cachorro,Paso de Cristo,1996,elforocofrade.es - Acompañamiento Musical a lo largo de la Historia,banda_raw=CCTT Presentacion al Pueblo de Dos Hermanas,Sevilla
23,El Cachorro,Paso de Cristo,1997,elforocofrade.es - Acompañamiento Musical a lo largo de la Historia,banda_raw=CCTT Presentacion al Pueblo de Dos Hermanas,Sevilla
23,El Cachorro,Paso de Cristo,1998,elforocofrade.es - Acompañamiento Musical a lo largo de la Historia,banda_raw=CCTT Presentacion al Pueblo de Dos Hermanas,Sevilla
23,El Cachorro,Paso de Cristo,1999,elforocofrade.es - Acompañamiento Musical a lo largo de la Historia,banda_raw=CCTT Presentacion al Pueblo de Dos Hermanas,Sevilla
23,El Cachorro,Paso de Cristo,2000,elforocofrade.es - Acompañamiento Musical a lo largo de la Historia,banda_raw=CCTT Presentacion al Pueblo de Dos Hermanas,Sevilla
23,El Cachorro,Paso de Cristo,2001,elforocofrade.es - Acompañamiento Musical a lo largo de la Historia,banda_raw=CCTT Presentacion al Pueblo de Dos Hermanas,Sevilla
23,El Cachorro,Paso de Cristo,2002,elforocofrade.es - Acompañamiento Musical a lo largo de la Historia,banda_raw=CCTT Presentacion al Pueblo de Dos Hermanas,Sevilla
23,El Cachorro,Paso de Cristo,2003,elforocofrade.es - Acompañamiento Musical a lo largo de la Historia,banda_raw=CCTT Presentacion al Pueblo de Dos Hermanas,Sevilla
23,El Cachorro,Paso de Cristo,2004,elforocofrade.es - Acompañamiento Musical a lo largo de la Historia,banda_raw=CCTT Presentacion al Pueblo de Dos Hermanas,Sevilla
23,El Cachorro,Paso de Cristo,2005,elforocofrade.es - Acompañamiento Musical a lo largo de la Historia,banda_raw=CCTT Presentacion al Pueblo de Dos Hermanas,Sevilla
23,El Cachorro,Paso de Cristo,2006,elforocofrade.es - Acompañamiento Musical a lo largo de la Historia,banda_raw=CCTT Presentacion al Pueblo de Dos Hermanas,Sevilla
23,El Cachorro,Paso de Cristo,2007,elforocofrade.es - Acompañamiento Musical a lo largo de la Historia,banda_raw=CCTT Presentacion al Pueblo de Dos Hermanas,Sevilla
23,El Cachorro,Paso de Cristo,2008,elforocofrade.es - Acompañamiento Musical a lo largo de la Historia,banda_raw=CCTT Presentacion al Pueblo de Dos Hermanas,Sevilla
23,El Cachorro,Paso de Cristo,2009,elforocofrade.es - Acompañamiento Musical a lo largo de la Historia,banda_raw=CCTT Presentacion al Pueblo de Dos Hermanas,Sevilla
23,El Cachorro,Paso de Cristo,2010,elforocofrade.es - Acompañamiento Musical a lo largo de la Historia,banda_raw=CCTT Presentacion al Pueblo de Dos Hermanas,Sevilla
23,El Cachorro,Paso de Cristo,2011,elforocofrade.es - Acompañamiento Musical a lo largo de la Historia,banda_raw=CCTT Presentacion al Pueblo de Dos Hermanas,Sevilla
23,El Cachorro,Paso de Cristo,2012,elforocofrade.es - Acompañamiento Musical a lo largo de la Historia,banda_raw=CCTT Presentacion al Pueblo de Dos Hermanas,Sevilla
23,El Cachorro,Paso de Cristo,2013,elforocofrade.es - Acompañamiento Musical a lo largo de la Historia,banda_raw=CCTT Presentacion al Pueblo de Dos Hermanas,Sevilla
23,El Cachorro,Paso de Cristo,2014,elforocofrade.es - Acompañamiento Musical a lo largo de la Historia,banda_raw=CCTT Presentacion al Pueblo de Dos Hermanas,Sevilla
23,El Cachorro,Paso de Cristo,2015,elforocofrade.es - Acompañamiento Musical a lo largo de la Historia,banda_raw=CCTT Presentacion al Pueblo de Dos Hermanas,Sevilla
23,El Cachorro,Paso de Cristo,2016,elforocofrade.es - Acompañamiento Musical a lo largo de la Historia,banda_raw=CCTT Presentacion al Pueblo de Dos Hermanas,Sevilla
23,El Cachorro,Paso de Cristo,2017,elforocofrade.es - Acompañamiento Musical a lo largo de la Historia,banda_raw=CCTT Presentacion al Pueblo de Dos Hermanas,Sevilla
23,El Cachorro,Paso de Cristo,2018,elforocofrade.es - Acompañamiento Musical a lo largo de la Historia,banda_raw=CCTT Presentacion al Pueblo de Dos Hermanas,Sevilla
23,El Cachorro,Paso de Cristo,2019,elforocofrade.es - Acompañamiento Musical a lo largo de la Historia,banda_raw=CCTT Presentacion al Pueblo de Dos Hermanas,Sevilla
166,El Cachorro,Paso de Palio,1987,elforocofrade.es - Acompañamiento Musical a lo largo de la Historia,banda_raw=BM Esperanza de Triana,Sevilla
7,La O,Paso de Cristo,1985,elforocofrade.es - Acompañamiento Musical a lo largo de la Historia,banda_raw=CCTT Sol,Sevilla
7,La O,Paso de Cristo,1986,elforocofrade.es - Acompañamiento Musical a lo largo de la Historia,banda_raw=CCTT Sol,Sevilla
7,La O,Paso de Cristo,1987,elforocofrade.es - Acompañamiento Musical a lo largo de la Historia,banda_raw=CCTT Sol,Sevilla
7,La O,Paso de Cristo,1988,elforocofrade.es - Acompañamiento Musical a lo largo de la Historia,banda_raw=CCTT Sol,Sevilla
7,La O,Paso de Cristo,1989,elforocofrade.es - Acompañamiento Musical a lo largo de la Historia,banda_raw=CCTT Sol,Sevilla
23,La O,Paso de Cristo,1990,elforocofrade.es - Acompañamiento Musical a lo largo de la Historia,banda_raw=CCTT Presentacion al Pueblo de Dos Hermanas,Sevilla
7,La O,Paso de Cristo,1991,elforocofrade.es - Acompañamiento Musical a lo largo de la Historia,banda_raw=CCTT Sol,Sevilla
7,La O,Paso de Cristo,1992,elforocofrade.es - Acompañamiento Musical a lo largo de la Historia,banda_raw=CCTT Sol,Sevilla
7,La O,Paso de Cristo,1993,elforocofrade.es - Acompañamiento Musical a lo largo de la Historia,banda_raw=CCTT Sol,Sevilla
7,La O,Paso de Cristo,1994,elforocofrade.es - Acompañamiento Musical a lo largo de la Historia,banda_raw=CCTT Sol,Sevilla
7,La O,Paso de Cristo,1995,elforocofrade.es - Acompañamiento Musical a lo largo de la Historia,banda_raw=CCTT Sol,Sevilla
7,La O,Paso de Cristo,1996,elforocofrade.es - Acompañamiento Musical a lo largo de la Historia,banda_raw=CCTT Sol,Sevilla
7,La O,Paso de Cristo,1997,elforocofrade.es - Acompañamiento Musical a lo largo de la Historia,banda_raw=CCTT Sol,Sevilla
7,La O,Paso de Cristo,1998,elforocofrade.es - Acompañamiento Musical a lo largo de la Historia,banda_raw=CCTT Sol,Sevilla
7,La O,Paso de Cristo,1999,elforocofrade.es - Acompañamiento Musical a lo largo de la Historia,banda_raw=CCTT Sol,Sevilla
7,La O,Paso de Cristo,2000,elforocofrade.es - Acompañamiento Musical a lo largo de la Historia,banda_raw=CCTT Sol,Sevilla
7,La O,Paso de Cristo,2001,elforocofrade.es - Acompañamiento Musical a lo largo de la Historia,banda_raw=CCTT Sol,Sevilla
7,La O,Paso de Cristo,2002,elforocofrade.es - Acompañamiento Musical a lo largo de la Historia,banda_raw=CCTT Sol,Sevilla
7,La O,Paso de Cristo,2003,elforocofrade.es - Acompañamiento Musical a lo largo de la Historia,banda_raw=CCTT Sol,Sevilla
7,La O,Paso de Cristo,2004,elforocofrade.es - Acompañamiento Musical a lo largo de la Historia,banda_raw=CCTT Sol,Sevilla
7,La O,Paso de Cristo,2005,elforocofrade.es - Acompañamiento Musical a lo largo de la Historia,banda_raw=CCTT Sol,Sevilla
7,La O,Paso de Cristo,2006,elforocofrade.es - Acompañamiento Musical a lo largo de la Historia,banda_raw=CCTT Sol,Sevilla
7,La O,Paso de Cristo,2007,elforocofrade.es - Acompañamiento Musical a lo largo de la Historia,banda_raw=CCTT Sol,Sevilla
7,La O,Paso de Cristo,2008,elforocofrade.es - Acompañamiento Musical a lo largo de la Historia,banda_raw=CCTT Sol,Sevilla
7,La O,Paso de Cristo,2009,elforocofrade.es - Acompañamiento Musical a lo largo de la Historia,banda_raw=CCTT Sol,Sevilla
7,La O,Paso de Cristo,2010,elforocofrade.es - Acompañamiento Musical a lo largo de la Historia,banda_raw=CCTT Sol,Sevilla
7,La O,Paso de Cristo,2011,elforocofrade.es - Acompañamiento Musical a lo largo de la Historia,banda_raw=CCTT Sol,Sevilla
7,La O,Paso de Cristo,2012,elforocofrade.es - Acompañamiento Musical a lo largo de la Historia,banda_raw=CCTT Sol,Sevilla
7,La O,Paso de Cristo,2013,elforocofrade.es - Acompañamiento Musical a lo largo de la Historia,banda_raw=CCTT Sol,Sevilla
7,La O,Paso de Cristo,2014,elforocofrade.es - Acompañamiento Musical a lo largo de la Historia,banda_raw=CCTT Sol,Sevilla
7,La O,Paso de Cristo,2015,elforocofrade.es - Acompañamiento Musical a lo largo de la Historia,banda_raw=CCTT Sol,Sevilla
7,La O,Paso de Cristo,2016,elforocofrade.es - Acompañamiento Musical a lo largo de la Historia,banda_raw=CCTT Sol,Sevilla
7,La O,Paso de Cristo,2017,elforocofrade.es - Acompañamiento Musical a lo largo de la Historia,banda_raw=CCTT Sol,Sevilla
7,La O,Paso de Cristo,2018,elforocofrade.es - Acompañamiento Musical a lo largo de la Historia,banda_raw=CCTT Sol,Sevilla
7,La O,Paso de Cristo,2019,elforocofrade.es - Acompañamiento Musical a lo largo de la Historia,banda_raw=CCTT Sol,Sevilla
205,Montserrat,Paso de Misterio,1988,elforocofrade.es - Acompañamiento Musical a lo largo de la Historia,banda_raw=CCTT Tres Caidas,Sevilla
205,Montserrat,Paso de Misterio,1989,elforocofrade.es - Acompañamiento Musical a lo largo de la Historia,banda_raw=CCTT Tres Caidas,Sevilla
205,Montserrat,Paso de Misterio,1990,elforocofrade.es - Acompañamiento Musical a lo largo de la Historia,banda_raw=CCTT Tres Caidas,Sevilla
205,Montserrat,Paso de Misterio,1991,elforocofrade.es - Acompañamiento Musical a lo largo de la Historia,banda_raw=CCTT Tres Caidas,Sevilla
205,Montserrat,Paso de Misterio,1992,elforocofrade.es - Acompañamiento Musical a lo largo de la Historia,banda_raw=CCTT Tres Caidas,Sevilla
205,Montserrat,Paso de Misterio,1993,elforocofrade.es - Acompañamiento Musical a lo largo de la Historia,banda_raw=CCTT Tres Caidas,Sevilla
205,Montserrat,Paso de Misterio,1994,elforocofrade.es - Acompañamiento Musical a lo largo de la Historia,banda_raw=CCTT Tres Caidas,Sevilla
205,Montserrat,Paso de Misterio,1995,elforocofrade.es - Acompañamiento Musical a lo largo de la Historia,banda_raw=CCTT Tres Caidas,Sevilla
205,Montserrat,Paso de Misterio,1996,elforocofrade.es - Acompañamiento Musical a lo largo de la Historia,banda_raw=CCTT Tres Caidas,Sevilla
205,Montserrat,Paso de Misterio,1997,elforocofrade.es - Acompañamiento Musical a lo largo de la Historia,banda_raw=CCTT Tres Caidas,Sevilla
205,Montserrat,Paso de Misterio,1998,elforocofrade.es - Acompañamiento Musical a lo largo de la Historia,banda_raw=CCTT Tres Caidas,Sevilla
205,Montserrat,Paso de Misterio,1999,elforocofrade.es - Acompañamiento Musical a lo largo de la Historia,banda_raw=CCTT Tres Caidas,Sevilla
205,Montserrat,Paso de Misterio,2000,elforocofrade.es - Acompañamiento Musical a lo largo de la Historia,banda_raw=CCTT Tres Caidas,Sevilla
205,Montserrat,Paso de Misterio,2001,elforocofrade.es - Acompañamiento Musical a lo largo de la Historia,banda_raw=CCTT Tres Caidas,Sevilla
205,Montserrat,Paso de Misterio,2002,elforocofrade.es - Acompañamiento Musical a lo largo de la Historia,banda_raw=CCTT Tres Caidas,Sevilla
205,Montserrat,Paso de Misterio,2003,elforocofrade.es - Acompañamiento Musical a lo largo de la Historia,banda_raw=CCTT Tres Caidas,Sevilla
205,Montserrat,Paso de Misterio,2004,elforocofrade.es - Acompañamiento Musical a lo largo de la Historia,banda_raw=CCTT Tres Caidas,Sevilla
205,Montserrat,Paso de Misterio,2005,elforocofrade.es - Acompañamiento Musical a lo largo de la Historia,banda_raw=CCTT Tres Caidas,Sevilla
205,Montserrat,Paso de Misterio,2006,elforocofrade.es - Acompañamiento Musical a lo largo de la Historia,banda_raw=CCTT Tres Caidas,Sevilla
205,Montserrat,Paso de Misterio,2007,elforocofrade.es - Acompañamiento Musical a lo largo de la Historia,banda_raw=CCTT Tres Caidas,Sevilla
205,Montserrat,Paso de Misterio,2008,elforocofrade.es - Acompañamiento Musical a lo largo de la Historia,banda_raw=CCTT Tres Caidas,Sevilla
205,Montserrat,Paso de Misterio,2009,elforocofrade.es - Acompañamiento Musical a lo largo de la Historia,banda_raw=CCTT Tres Caidas,Sevilla
205,Montserrat,Paso de Misterio,2010,elforocofrade.es - Acompañamiento Musical a lo largo de la Historia,banda_raw=CCTT Tres Caidas,Sevilla
205,Montserrat,Paso de Misterio,2011,elforocofrade.es - Acompañamiento Musical a lo largo de la Historia,banda_raw=CCTT Tres Caidas,Sevilla
205,Montserrat,Paso de Misterio,2012,elforocofrade.es - Acompañamiento Musical a lo largo de la Historia,banda_raw=CCTT Tres Caidas,Sevilla
205,Montserrat,Paso de Misterio,2013,elforocofrade.es - Acompañamiento Musical a lo largo de la Historia,banda_raw=CCTT Tres Caidas,Sevilla
205,Montserrat,Paso de Misterio,2014,elforocofrade.es - Acompañamiento Musical a lo largo de la Historia,banda_raw=CCTT Tres Caidas,Sevilla
205,Montserrat,Paso de Misterio,2015,elforocofrade.es - Acompañamiento Musical a lo largo de la Historia,banda_raw=CCTT Tres Caidas,Sevilla
205,Montserrat,Paso de Misterio,2016,elforocofrade.es - Acompañamiento Musical a lo largo de la Historia,banda_raw=CCTT Tres Caidas,Sevilla
205,Montserrat,Paso de Misterio,2017,elforocofrade.es - Acompañamiento Musical a lo largo de la Historia,banda_raw=CCTT Tres Caidas,Sevilla
205,Montserrat,Paso de Misterio,2018,elforocofrade.es - Acompañamiento Musical a lo largo de la Historia,banda_raw=CCTT Tres Caidas,Sevilla
205,Montserrat,Paso de Misterio,2019,elforocofrade.es - Acompañamiento Musical a lo largo de la Historia,banda_raw=CCTT Tres Caidas,Sevilla
7,El Sol,Paso de Cristo,2010,elforocofrade.es - Acompañamiento Musical a lo largo de la Historia,banda_raw=CCTT Sol,Sevilla
7,El Sol,Paso de Cristo,2011,elforocofrade.es - Acompañamiento Musical a lo largo de la Historia,banda_raw=CCTT Sol,Sevilla
7,El Sol,Paso de Cristo,2012,elforocofrade.es - Acompañamiento Musical a lo largo de la Historia,banda_raw=CCTT Sol,Sevilla
7,El Sol,Paso de Cristo,2013,elforocofrade.es - Acompañamiento Musical a lo largo de la Historia,banda_raw=CCTT Sol,Sevilla
7,El Sol,Paso de Cristo,2014,elforocofrade.es - Acompañamiento Musical a lo largo de la Historia,banda_raw=CCTT Sol,Sevilla
7,El Sol,Paso de Cristo,2015,elforocofrade.es - Acompañamiento Musical a lo largo de la Historia,banda_raw=CCTT Sol,Sevilla
7,El Sol,Paso de Cristo,2016,elforocofrade.es - Acompañamiento Musical a lo largo de la Historia,banda_raw=CCTT Sol,Sevilla
7,El Sol,Paso de Cristo,2017,elforocofrade.es - Acompañamiento Musical a lo largo de la Historia,banda_raw=CCTT Sol,Sevilla
7,El Sol,Paso de Cristo,2018,elforocofrade.es - Acompañamiento Musical a lo largo de la Historia,banda_raw=CCTT Sol,Sevilla
7,El Sol,Paso de Cristo,2019,elforocofrade.es - Acompañamiento Musical a lo largo de la Historia,banda_raw=CCTT Sol,Sevilla
108,La Trinidad,Paso del Decreto,1994,elforocofrade.es - Acompañamiento Musical a lo largo de la Historia,banda_raw=AM Stma. Trinidad,Sevilla
108,La Trinidad,Paso del Decreto,1995,elforocofrade.es - Acompañamiento Musical a lo largo de la Historia,banda_raw=AM Stma. Trinidad,Sevilla
108,La Trinidad,Paso del Decreto,1996,elforocofrade.es - Acompañamiento Musical a lo largo de la Historia,banda_raw=AM Stma. Trinidad,Sevilla
16,La Trinidad,Paso del Decreto,1997,elforocofrade.es - Acompañamiento Musical a lo largo de la Historia,banda_raw=CCTT Las Cigarreras,Sevilla
16,La Trinidad,Paso del Decreto,1998,elforocofrade.es - Acompañamiento Musical a lo largo de la Historia,banda_raw=CCTT Las Cigarreras,Sevilla
16,La Trinidad,Paso del Decreto,1999,elforocofrade.es - Acompañamiento Musical a lo largo de la Historia,banda_raw=CCTT Las Cigarreras,Sevilla
16,La Trinidad,Paso del Decreto,2000,elforocofrade.es - Acompañamiento Musical a lo largo de la Historia,banda_raw=CCTT Las Cigarreras,Sevilla
16,La Trinidad,Paso del Decreto,2001,elforocofrade.es - Acompañamiento Musical a lo largo de la Historia,banda_raw=CCTT Las Cigarreras,Sevilla
16,La Trinidad,Paso del Decreto,2002,elforocofrade.es - Acompañamiento Musical a lo largo de la Historia,banda_raw=CCTT Las Cigarreras,Sevilla
16,La Trinidad,Paso del Decreto,2003,elforocofrade.es - Acompañamiento Musical a lo largo de la Historia,banda_raw=CCTT Las Cigarreras,Sevilla
16,La Trinidad,Paso del Decreto,2004,elforocofrade.es - Acompañamiento Musical a lo largo de la Historia,banda_raw=CCTT Las Cigarreras,Sevilla
16,La Trinidad,Paso del Decreto,2005,elforocofrade.es - Acompañamiento Musical a lo largo de la Historia,banda_raw=CCTT Las Cigarreras,Sevilla
16,La Trinidad,Paso del Decreto,2006,elforocofrade.es - Acompañamiento Musical a lo largo de la Historia,banda_raw=CCTT Las Cigarreras,Sevilla
16,La Trinidad,Paso del Decreto,2007,elforocofrade.es - Acompañamiento Musical a lo largo de la Historia,banda_raw=CCTT Las Cigarreras,Sevilla
16,La Trinidad,Paso del Decreto,2008,elforocofrade.es - Acompañamiento Musical a lo largo de la Historia,banda_raw=CCTT Las Cigarreras,Sevilla
16,La Trinidad,Paso del Decreto,2009,elforocofrade.es - Acompañamiento Musical a lo largo de la Historia,banda_raw=CCTT Las Cigarreras,Sevilla
16,La Trinidad,Paso del Decreto,2010,elforocofrade.es - Acompañamiento Musical a lo largo de la Historia,banda_raw=CCTT Las Cigarreras,Sevilla
16,La Trinidad,Paso del Decreto,2011,elforocofrade.es - Acompañamiento Musical a lo largo de la Historia,banda_raw=CCTT Las Cigarreras,Sevilla
16,La Trinidad,Paso del Decreto,2012,elforocofrade.es - Acompañamiento Musical a lo largo de la Historia,banda_raw=CCTT Las Cigarreras,Sevilla
16,La Trinidad,Paso del Decreto,2013,elforocofrade.es - Acompañamiento Musical a lo largo de la Historia,banda_raw=CCTT Las Cigarreras,Sevilla
16,La Trinidad,Paso del Decreto,2014,elforocofrade.es - Acompañamiento Musical a lo largo de la Historia,banda_raw=CCTT Las Cigarreras,Sevilla
16,La Trinidad,Paso del Decreto,2015,elforocofrade.es - Acompañamiento Musical a lo largo de la Historia,banda_raw=CCTT Las Cigarreras,Sevilla
16,La Trinidad,Paso del Decreto,2016,elforocofrade.es - Acompañamiento Musical a lo largo de la Historia,banda_raw=CCTT Las Cigarreras,Sevilla
16,La Trinidad,Paso del Decreto,2017,elforocofrade.es - Acompañamiento Musical a lo largo de la Historia,banda_raw=CCTT Las Cigarreras,Sevilla
16,La Trinidad,Paso del Decreto,2018,elforocofrade.es - Acompañamiento Musical a lo largo de la Historia,banda_raw=CCTT Las Cigarreras,Sevilla
16,La Trinidad,Paso del Decreto,2019,elforocofrade.es - Acompañamiento Musical a lo largo de la Historia,banda_raw=CCTT Las Cigarreras,Sevilla
108,La Trinidad,Paso de las Cinco Llagas,1988,elforocofrade.es - Acompañamiento Musical a lo largo de la Historia,banda_raw=AM Stma. Trinidad,Sevilla
108,La Trinidad,Paso de las Cinco Llagas,1989,elforocofrade.es - Acompañamiento Musical a lo largo de la Historia,banda_raw=AM Stma. Trinidad,Sevilla
108,La Trinidad,Paso de las Cinco Llagas,1990,elforocofrade.es - Acompañamiento Musical a lo largo de la Historia,banda_raw=AM Stma. Trinidad,Sevilla
108,La Trinidad,Paso de las Cinco Llagas,1991,elforocofrade.es - Acompañamiento Musical a lo largo de la Historia,banda_raw=AM Stma. Trinidad,Sevilla
108,La Trinidad,Paso de las Cinco Llagas,1992,elforocofrade.es - Acompañamiento Musical a lo largo de la Historia,banda_raw=AM Stma. Trinidad,Sevilla
108,La Trinidad,Paso de las Cinco Llagas,1993,elforocofrade.es - Acompañamiento Musical a lo largo de la Historia,banda_raw=AM Stma. Trinidad,Sevilla
205,La Trinidad,Paso de las Cinco Llagas,1994,elforocofrade.es - Acompañamiento Musical a lo largo de la Historia,banda_raw=CCTT Tres Caidas,Sevilla
205,La Trinidad,Paso de las Cinco Llagas,1995,elforocofrade.es - Acompañamiento Musical a lo largo de la Historia,banda_raw=CCTT Tres Caidas,Sevilla
205,La Trinidad,Paso de las Cinco Llagas,1996,elforocofrade.es - Acompañamiento Musical a lo largo de la Historia,banda_raw=CCTT Tres Caidas,Sevilla
205,La Trinidad,Paso de las Cinco Llagas,1997,elforocofrade.es - Acompañamiento Musical a lo largo de la Historia,banda_raw=CCTT Tres Caidas,Sevilla
205,La Trinidad,Paso de las Cinco Llagas,1998,elforocofrade.es - Acompañamiento Musical a lo largo de la Historia,banda_raw=CCTT Tres Caidas,Sevilla
205,La Trinidad,Paso de las Cinco Llagas,1999,elforocofrade.es - Acompañamiento Musical a lo largo de la Historia,banda_raw=CCTT Tres Caidas,Sevilla
205,La Trinidad,Paso de las Cinco Llagas,2000,elforocofrade.es - Acompañamiento Musical a lo largo de la Historia,banda_raw=CCTT Tres Caidas,Sevilla
205,La Trinidad,Paso de las Cinco Llagas,2001,elforocofrade.es - Acompañamiento Musical a lo largo de la Historia,banda_raw=CCTT Tres Caidas,Sevilla
205,La Trinidad,Paso de las Cinco Llagas,2002,elforocofrade.es - Acompañamiento Musical a lo largo de la Historia,banda_raw=CCTT Tres Caidas,Sevilla
205,La Trinidad,Paso de las Cinco Llagas,2003,elforocofrade.es - Acompañamiento Musical a lo largo de la Historia,banda_raw=CCTT Tres Caidas,Sevilla
205,La Trinidad,Paso de las Cinco Llagas,2004,elforocofrade.es - Acompañamiento Musical a lo largo de la Historia,banda_raw=CCTT Tres Caidas,Sevilla
205,La Trinidad,Paso de las Cinco Llagas,2005,elforocofrade.es - Acompañamiento Musical a lo largo de la Historia,banda_raw=CCTT Tres Caidas,Sevilla
205,La Trinidad,Paso de las Cinco Llagas,2006,elforocofrade.es - Acompañamiento Musical a lo largo de la Historia,banda_raw=CCTT Tres Caidas,Sevilla
205,La Trinidad,Paso de las Cinco Llagas,2007,elforocofrade.es - Acompañamiento Musical a lo largo de la Historia,banda_raw=CCTT Tres Caidas,Sevilla
205,La Trinidad,Paso de las Cinco Llagas,2008,elforocofrade.es - Acompañamiento Musical a lo largo de la Historia,banda_raw=CCTT Tres Caidas,Sevilla
205,La Trinidad,Paso de las Cinco Llagas,2009,elforocofrade.es - Acompañamiento Musical a lo largo de la Historia,banda_raw=CCTT Tres Caidas,Sevilla
205,La Trinidad,Paso de las Cinco Llagas,2010,elforocofrade.es - Acompañamiento Musical a lo largo de la Historia,banda_raw=CCTT Tres Caidas,Sevilla
205,La Trinidad,Paso de las Cinco Llagas,2011,elforocofrade.es - Acompañamiento Musical a lo largo de la Historia,banda_raw=CCTT Tres Caidas,Sevilla
205,La Trinidad,Paso de las Cinco Llagas,2012,elforocofrade.es - Acompañamiento Musical a lo largo de la Historia,banda_raw=CCTT Tres Caidas,Sevilla
205,La Trinidad,Paso de las Cinco Llagas,2013,elforocofrade.es - Acompañamiento Musical a lo largo de la Historia,banda_raw=CCTT Tres Caidas,Sevilla
205,La Trinidad,Paso de las Cinco Llagas,2014,elforocofrade.es - Acompañamiento Musical a lo largo de la Historia,banda_raw=CCTT Tres Caidas,Sevilla
205,La Trinidad,Paso de las Cinco Llagas,2015,elforocofrade.es - Acompañamiento Musical a lo largo de la Historia,banda_raw=CCTT Tres Caidas,Sevilla
205,La Trinidad,Paso de las Cinco Llagas,2016,elforocofrade.es - Acompañamiento Musical a lo largo de la Historia,banda_raw=CCTT Tres Caidas,Sevilla
205,La Trinidad,Paso de las Cinco Llagas,2017,elforocofrade.es - Acompañamiento Musical a lo largo de la Historia,banda_raw=CCTT Tres Caidas,Sevilla
205,La Trinidad,Paso de las Cinco Llagas,2018,elforocofrade.es - Acompañamiento Musical a lo largo de la Historia,banda_raw=CCTT Tres Caidas,Sevilla
205,La Trinidad,Paso de las Cinco Llagas,2019,elforocofrade.es - Acompañamiento Musical a lo largo de la Historia,banda_raw=CCTT Tres Caidas,Sevilla
6,La Resurreccion,Paso de Cristo,1992,elforocofrade.es - Acompañamiento Musical a lo largo de la Historia,banda_raw=AM Virgen de los Reyes,Sevilla
6,La Resurreccion,Paso de Cristo,1993,elforocofrade.es - Acompañamiento Musical a lo largo de la Historia,banda_raw=AM Virgen de los Reyes,Sevilla
6,La Resurreccion,Paso de Cristo,1994,elforocofrade.es - Acompañamiento Musical a lo largo de la Historia,banda_raw=AM Virgen de los Reyes,Sevilla
6,La Resurreccion,Paso de Cristo,1995,elforocofrade.es - Acompañamiento Musical a lo largo de la Historia,banda_raw=AM Virgen de los Reyes,Sevilla
6,La Resurreccion,Paso de Cristo,1996,elforocofrade.es - Acompañamiento Musical a lo largo de la Historia,banda_raw=AM Virgen de los Reyes,Sevilla
6,La Resurreccion,Paso de Cristo,1997,elforocofrade.es - Acompañamiento Musical a lo largo de la Historia,banda_raw=AM Virgen de los Reyes,Sevilla
6,La Resurreccion,Paso de Cristo,1998,elforocofrade.es - Acompañamiento Musical a lo largo de la Historia,banda_raw=AM Virgen de los Reyes,Sevilla
6,La Resurreccion,Paso de Cristo,1999,elforocofrade.es - Acompañamiento Musical a lo largo de la Historia,banda_raw=AM Virgen de los Reyes,Sevilla
6,La Resurreccion,Paso de Cristo,2000,elforocofrade.es - Acompañamiento Musical a lo largo de la Historia,banda_raw=AM Virgen de los Reyes,Sevilla
6,La Resurreccion,Paso de Cristo,2001,elforocofrade.es - Acompañamiento Musical a lo largo de la Historia,banda_raw=AM Virgen de los Reyes,Sevilla
6,La Resurreccion,Paso de Cristo,2002,elforocofrade.es - Acompañamiento Musical a lo largo de la Historia,banda_raw=AM Virgen de los Reyes,Sevilla
6,La Resurreccion,Paso de Cristo,2003,elforocofrade.es - Acompañamiento Musical a lo largo de la Historia,banda_raw=AM Virgen de los Reyes,Sevilla
6,La Resurreccion,Paso de Cristo,2004,elforocofrade.es - Acompañamiento Musical a lo largo de la Historia,banda_raw=AM Virgen de los Reyes,Sevilla
6,La Resurreccion,Paso de Cristo,2005,elforocofrade.es - Acompañamiento Musical a lo largo de la Historia,banda_raw=AM Virgen de los Reyes,Sevilla
6,La Resurreccion,Paso de Cristo,2006,elforocofrade.es - Acompañamiento Musical a lo largo de la Historia,banda_raw=AM Virgen de los Reyes,Sevilla
6,La Resurreccion,Paso de Cristo,2007,elforocofrade.es - Acompañamiento Musical a lo largo de la Historia,banda_raw=AM Virgen de los Reyes,Sevilla
6,La Resurreccion,Paso de Cristo,2008,elforocofrade.es - Acompañamiento Musical a lo largo de la Historia,banda_raw=AM Virgen de los Reyes,Sevilla
6,La Resurreccion,Paso de Cristo,2009,elforocofrade.es - Acompañamiento Musical a lo largo de la Historia,banda_raw=AM Virgen de los Reyes,Sevilla
6,La Resurreccion,Paso de Cristo,2010,elforocofrade.es - Acompañamiento Musical a lo largo de la Historia,banda_raw=AM Virgen de los Reyes,Sevilla
6,La Resurreccion,Paso de Cristo,2011,elforocofrade.es - Acompañamiento Musical a lo largo de la Historia,banda_raw=AM Virgen de los Reyes,Sevilla
6,La Resurreccion,Paso de Cristo,2012,elforocofrade.es - Acompañamiento Musical a lo largo de la Historia,banda_raw=AM Virgen de los Reyes,Sevilla
6,La Resurreccion,Paso de Cristo,2013,elforocofrade.es - Acompañamiento Musical a lo largo de la Historia,banda_raw=AM Virgen de los Reyes,Sevilla
6,La Resurreccion,Paso de Cristo,2014,elforocofrade.es - Acompañamiento Musical a lo largo de la Historia,banda_raw=AM Virgen de los Reyes,Sevilla
6,La Resurreccion,Paso de Cristo,2015,elforocofrade.es - Acompañamiento Musical a lo largo de la Historia,banda_raw=AM Virgen de los Reyes,Sevilla
6,La Resurreccion,Paso de Cristo,2016,elforocofrade.es - Acompañamiento Musical a lo largo de la Historia,banda_raw=AM Virgen de los Reyes,Sevilla
6,La Resurreccion,Paso de Cristo,2017,elforocofrade.es - Acompañamiento Musical a lo largo de la Historia,banda_raw=AM Virgen de los Reyes,Sevilla
6,La Resurreccion,Paso de Cristo,2018,elforocofrade.es - Acompañamiento Musical a lo largo de la Historia,banda_raw=AM Virgen de los Reyes,Sevilla
6,La Resurreccion,Paso de Cristo,2019,elforocofrade.es - Acompañamiento Musical a lo largo de la Historia,banda_raw=AM Virgen de los Reyes,Sevilla
236,Pino Montano,Paso de Cristo,1992,elforocofrade.es - Acompañamiento Musical a lo largo de la Historia,banda_raw=A. M. Nuestro Padre Jesús de Nazareth,Sevilla
108,Pino Montano,Paso de Cristo,1994,elforocofrade.es - Acompañamiento Musical a lo largo de la Historia,banda_raw=A.M. Stma. Trinidad,Sevilla
108,Pino Montano,Paso de Cristo,1995,elforocofrade.es - Acompañamiento Musical a lo largo de la Historia,banda_raw=A.M. Stma. Trinidad,Sevilla
108,Pino Montano,Paso de Cristo,1996,elforocofrade.es - Acompañamiento Musical a lo largo de la Historia,banda_raw=A.M. Stma. Trinidad,Sevilla
21,Padre Pio,Paso de Palio,1999,elforocofrade.es - Acompañamiento Musical a lo largo de la Historia,banda_raw=A. M. de San Juan de Aznalfarache,Sevilla
7,Padre Pio,Paso de Palio,2014,elforocofrade.es - Acompañamiento Musical a lo largo de la Historia,banda_raw=B. Ntra Sra del Sol,Sevilla
7,Padre Pio,Paso de Palio,2015,elforocofrade.es - Acompañamiento Musical a lo largo de la Historia,banda_raw=B. Ntra Sra del Sol,Sevilla
7,Padre Pio,Paso de Palio,2016,elforocofrade.es - Acompañamiento Musical a lo largo de la Historia,banda_raw=B. Ntra Sra del Sol,Sevilla
249,Dulce Nombre de Bellavista,Paso de Cristo,1995,elforocofrade.es - Acompañamiento Musical a lo largo de la Historia,banda_raw=B. de cornetas y tambores del Dulce Nombre de María,Sevilla
23,Dulce Nombre de Bellavista,Paso de Cristo,1997,elforocofrade.es - Acompañamiento Musical a lo largo de la Historia,banda_raw=B. Presentación al Pueblo de Dos Hermanas,Sevilla
23,Dulce Nombre de Bellavista,Paso de Cristo,1998,elforocofrade.es - Acompañamiento Musical a lo largo de la Historia,banda_raw=B. Presentación al Pueblo de Dos Hermanas,Sevilla
23,Dulce Nombre de Bellavista,Paso de Cristo,1999,elforocofrade.es - Acompañamiento Musical a lo largo de la Historia,banda_raw=B. Presentación al Pueblo de Dos Hermanas,Sevilla
52,Dulce Nombre de Bellavista,Paso de Cristo,2001,elforocofrade.es - Acompañamiento Musical a lo largo de la Historia,banda_raw=B. Stmo. Cristo de la Sed,Sevilla
280,Dulce Nombre de Bellavista,Paso de Palio,2000,elforocofrade.es - Acompañamiento Musical a lo largo de la Historia,banda_raw=Banda Municipal de Dos Hermanas,Sevilla
280,Dulce Nombre de Bellavista,Paso de Palio,2001,elforocofrade.es - Acompañamiento Musical a lo largo de la Historia,banda_raw=Banda Municipal de Dos Hermanas,Sevilla
6,Bendicion y Esperanza,Paso de Cristo,2008,elforocofrade.es - Acompañamiento Musical a lo largo de la Historia,banda_raw=AM Virgen de los Reyes,Sevilla
267,Bendicion y Esperanza,Paso de Cristo,2012,elforocofrade.es - Acompañamiento Musical a lo largo de la Historia,"banda_raw=Banda de Cornetas y Tambores ""Fraternitas""",Sevilla
6,Bendicion y Esperanza,Paso de Cristo,2013,elforocofrade.es - Acompañamiento Musical a lo largo de la Historia,banda_raw=AM Virgen de los Reyes,Sevilla
6,Bendicion y Esperanza,Paso de Cristo,2014,elforocofrade.es - Acompañamiento Musical a lo largo de la Historia,banda_raw=AM Virgen de los Reyes,Sevilla
6,Bendicion y Esperanza,Paso de Cristo,2015,elforocofrade.es - Acompañamiento Musical a lo largo de la Historia,banda_raw=AM Virgen de los Reyes,Sevilla
6,Bendicion y Esperanza,Paso de Cristo,2016,elforocofrade.es - Acompañamiento Musical a lo largo de la Historia,banda_raw=AM Virgen de los Reyes,Sevilla
166,Bendicion y Esperanza,Paso de Cristo,2017,elforocofrade.es - Acompañamiento Musical a lo largo de la Historia,banda_raw=AM Sta. María de la Esperanza,Sevilla
166,Bendicion y Esperanza,Paso de Cristo,2018,elforocofrade.es - Acompañamiento Musical a lo largo de la Historia,banda_raw=AM Sta. María de la Esperanza,Sevilla
166,Bendicion y Esperanza,Paso de Cristo,2019,elforocofrade.es - Acompañamiento Musical a lo largo de la Historia,banda_raw=AM Sta. María de la Esperanza,Sevilla
166,Bendicion y Esperanza,Paso de Cristo,2020,elforocofrade.es - Acompañamiento Musical a lo largo de la Historia,banda_raw=AM Sta. María de la Esperanza,Sevilla
166,Bendicion y Esperanza,Paso de Cristo,2021,elforocofrade.es - Acompañamiento Musical a lo largo de la Historia,banda_raw=AM Sta. María de la Esperanza,Sevilla
166,Bendicion y Esperanza,Paso de Cristo,2022,elforocofrade.es - Acompañamiento Musical a lo largo de la Historia,banda_raw=AM Sta. María de la Esperanza,Sevilla
166,Bendicion y Esperanza,Paso de Cristo,2023,elforocofrade.es - Acompañamiento Musical a lo largo de la Historia,banda_raw=AM Sta. María de la Esperanza,Sevilla
166,Bendicion y Esperanza,Paso de Cristo,2024,elforocofrade.es - Acompañamiento Musical a lo largo de la Historia,banda_raw=AM Sta. María de la Esperanza,Sevilla
166,Bendicion y Esperanza,Paso de Cristo,2025,elforocofrade.es - Acompañamiento Musical a lo largo de la Historia,banda_raw=AM Sta. María de la Esperanza,Sevilla
72,Paz y Misericordia,Paso,2013,elforocofrade.es - Acompañamiento Musical a lo largo de la Historia,banda_raw=B. Música Ntra Sra de los Desamparados Sevilla,Sevilla
72,Paz y Misericordia,Paso,2014,elforocofrade.es - Acompañamiento Musical a lo largo de la Historia,banda_raw=B. Música Ntra Sra de los Desamparados Sevilla,Sevilla
147,Dolores de Torreblanca,"Paso Cristo (corregido en post #740, sustituye a la versión del post original)",1992,elforocofrade.es - Acompañamiento Musical a lo largo de la Historia,banda_raw=AM Santa María la Blanca de los Palacios,Sevilla
147,Dolores de Torreblanca,"Paso Cristo (corregido en post #740, sustituye a la versión del post original)",1993,elforocofrade.es - Acompañamiento Musical a lo largo de la Historia,banda_raw=AM Santa María la Blanca de los Palacios,Sevilla
147,Dolores de Torreblanca,"Paso Cristo (corregido en post #740, sustituye a la versión del post original)",1994,elforocofrade.es - Acompañamiento Musical a lo largo de la Historia,banda_raw=AM Santa María la Blanca de los Palacios,Sevilla
147,Dolores de Torreblanca,"Paso Cristo (corregido en post #740, sustituye a la versión del post original)",1995,elforocofrade.es - Acompañamiento Musical a lo largo de la Historia,banda_raw=AM Santa María la Blanca de los Palacios,Sevilla
6,Dolores de Torreblanca,"Paso Cristo (corregido en post #740, sustituye a la versión del post original)",2004,elforocofrade.es - Acompañamiento Musical a lo largo de la Historia,banda_raw=AM Virgen de los Reyes,Sevilla
6,Dolores de Torreblanca,"Paso Cristo (corregido en post #740, sustituye a la versión del post original)",2005,elforocofrade.es - Acompañamiento Musical a lo largo de la Historia,banda_raw=AM Virgen de los Reyes,Sevilla
6,Dolores de Torreblanca,"Paso Cristo (corregido en post #740, sustituye a la versión del post original)",2006,elforocofrade.es - Acompañamiento Musical a lo largo de la Historia,banda_raw=AM Virgen de los Reyes,Sevilla
6,Dolores de Torreblanca,"Paso Cristo (corregido en post #740, sustituye a la versión del post original)",2007,elforocofrade.es - Acompañamiento Musical a lo largo de la Historia,banda_raw=AM Virgen de los Reyes,Sevilla
6,Dolores de Torreblanca,"Paso Cristo (corregido en post #740, sustituye a la versión del post original)",2008,elforocofrade.es - Acompañamiento Musical a lo largo de la Historia,banda_raw=AM Virgen de los Reyes,Sevilla
6,Dolores de Torreblanca,"Paso Cristo (corregido en post #740, sustituye a la versión del post original)",2009,elforocofrade.es - Acompañamiento Musical a lo largo de la Historia,banda_raw=AM Virgen de los Reyes,Sevilla
6,Dolores de Torreblanca,"Paso Cristo (corregido en post #740, sustituye a la versión del post original)",2010,elforocofrade.es - Acompañamiento Musical a lo largo de la Historia,banda_raw=AM Virgen de los Reyes,Sevilla
6,Dolores de Torreblanca,"Paso Cristo (corregido en post #740, sustituye a la versión del post original)",2011,elforocofrade.es - Acompañamiento Musical a lo largo de la Historia,banda_raw=AM Virgen de los Reyes,Sevilla
6,Dolores de Torreblanca,"Paso Cristo (corregido en post #740, sustituye a la versión del post original)",2012,elforocofrade.es - Acompañamiento Musical a lo largo de la Historia,banda_raw=AM Virgen de los Reyes,Sevilla
6,Dolores de Torreblanca,"Paso Cristo (corregido en post #740, sustituye a la versión del post original)",2013,elforocofrade.es - Acompañamiento Musical a lo largo de la Historia,banda_raw=AM Virgen de los Reyes,Sevilla
6,Dolores de Torreblanca,"Paso Cristo (corregido en post #740, sustituye a la versión del post original)",2014,elforocofrade.es - Acompañamiento Musical a lo largo de la Historia,banda_raw=AM Virgen de los Reyes,Sevilla
6,Dolores de Torreblanca,"Paso Cristo (corregido en post #740, sustituye a la versión del post original)",2015,elforocofrade.es - Acompañamiento Musical a lo largo de la Historia,banda_raw=AM Virgen de los Reyes,Sevilla
6,Dolores de Torreblanca,"Paso Cristo (corregido en post #740, sustituye a la versión del post original)",2016,elforocofrade.es - Acompañamiento Musical a lo largo de la Historia,banda_raw=AM Virgen de los Reyes,Sevilla
6,Dolores de Torreblanca,"Paso Cristo (corregido en post #740, sustituye a la versión del post original)",2017,elforocofrade.es - Acompañamiento Musical a lo largo de la Historia,banda_raw=AM Virgen de los Reyes,Sevilla
6,Dolores de Torreblanca,"Paso Cristo (corregido en post #740, sustituye a la versión del post original)",2018,elforocofrade.es - Acompañamiento Musical a lo largo de la Historia,banda_raw=AM Virgen de los Reyes,Sevilla
66,Dolores de Torreblanca,Paso de Virgen,1996,elforocofrade.es - Acompañamiento Musical a lo largo de la Historia,banda_raw=B. Ntra Sra Las Nieves de Olivares,Sevilla
66,Dolores de Torreblanca,Paso de Virgen,1997,elforocofrade.es - Acompañamiento Musical a lo largo de la Historia,banda_raw=B. Ntra Sra Las Nieves de Olivares,Sevilla
66,Dolores de Torreblanca,Paso de Virgen,1998,elforocofrade.es - Acompañamiento Musical a lo largo de la Historia,banda_raw=B. Ntra Sra Las Nieves de Olivares,Sevilla
66,Dolores de Torreblanca,Paso de Virgen,1999,elforocofrade.es - Acompañamiento Musical a lo largo de la Historia,banda_raw=B. Ntra Sra Las Nieves de Olivares,Sevilla
66,Dolores de Torreblanca,Paso de Virgen,2000,elforocofrade.es - Acompañamiento Musical a lo largo de la Historia,banda_raw=B. Ntra Sra Las Nieves de Olivares,Sevilla
66,Dolores de Torreblanca,Paso de Virgen,2001,elforocofrade.es - Acompañamiento Musical a lo largo de la Historia,banda_raw=B. Ntra Sra Las Nieves de Olivares,Sevilla
66,Dolores de Torreblanca,Paso de Virgen,2002,elforocofrade.es - Acompañamiento Musical a lo largo de la Historia,banda_raw=B. Ntra Sra Las Nieves de Olivares,Sevilla
66,Dolores de Torreblanca,Paso de Virgen,2003,elforocofrade.es - Acompañamiento Musical a lo largo de la Historia,banda_raw=B. Ntra Sra Las Nieves de Olivares,Sevilla
66,Dolores de Torreblanca,Paso de Virgen,2004,elforocofrade.es - Acompañamiento Musical a lo largo de la Historia,banda_raw=B. Ntra Sra Las Nieves de Olivares,Sevilla
66,Dolores de Torreblanca,Paso de Virgen,2005,elforocofrade.es - Acompañamiento Musical a lo largo de la Historia,banda_raw=B. Ntra Sra Las Nieves de Olivares,Sevilla
66,Dolores de Torreblanca,Paso de Virgen,2006,elforocofrade.es - Acompañamiento Musical a lo largo de la Historia,banda_raw=B. Ntra Sra Las Nieves de Olivares,Sevilla
66,Dolores de Torreblanca,Paso de Virgen,2007,elforocofrade.es - Acompañamiento Musical a lo largo de la Historia,banda_raw=B. Ntra Sra Las Nieves de Olivares,Sevilla
66,Dolores de Torreblanca,Paso de Virgen,2008,elforocofrade.es - Acompañamiento Musical a lo largo de la Historia,banda_raw=B. Ntra Sra Las Nieves de Olivares,Sevilla
66,Dolores de Torreblanca,Paso de Virgen,2009,elforocofrade.es - Acompañamiento Musical a lo largo de la Historia,banda_raw=B. Ntra Sra Las Nieves de Olivares,Sevilla
66,Dolores de Torreblanca,Paso de Virgen,2010,elforocofrade.es - Acompañamiento Musical a lo largo de la Historia,banda_raw=B. Ntra Sra Las Nieves de Olivares,Sevilla
66,Dolores de Torreblanca,Paso de Virgen,2011,elforocofrade.es - Acompañamiento Musical a lo largo de la Historia,banda_raw=B. Ntra Sra Las Nieves de Olivares,Sevilla
66,Dolores de Torreblanca,Paso de Virgen,2012,elforocofrade.es - Acompañamiento Musical a lo largo de la Historia,banda_raw=B. Ntra Sra Las Nieves de Olivares,Sevilla
66,Dolores de Torreblanca,Paso de Virgen,2013,elforocofrade.es - Acompañamiento Musical a lo largo de la Historia,banda_raw=B. Ntra Sra Las Nieves de Olivares,Sevilla
66,Dolores de Torreblanca,Paso de Virgen,2014,elforocofrade.es - Acompañamiento Musical a lo largo de la Historia,banda_raw=B. Ntra Sra Las Nieves de Olivares,Sevilla
66,Dolores de Torreblanca,Paso de Virgen,2015,elforocofrade.es - Acompañamiento Musical a lo largo de la Historia,banda_raw=B. Ntra Sra Las Nieves de Olivares,Sevilla
66,Dolores de Torreblanca,Paso de Virgen,2016,elforocofrade.es - Acompañamiento Musical a lo largo de la Historia,banda_raw=B. Ntra Sra Las Nieves de Olivares,Sevilla
66,Dolores de Torreblanca,Paso de Virgen,2017,elforocofrade.es - Acompañamiento Musical a lo largo de la Historia,banda_raw=B. Ntra Sra Las Nieves de Olivares,Sevilla
66,Dolores de Torreblanca,Paso de Virgen,2018,elforocofrade.es - Acompañamiento Musical a lo largo de la Historia,banda_raw=B. Ntra Sra Las Nieves de Olivares,Sevilla
66,Dolores de Torreblanca,Paso de Virgen,2019,elforocofrade.es - Acompañamiento Musical a lo largo de la Historia,banda_raw=B. Ntra Sra Las Nieves de Olivares,Sevilla
66,Dolores de Torreblanca,Paso de Virgen,2020,elforocofrade.es - Acompañamiento Musical a lo largo de la Historia,banda_raw=B. Ntra Sra Las Nieves de Olivares,Sevilla
66,Dolores de Torreblanca,Paso de Virgen,2021,elforocofrade.es - Acompañamiento Musical a lo largo de la Historia,banda_raw=B. Ntra Sra Las Nieves de Olivares,Sevilla
66,Dolores de Torreblanca,Paso de Virgen,2022,elforocofrade.es - Acompañamiento Musical a lo largo de la Historia,banda_raw=B. Ntra Sra Las Nieves de Olivares,Sevilla
66,Dolores de Torreblanca,Paso de Virgen,2023,elforocofrade.es - Acompañamiento Musical a lo largo de la Historia,banda_raw=B. Ntra Sra Las Nieves de Olivares,Sevilla
66,Dolores de Torreblanca,Paso de Virgen,2024,elforocofrade.es - Acompañamiento Musical a lo largo de la Historia,banda_raw=B. Ntra Sra Las Nieves de Olivares,Sevilla
66,Dolores de Torreblanca,Paso de Virgen,2025,elforocofrade.es - Acompañamiento Musical a lo largo de la Historia,banda_raw=B. Ntra Sra Las Nieves de Olivares,Sevilla
23,Divino Perdon de Alcosa,Paso de Cristo,2022,elforocofrade.es - Acompañamiento Musical a lo largo de la Historia,banda_raw=C y T Presentacion al Pueblo DH,Sevilla
23,Divino Perdon de Alcosa,Paso de Cristo,2023,elforocofrade.es - Acompañamiento Musical a lo largo de la Historia,banda_raw=C y T Presentacion al Pueblo DH,Sevilla
6,Divino Perdon de Alcosa,Paso de Cristo,2024,elforocofrade.es - Acompañamiento Musical a lo largo de la Historia,banda_raw=AM Virgen de los Reyes,Sevilla
6,Divino Perdon de Alcosa,Paso de Cristo,2025,elforocofrade.es - Acompañamiento Musical a lo largo de la Historia,banda_raw=AM Virgen de los Reyes,Sevilla
20,La Borriquita,Paso de Cristo,1985,elforocofrade.es - Acompañamiento Musical a lo largo de la Historia,banda_raw=B. Cristo de las Tres Caídas,Sevilla
20,La Borriquita,Paso de Cristo,1986,elforocofrade.es - Acompañamiento Musical a lo largo de la Historia,banda_raw=B. Cristo de las Tres Caídas,Sevilla
20,La Borriquita,Paso de Cristo,1987,elforocofrade.es - Acompañamiento Musical a lo largo de la Historia,banda_raw=B. Cristo de las Tres Caídas,Sevilla
20,La Borriquita,Paso de Cristo,1988,elforocofrade.es - Acompañamiento Musical a lo largo de la Historia,banda_raw=B. Cristo de las Tres Caídas,Sevilla
20,La Borriquita,Paso de Cristo,1989,elforocofrade.es - Acompañamiento Musical a lo largo de la Historia,banda_raw=B. Cristo de las Tres Caídas,Sevilla
20,La Borriquita,Paso de Cristo,1990,elforocofrade.es - Acompañamiento Musical a lo largo de la Historia,banda_raw=B. Cristo de las Tres Caídas,Sevilla
7,La Borriquita,Paso de Cristo,1991,elforocofrade.es - Acompañamiento Musical a lo largo de la Historia,banda_raw=CyT Ntra. Sra. del Sol,Sevilla
7,La Borriquita,Paso de Cristo,1992,elforocofrade.es - Acompañamiento Musical a lo largo de la Historia,banda_raw=CyT Ntra. Sra. del Sol,Sevilla
7,La Borriquita,Paso de Cristo,1993,elforocofrade.es - Acompañamiento Musical a lo largo de la Historia,banda_raw=CyT Ntra. Sra. del Sol,Sevilla
7,La Borriquita,Paso de Cristo,1994,elforocofrade.es - Acompañamiento Musical a lo largo de la Historia,banda_raw=CyT Ntra. Sra. del Sol,Sevilla
7,La Borriquita,Paso de Cristo,1995,elforocofrade.es - Acompañamiento Musical a lo largo de la Historia,banda_raw=CyT Ntra. Sra. del Sol,Sevilla
7,La Borriquita,Paso de Cristo,1996,elforocofrade.es - Acompañamiento Musical a lo largo de la Historia,banda_raw=CyT Ntra. Sra. del Sol,Sevilla
7,La Borriquita,Paso de Cristo,1997,elforocofrade.es - Acompañamiento Musical a lo largo de la Historia,banda_raw=CyT Ntra. Sra. del Sol,Sevilla
7,La Borriquita,Paso de Cristo,1998,elforocofrade.es - Acompañamiento Musical a lo largo de la Historia,banda_raw=CyT Ntra. Sra. del Sol,Sevilla
7,La Borriquita,Paso de Cristo,1999,elforocofrade.es - Acompañamiento Musical a lo largo de la Historia,banda_raw=CyT Ntra. Sra. del Sol,Sevilla
7,La Borriquita,Paso de Cristo,2000,elforocofrade.es - Acompañamiento Musical a lo largo de la Historia,banda_raw=CyT Ntra. Sra. del Sol,Sevilla
7,La Borriquita,Paso de Cristo,2001,elforocofrade.es - Acompañamiento Musical a lo largo de la Historia,banda_raw=CyT Ntra. Sra. del Sol,Sevilla
7,La Borriquita,Paso de Cristo,2002,elforocofrade.es - Acompañamiento Musical a lo largo de la Historia,banda_raw=CyT Ntra. Sra. del Sol,Sevilla
7,La Borriquita,Paso de Cristo,2003,elforocofrade.es - Acompañamiento Musical a lo largo de la Historia,banda_raw=CyT Ntra. Sra. del Sol,Sevilla
7,La Borriquita,Paso de Cristo,2004,elforocofrade.es - Acompañamiento Musical a lo largo de la Historia,banda_raw=CyT Ntra. Sra. del Sol,Sevilla
7,La Borriquita,Paso de Cristo,2005,elforocofrade.es - Acompañamiento Musical a lo largo de la Historia,banda_raw=CyT Ntra. Sra. del Sol,Sevilla
7,La Borriquita,Paso de Cristo,2006,elforocofrade.es - Acompañamiento Musical a lo largo de la Historia,banda_raw=CyT Ntra. Sra. del Sol,Sevilla
7,La Borriquita,Paso de Cristo,2007,elforocofrade.es - Acompañamiento Musical a lo largo de la Historia,banda_raw=CyT Ntra. Sra. del Sol,Sevilla
7,La Borriquita,Paso de Cristo,2008,elforocofrade.es - Acompañamiento Musical a lo largo de la Historia,banda_raw=CyT Ntra. Sra. del Sol,Sevilla
7,La Borriquita,Paso de Cristo,2009,elforocofrade.es - Acompañamiento Musical a lo largo de la Historia,banda_raw=CyT Ntra. Sra. del Sol,Sevilla
7,La Borriquita,Paso de Cristo,2010,elforocofrade.es - Acompañamiento Musical a lo largo de la Historia,banda_raw=CyT Ntra. Sra. del Sol,Sevilla
7,La Borriquita,Paso de Cristo,2011,elforocofrade.es - Acompañamiento Musical a lo largo de la Historia,banda_raw=CyT Ntra. Sra. del Sol,Sevilla
7,La Borriquita,Paso de Cristo,2012,elforocofrade.es - Acompañamiento Musical a lo largo de la Historia,banda_raw=CyT Ntra. Sra. del Sol,Sevilla
7,La Borriquita,Paso de Cristo,2013,elforocofrade.es - Acompañamiento Musical a lo largo de la Historia,banda_raw=CyT Ntra. Sra. del Sol,Sevilla
7,La Borriquita,Paso de Cristo,2014,elforocofrade.es - Acompañamiento Musical a lo largo de la Historia,banda_raw=CyT Ntra. Sra. del Sol,Sevilla
7,La Borriquita,Paso de Cristo,2015,elforocofrade.es - Acompañamiento Musical a lo largo de la Historia,banda_raw=CyT Ntra. Sra. del Sol,Sevilla
7,La Borriquita,Paso de Cristo,2016,elforocofrade.es - Acompañamiento Musical a lo largo de la Historia,banda_raw=CyT Ntra. Sra. del Sol,Sevilla
7,La Borriquita,Paso de Cristo,2017,elforocofrade.es - Acompañamiento Musical a lo largo de la Historia,banda_raw=CyT Ntra. Sra. del Sol,Sevilla
7,La Borriquita,Paso de Cristo,2018,elforocofrade.es - Acompañamiento Musical a lo largo de la Historia,banda_raw=CyT Ntra. Sra. del Sol,Sevilla
7,La Borriquita,Paso de Cristo,2019,elforocofrade.es - Acompañamiento Musical a lo largo de la Historia,banda_raw=CyT Ntra. Sra. del Sol,Sevilla
7,La Borriquita,Paso de Cristo,2020,elforocofrade.es - Acompañamiento Musical a lo largo de la Historia,banda_raw=CyT Ntra. Sra. del Sol,Sevilla
7,La Borriquita,Paso de Cristo,2021,elforocofrade.es - Acompañamiento Musical a lo largo de la Historia,banda_raw=CyT Ntra. Sra. del Sol,Sevilla
7,La Borriquita,Paso de Cristo,2022,elforocofrade.es - Acompañamiento Musical a lo largo de la Historia,banda_raw=CyT Ntra. Sra. del Sol,Sevilla
7,La Borriquita,Paso de Cristo,2023,elforocofrade.es - Acompañamiento Musical a lo largo de la Historia,banda_raw=CyT Ntra. Sra. del Sol,Sevilla
7,La Borriquita,Paso de Cristo,2024,elforocofrade.es - Acompañamiento Musical a lo largo de la Historia,banda_raw=CyT Ntra. Sra. del Sol,Sevilla
7,La Borriquita,Paso de Cristo,2025,elforocofrade.es - Acompañamiento Musical a lo largo de la Historia,banda_raw=CyT Ntra. Sra. del Sol,Sevilla
52,Jesus Despojado,Paso de Cristo,1992,elforocofrade.es - Acompañamiento Musical a lo largo de la Historia,banda_raw=B. Stmo. Cristo de la Sed,Sevilla
52,Jesus Despojado,Paso de Cristo,1993,elforocofrade.es - Acompañamiento Musical a lo largo de la Historia,banda_raw=B. Stmo. Cristo de la Sed,Sevilla
52,Jesus Despojado,Paso de Cristo,1994,elforocofrade.es - Acompañamiento Musical a lo largo de la Historia,banda_raw=B. Stmo. Cristo de la Sed,Sevilla
52,Jesus Despojado,Paso de Cristo,1995,elforocofrade.es - Acompañamiento Musical a lo largo de la Historia,banda_raw=B. Stmo. Cristo de la Sed,Sevilla
6,Jesus Despojado,Paso de Cristo,2012,elforocofrade.es - Acompañamiento Musical a lo largo de la Historia,banda_raw=AM Virgen de los Reyes,Sevilla
6,Jesus Despojado,Paso de Cristo,2013,elforocofrade.es - Acompañamiento Musical a lo largo de la Historia,banda_raw=AM Virgen de los Reyes,Sevilla
6,Jesus Despojado,Paso de Cristo,2014,elforocofrade.es - Acompañamiento Musical a lo largo de la Historia,banda_raw=AM Virgen de los Reyes,Sevilla
6,Jesus Despojado,Paso de Cristo,2015,elforocofrade.es - Acompañamiento Musical a lo largo de la Historia,banda_raw=AM Virgen de los Reyes,Sevilla
6,Jesus Despojado,Paso de Cristo,2016,elforocofrade.es - Acompañamiento Musical a lo largo de la Historia,banda_raw=AM Virgen de los Reyes,Sevilla
6,Jesus Despojado,Paso de Cristo,2017,elforocofrade.es - Acompañamiento Musical a lo largo de la Historia,banda_raw=AM Virgen de los Reyes,Sevilla
6,Jesus Despojado,Paso de Cristo,2018,elforocofrade.es - Acompañamiento Musical a lo largo de la Historia,banda_raw=AM Virgen de los Reyes,Sevilla
6,Jesus Despojado,Paso de Cristo,2019,elforocofrade.es - Acompañamiento Musical a lo largo de la Historia,banda_raw=AM Virgen de los Reyes,Sevilla
6,Jesus Despojado,Paso de Cristo,2020,elforocofrade.es - Acompañamiento Musical a lo largo de la Historia,banda_raw=AM Virgen de los Reyes,Sevilla
6,Jesus Despojado,Paso de Cristo,2021,elforocofrade.es - Acompañamiento Musical a lo largo de la Historia,banda_raw=AM Virgen de los Reyes,Sevilla
6,Jesus Despojado,Paso de Cristo,2022,elforocofrade.es - Acompañamiento Musical a lo largo de la Historia,banda_raw=AM Virgen de los Reyes,Sevilla
6,Jesus Despojado,Paso de Cristo,2023,elforocofrade.es - Acompañamiento Musical a lo largo de la Historia,banda_raw=AM Virgen de los Reyes,Sevilla
6,Jesus Despojado,Paso de Cristo,2024,elforocofrade.es - Acompañamiento Musical a lo largo de la Historia,banda_raw=AM Virgen de los Reyes,Sevilla
6,Jesus Despojado,Paso de Cristo,2025,elforocofrade.es - Acompañamiento Musical a lo largo de la Historia,banda_raw=AM Virgen de los Reyes,Sevilla
166,Jesus Despojado,Paso de Virgen,1991,elforocofrade.es - Acompañamiento Musical a lo largo de la Historia,banda_raw=B. de la Esperanza de Triana,Sevilla
166,Jesus Despojado,Paso de Virgen,1992,elforocofrade.es - Acompañamiento Musical a lo largo de la Historia,banda_raw=B. de la Esperanza de Triana,Sevilla
20,La Paz,Paso de Cristo,1982,elforocofrade.es - Acompañamiento Musical a lo largo de la Historia,banda_raw=B. Stmo. Cristo de las Tres Caídas,Sevilla
20,La Paz,Paso de Cristo,1983,elforocofrade.es - Acompañamiento Musical a lo largo de la Historia,banda_raw=B. Stmo. Cristo de las Tres Caídas,Sevilla
20,La Paz,Paso de Cristo,1984,elforocofrade.es - Acompañamiento Musical a lo largo de la Historia,banda_raw=B. Stmo. Cristo de las Tres Caídas,Sevilla
103,La Paz,Paso de Cristo,1987,elforocofrade.es - Acompañamiento Musical a lo largo de la Historia,banda_raw=A. M. San Julián,Sevilla
103,La Paz,Paso de Cristo,1988,elforocofrade.es - Acompañamiento Musical a lo largo de la Historia,banda_raw=A. M. San Julián,Sevilla
103,La Paz,Paso de Cristo,1989,elforocofrade.es - Acompañamiento Musical a lo largo de la Historia,banda_raw=A. M. San Julián,Sevilla
103,La Paz,Paso de Cristo,1990,elforocofrade.es - Acompañamiento Musical a lo largo de la Historia,banda_raw=A. M. San Julián,Sevilla
103,La Paz,Paso de Cristo,1991,elforocofrade.es - Acompañamiento Musical a lo largo de la Historia,banda_raw=A. M. San Julián,Sevilla
105,La Paz,Paso de Virgen,1980,elforocofrade.es - Acompañamiento Musical a lo largo de la Historia,banda_raw=B. de la Inmaculada (Soria 9),Sevilla
105,La Paz,Paso de Virgen,1981,elforocofrade.es - Acompañamiento Musical a lo largo de la Historia,banda_raw=B. de la Inmaculada (Soria 9),Sevilla
105,La Paz,Paso de Virgen,1982,elforocofrade.es - Acompañamiento Musical a lo largo de la Historia,banda_raw=B. de la Inmaculada (Soria 9),Sevilla
105,La Paz,Paso de Virgen,1983,elforocofrade.es - Acompañamiento Musical a lo largo de la Historia,banda_raw=B. de la Inmaculada (Soria 9),Sevilla
105,La Paz,Paso de Virgen,1984,elforocofrade.es - Acompañamiento Musical a lo largo de la Historia,banda_raw=B. de la Inmaculada (Soria 9),Sevilla
113,San Roque,Paso de Cristo,2020,elforocofrade.es - Acompañamiento Musical a lo largo de la Historia,banda_raw=CyT Esencia,Sevilla
113,San Roque,Paso de Cristo,2021,elforocofrade.es - Acompañamiento Musical a lo largo de la Historia,banda_raw=CyT Esencia,Sevilla
113,San Roque,Paso de Cristo,2022,elforocofrade.es - Acompañamiento Musical a lo largo de la Historia,banda_raw=CyT Esencia,Sevilla
113,San Roque,Paso de Cristo,2023,elforocofrade.es - Acompañamiento Musical a lo largo de la Historia,banda_raw=CyT Esencia,Sevilla
166,San Roque,Paso de Virgen,1988,elforocofrade.es - Acompañamiento Musical a lo largo de la Historia,banda_raw=B. de la Esperanza de Triana,Sevilla
66,San Roque,Paso de Virgen,1993,elforocofrade.es - Acompañamiento Musical a lo largo de la Historia,banda_raw=BM Ntra Sra de Las Nieves de Olivares,Sevilla
66,San Roque,Paso de Virgen,1994,elforocofrade.es - Acompañamiento Musical a lo largo de la Historia,banda_raw=BM Ntra Sra de Las Nieves de Olivares,Sevilla
66,San Roque,Paso de Virgen,1995,elforocofrade.es - Acompañamiento Musical a lo largo de la Historia,banda_raw=BM Ntra Sra de Las Nieves de Olivares,Sevilla
66,San Roque,Paso de Virgen,1996,elforocofrade.es - Acompañamiento Musical a lo largo de la Historia,banda_raw=BM Ntra Sra de Las Nieves de Olivares,Sevilla
66,San Roque,Paso de Virgen,1997,elforocofrade.es - Acompañamiento Musical a lo largo de la Historia,banda_raw=BM Ntra Sra de Las Nieves de Olivares,Sevilla
66,San Roque,Paso de Virgen,1998,elforocofrade.es - Acompañamiento Musical a lo largo de la Historia,banda_raw=BM Ntra Sra de Las Nieves de Olivares,Sevilla
66,San Roque,Paso de Virgen,1999,elforocofrade.es - Acompañamiento Musical a lo largo de la Historia,banda_raw=BM Ntra Sra de Las Nieves de Olivares,Sevilla
66,San Roque,Paso de Virgen,2000,elforocofrade.es - Acompañamiento Musical a lo largo de la Historia,banda_raw=BM Ntra Sra de Las Nieves de Olivares,Sevilla
66,San Roque,Paso de Virgen,2001,elforocofrade.es - Acompañamiento Musical a lo largo de la Historia,banda_raw=BM Ntra Sra de Las Nieves de Olivares,Sevilla
66,San Roque,Paso de Virgen,2002,elforocofrade.es - Acompañamiento Musical a lo largo de la Historia,banda_raw=BM Ntra Sra de Las Nieves de Olivares,Sevilla
66,San Roque,Paso de Virgen,2003,elforocofrade.es - Acompañamiento Musical a lo largo de la Historia,banda_raw=BM Ntra Sra de Las Nieves de Olivares,Sevilla
66,San Roque,Paso de Virgen,2004,elforocofrade.es - Acompañamiento Musical a lo largo de la Historia,banda_raw=BM Ntra Sra de Las Nieves de Olivares,Sevilla
66,San Roque,Paso de Virgen,2005,elforocofrade.es - Acompañamiento Musical a lo largo de la Historia,banda_raw=BM Ntra Sra de Las Nieves de Olivares,Sevilla
66,San Roque,Paso de Virgen,2006,elforocofrade.es - Acompañamiento Musical a lo largo de la Historia,banda_raw=BM Ntra Sra de Las Nieves de Olivares,Sevilla
66,San Roque,Paso de Virgen,2007,elforocofrade.es - Acompañamiento Musical a lo largo de la Historia,banda_raw=BM Ntra Sra de Las Nieves de Olivares,Sevilla
66,San Roque,Paso de Virgen,2008,elforocofrade.es - Acompañamiento Musical a lo largo de la Historia,banda_raw=BM Ntra Sra de Las Nieves de Olivares,Sevilla
66,San Roque,Paso de Virgen,2009,elforocofrade.es - Acompañamiento Musical a lo largo de la Historia,banda_raw=BM Ntra Sra de Las Nieves de Olivares,Sevilla
66,San Roque,Paso de Virgen,2010,elforocofrade.es - Acompañamiento Musical a lo largo de la Historia,banda_raw=BM Ntra Sra de Las Nieves de Olivares,Sevilla
66,San Roque,Paso de Virgen,2011,elforocofrade.es - Acompañamiento Musical a lo largo de la Historia,banda_raw=BM Ntra Sra de Las Nieves de Olivares,Sevilla
66,San Roque,Paso de Virgen,2012,elforocofrade.es - Acompañamiento Musical a lo largo de la Historia,banda_raw=BM Ntra Sra de Las Nieves de Olivares,Sevilla
66,San Roque,Paso de Virgen,2013,elforocofrade.es - Acompañamiento Musical a lo largo de la Historia,banda_raw=BM Ntra Sra de Las Nieves de Olivares,Sevilla
66,San Roque,Paso de Virgen,2014,elforocofrade.es - Acompañamiento Musical a lo largo de la Historia,banda_raw=BM Ntra Sra de Las Nieves de Olivares,Sevilla
66,San Roque,Paso de Virgen,2015,elforocofrade.es - Acompañamiento Musical a lo largo de la Historia,banda_raw=BM Ntra Sra de Las Nieves de Olivares,Sevilla
21,La Estrella,Paso de Cristo,1985,elforocofrade.es - Acompañamiento Musical a lo largo de la Historia,banda_raw=B. de San Juan de Aznalfarache,Sevilla
23,La Estrella,Paso de Cristo,1991,elforocofrade.es - Acompañamiento Musical a lo largo de la Historia,banda_raw=CyT Presentación al Pueblo de Dos Hermanas,Sevilla
23,La Estrella,Paso de Cristo,1992,elforocofrade.es - Acompañamiento Musical a lo largo de la Historia,banda_raw=CyT Presentación al Pueblo de Dos Hermanas,Sevilla
23,La Estrella,Paso de Cristo,1993,elforocofrade.es - Acompañamiento Musical a lo largo de la Historia,banda_raw=CyT Presentación al Pueblo de Dos Hermanas,Sevilla
23,La Estrella,Paso de Cristo,1994,elforocofrade.es - Acompañamiento Musical a lo largo de la Historia,banda_raw=CyT Presentación al Pueblo de Dos Hermanas,Sevilla
23,La Estrella,Paso de Cristo,1995,elforocofrade.es - Acompañamiento Musical a lo largo de la Historia,banda_raw=CyT Presentación al Pueblo de Dos Hermanas,Sevilla
23,La Estrella,Paso de Cristo,1996,elforocofrade.es - Acompañamiento Musical a lo largo de la Historia,banda_raw=CyT Presentación al Pueblo de Dos Hermanas,Sevilla
23,La Estrella,Paso de Cristo,1997,elforocofrade.es - Acompañamiento Musical a lo largo de la Historia,banda_raw=CyT Presentación al Pueblo de Dos Hermanas,Sevilla
23,La Estrella,Paso de Cristo,1998,elforocofrade.es - Acompañamiento Musical a lo largo de la Historia,banda_raw=CyT Presentación al Pueblo de Dos Hermanas,Sevilla
23,La Estrella,Paso de Cristo,1999,elforocofrade.es - Acompañamiento Musical a lo largo de la Historia,banda_raw=CyT Presentación al Pueblo de Dos Hermanas,Sevilla
23,La Estrella,Paso de Cristo,2000,elforocofrade.es - Acompañamiento Musical a lo largo de la Historia,banda_raw=CyT Presentación al Pueblo de Dos Hermanas,Sevilla
23,La Estrella,Paso de Cristo,2001,elforocofrade.es - Acompañamiento Musical a lo largo de la Historia,banda_raw=CyT Presentación al Pueblo de Dos Hermanas,Sevilla
23,La Estrella,Paso de Cristo,2002,elforocofrade.es - Acompañamiento Musical a lo largo de la Historia,banda_raw=CyT Presentación al Pueblo de Dos Hermanas,Sevilla
23,La Estrella,Paso de Cristo,2003,elforocofrade.es - Acompañamiento Musical a lo largo de la Historia,banda_raw=CyT Presentación al Pueblo de Dos Hermanas,Sevilla
23,La Estrella,Paso de Cristo,2004,elforocofrade.es - Acompañamiento Musical a lo largo de la Historia,banda_raw=CyT Presentación al Pueblo de Dos Hermanas,Sevilla
23,La Estrella,Paso de Cristo,2005,elforocofrade.es - Acompañamiento Musical a lo largo de la Historia,banda_raw=CyT Presentación al Pueblo de Dos Hermanas,Sevilla
23,La Estrella,Paso de Cristo,2006,elforocofrade.es - Acompañamiento Musical a lo largo de la Historia,banda_raw=CyT Presentación al Pueblo de Dos Hermanas,Sevilla
23,La Estrella,Paso de Cristo,2007,elforocofrade.es - Acompañamiento Musical a lo largo de la Historia,banda_raw=CyT Presentación al Pueblo de Dos Hermanas,Sevilla
23,La Estrella,Paso de Cristo,2008,elforocofrade.es - Acompañamiento Musical a lo largo de la Historia,banda_raw=CyT Presentación al Pueblo de Dos Hermanas,Sevilla
23,La Estrella,Paso de Cristo,2009,elforocofrade.es - Acompañamiento Musical a lo largo de la Historia,banda_raw=CyT Presentación al Pueblo de Dos Hermanas,Sevilla
23,La Estrella,Paso de Cristo,2010,elforocofrade.es - Acompañamiento Musical a lo largo de la Historia,banda_raw=CyT Presentación al Pueblo de Dos Hermanas,Sevilla
23,La Estrella,Paso de Cristo,2011,elforocofrade.es - Acompañamiento Musical a lo largo de la Historia,banda_raw=CyT Presentación al Pueblo de Dos Hermanas,Sevilla
23,La Estrella,Paso de Cristo,2012,elforocofrade.es - Acompañamiento Musical a lo largo de la Historia,banda_raw=CyT Presentación al Pueblo de Dos Hermanas,Sevilla
23,La Estrella,Paso de Cristo,2013,elforocofrade.es - Acompañamiento Musical a lo largo de la Historia,banda_raw=CyT Presentación al Pueblo de Dos Hermanas,Sevilla
23,La Estrella,Paso de Cristo,2014,elforocofrade.es - Acompañamiento Musical a lo largo de la Historia,banda_raw=CyT Presentación al Pueblo de Dos Hermanas,Sevilla
23,La Estrella,Paso de Cristo,2015,elforocofrade.es - Acompañamiento Musical a lo largo de la Historia,banda_raw=CyT Presentación al Pueblo de Dos Hermanas,Sevilla
23,La Estrella,Paso de Cristo,2016,elforocofrade.es - Acompañamiento Musical a lo largo de la Historia,banda_raw=CyT Presentación al Pueblo de Dos Hermanas,Sevilla
23,La Estrella,Paso de Cristo,2017,elforocofrade.es - Acompañamiento Musical a lo largo de la Historia,banda_raw=CyT Presentación al Pueblo de Dos Hermanas,Sevilla
23,La Estrella,Paso de Cristo,2018,elforocofrade.es - Acompañamiento Musical a lo largo de la Historia,banda_raw=CyT Presentación al Pueblo de Dos Hermanas,Sevilla
23,La Estrella,Paso de Cristo,2019,elforocofrade.es - Acompañamiento Musical a lo largo de la Historia,banda_raw=CyT Presentación al Pueblo de Dos Hermanas,Sevilla
23,La Estrella,Paso de Cristo,2020,elforocofrade.es - Acompañamiento Musical a lo largo de la Historia,banda_raw=CyT Presentación al Pueblo de Dos Hermanas,Sevilla
23,La Estrella,Paso de Cristo,2021,elforocofrade.es - Acompañamiento Musical a lo largo de la Historia,banda_raw=CyT Presentación al Pueblo de Dos Hermanas,Sevilla
23,La Estrella,Paso de Cristo,2022,elforocofrade.es - Acompañamiento Musical a lo largo de la Historia,banda_raw=CyT Presentación al Pueblo de Dos Hermanas,Sevilla
23,La Estrella,Paso de Cristo,2023,elforocofrade.es - Acompañamiento Musical a lo largo de la Historia,banda_raw=CyT Presentación al Pueblo de Dos Hermanas,Sevilla
264,La Amargura,Paso de Cristo,1980,elforocofrade.es - Acompañamiento Musical a lo largo de la Historia,banda_raw=B. de la Policía Municipal,Sevilla
264,La Amargura,Paso de Cristo,1981,elforocofrade.es - Acompañamiento Musical a lo largo de la Historia,banda_raw=B. de la Policía Municipal,Sevilla
132,La Amargura,Paso de Cristo,1982,elforocofrade.es - Acompañamiento Musical a lo largo de la Historia,banda_raw=B. del Maestro Patón,Sevilla
132,La Amargura,Paso de Cristo,1983,elforocofrade.es - Acompañamiento Musical a lo largo de la Historia,banda_raw=B. del Maestro Patón,Sevilla
132,La Amargura,Paso de Cristo,1984,elforocofrade.es - Acompañamiento Musical a lo largo de la Historia,banda_raw=B. del Maestro Patón,Sevilla
132,La Amargura,Paso de Cristo,1985,elforocofrade.es - Acompañamiento Musical a lo largo de la Historia,banda_raw=B. del Maestro Patón,Sevilla
132,La Amargura,Paso de Cristo,1986,elforocofrade.es - Acompañamiento Musical a lo largo de la Historia,banda_raw=B. del Maestro Patón,Sevilla
132,La Amargura,Paso de Cristo,1987,elforocofrade.es - Acompañamiento Musical a lo largo de la Historia,banda_raw=B. del Maestro Patón,Sevilla
132,La Amargura,Paso de Cristo,1988,elforocofrade.es - Acompañamiento Musical a lo largo de la Historia,banda_raw=B. del Maestro Patón,Sevilla
132,La Amargura,Paso de Cristo,1989,elforocofrade.es - Acompañamiento Musical a lo largo de la Historia,banda_raw=B. del Maestro Patón,Sevilla
132,La Amargura,Paso de Cristo,1990,elforocofrade.es - Acompañamiento Musical a lo largo de la Historia,banda_raw=B. del Maestro Patón,Sevilla
132,La Amargura,Paso de Cristo,1991,elforocofrade.es - Acompañamiento Musical a lo largo de la Historia,banda_raw=B. del Maestro Patón,Sevilla
20,La Amargura,Paso de Cristo,1992,elforocofrade.es - Acompañamiento Musical a lo largo de la Historia,banda_raw=CyT Cristo de las Tres Caídas,Sevilla
20,La Amargura,Paso de Cristo,1993,elforocofrade.es - Acompañamiento Musical a lo largo de la Historia,banda_raw=CyT Cristo de las Tres Caídas,Sevilla
20,La Amargura,Paso de Cristo,1994,elforocofrade.es - Acompañamiento Musical a lo largo de la Historia,banda_raw=CyT Cristo de las Tres Caídas,Sevilla
20,La Amargura,Paso de Cristo,1995,elforocofrade.es - Acompañamiento Musical a lo largo de la Historia,banda_raw=CyT Cristo de las Tres Caídas,Sevilla
20,La Amargura,Paso de Cristo,1996,elforocofrade.es - Acompañamiento Musical a lo largo de la Historia,banda_raw=CyT Cristo de las Tres Caídas,Sevilla
20,La Amargura,Paso de Cristo,1997,elforocofrade.es - Acompañamiento Musical a lo largo de la Historia,banda_raw=CyT Cristo de las Tres Caídas,Sevilla
20,La Amargura,Paso de Cristo,1998,elforocofrade.es - Acompañamiento Musical a lo largo de la Historia,banda_raw=CyT Cristo de las Tres Caídas,Sevilla
20,La Amargura,Paso de Cristo,1999,elforocofrade.es - Acompañamiento Musical a lo largo de la Historia,banda_raw=CyT Cristo de las Tres Caídas,Sevilla
20,La Amargura,Paso de Cristo,2000,elforocofrade.es - Acompañamiento Musical a lo largo de la Historia,banda_raw=CyT Cristo de las Tres Caídas,Sevilla
20,La Amargura,Paso de Cristo,2001,elforocofrade.es - Acompañamiento Musical a lo largo de la Historia,banda_raw=CyT Cristo de las Tres Caídas,Sevilla
20,La Amargura,Paso de Cristo,2002,elforocofrade.es - Acompañamiento Musical a lo largo de la Historia,banda_raw=CyT Cristo de las Tres Caídas,Sevilla
20,La Amargura,Paso de Cristo,2003,elforocofrade.es - Acompañamiento Musical a lo largo de la Historia,banda_raw=CyT Cristo de las Tres Caídas,Sevilla
20,La Amargura,Paso de Cristo,2004,elforocofrade.es - Acompañamiento Musical a lo largo de la Historia,banda_raw=CyT Cristo de las Tres Caídas,Sevilla
20,La Amargura,Paso de Cristo,2005,elforocofrade.es - Acompañamiento Musical a lo largo de la Historia,banda_raw=CyT Cristo de las Tres Caídas,Sevilla
20,La Amargura,Paso de Cristo,2006,elforocofrade.es - Acompañamiento Musical a lo largo de la Historia,banda_raw=CyT Cristo de las Tres Caídas,Sevilla
20,La Amargura,Paso de Cristo,2007,elforocofrade.es - Acompañamiento Musical a lo largo de la Historia,banda_raw=CyT Cristo de las Tres Caídas,Sevilla
20,La Amargura,Paso de Cristo,2008,elforocofrade.es - Acompañamiento Musical a lo largo de la Historia,banda_raw=CyT Cristo de las Tres Caídas,Sevilla
20,La Amargura,Paso de Cristo,2009,elforocofrade.es - Acompañamiento Musical a lo largo de la Historia,banda_raw=CyT Cristo de las Tres Caídas,Sevilla
20,La Amargura,Paso de Cristo,2010,elforocofrade.es - Acompañamiento Musical a lo largo de la Historia,banda_raw=CyT Cristo de las Tres Caídas,Sevilla
20,La Amargura,Paso de Cristo,2011,elforocofrade.es - Acompañamiento Musical a lo largo de la Historia,banda_raw=CyT Cristo de las Tres Caídas,Sevilla
20,La Amargura,Paso de Cristo,2012,elforocofrade.es - Acompañamiento Musical a lo largo de la Historia,banda_raw=CyT Cristo de las Tres Caídas,Sevilla
20,La Amargura,Paso de Cristo,2013,elforocofrade.es - Acompañamiento Musical a lo largo de la Historia,banda_raw=CyT Cristo de las Tres Caídas,Sevilla
20,La Amargura,Paso de Cristo,2014,elforocofrade.es - Acompañamiento Musical a lo largo de la Historia,banda_raw=CyT Cristo de las Tres Caídas,Sevilla
20,La Amargura,Paso de Cristo,2015,elforocofrade.es - Acompañamiento Musical a lo largo de la Historia,banda_raw=CyT Cristo de las Tres Caídas,Sevilla
20,La Amargura,Paso de Cristo,2016,elforocofrade.es - Acompañamiento Musical a lo largo de la Historia,banda_raw=CyT Cristo de las Tres Caídas,Sevilla
20,La Amargura,Paso de Cristo,2017,elforocofrade.es - Acompañamiento Musical a lo largo de la Historia,banda_raw=CyT Cristo de las Tres Caídas,Sevilla
20,La Amargura,Paso de Cristo,2018,elforocofrade.es - Acompañamiento Musical a lo largo de la Historia,banda_raw=CyT Cristo de las Tres Caídas,Sevilla
20,La Amargura,Paso de Cristo,2019,elforocofrade.es - Acompañamiento Musical a lo largo de la Historia,banda_raw=CyT Cristo de las Tres Caídas,Sevilla
20,La Amargura,Paso de Cristo,2020,elforocofrade.es - Acompañamiento Musical a lo largo de la Historia,banda_raw=CyT Cristo de las Tres Caídas,Sevilla
20,La Amargura,Paso de Cristo,2021,elforocofrade.es - Acompañamiento Musical a lo largo de la Historia,banda_raw=CyT Cristo de las Tres Caídas,Sevilla
20,La Amargura,Paso de Cristo,2022,elforocofrade.es - Acompañamiento Musical a lo largo de la Historia,banda_raw=CyT Cristo de las Tres Caídas,Sevilla
20,La Amargura,Paso de Cristo,2023,elforocofrade.es - Acompañamiento Musical a lo largo de la Historia,banda_raw=CyT Cristo de las Tres Caídas,Sevilla
20,La Amargura,Paso de Cristo,2024,elforocofrade.es - Acompañamiento Musical a lo largo de la Historia,banda_raw=CyT Cristo de las Tres Caídas,Sevilla
20,La Amargura,Paso de Cristo,2025,elforocofrade.es - Acompañamiento Musical a lo largo de la Historia,banda_raw=CyT Cristo de las Tres Caídas,Sevilla
105,La Amargura,Paso de Virgen,1982,elforocofrade.es - Acompañamiento Musical a lo largo de la Historia,banda_raw=B. de la Inmaculada (Soria 9),Sevilla
105,La Amargura,Paso de Virgen,1983,elforocofrade.es - Acompañamiento Musical a lo largo de la Historia,banda_raw=B. de la Inmaculada (Soria 9),Sevilla
105,La Amargura,Paso de Virgen,1984,elforocofrade.es - Acompañamiento Musical a lo largo de la Historia,banda_raw=B. de la Inmaculada (Soria 9),Sevilla
166,El Amor,Paso de Virgen,1980,elforocofrade.es - Acompañamiento Musical a lo largo de la Historia,banda_raw=B. de la Esperanza de Triana,Sevilla
166,El Amor,Paso de Virgen,1981,elforocofrade.es - Acompañamiento Musical a lo largo de la Historia,banda_raw=B. de la Esperanza de Triana,Sevilla
166,El Amor,Paso de Virgen,1982,elforocofrade.es - Acompañamiento Musical a lo largo de la Historia,banda_raw=B. de la Esperanza de Triana,Sevilla
166,El Amor,Paso de Virgen,1983,elforocofrade.es - Acompañamiento Musical a lo largo de la Historia,banda_raw=B. de la Esperanza de Triana,Sevilla
66,El Beso de Judas,Paso de Palio,2020,elforocofrade.es - Acompañamiento Musical a lo largo de la Historia,banda_raw=BM Santa María de las Nieves de Olivares,Sevilla
66,El Beso de Judas,Paso de Palio,2021,elforocofrade.es - Acompañamiento Musical a lo largo de la Historia,banda_raw=BM Santa María de las Nieves de Olivares,Sevilla
132,Santa Genoveva,Paso Cristo (Cautivo),1980,elforocofrade.es - Acompañamiento Musical a lo largo de la Historia,banda_raw=CCTT Maestro Patón,Sevilla
108,Santa Genoveva,Paso Cristo (Cautivo),1987,elforocofrade.es - Acompañamiento Musical a lo largo de la Historia,banda_raw=AM Trinidad,Sevilla
108,Santa Genoveva,Paso Cristo (Cautivo),1988,elforocofrade.es - Acompañamiento Musical a lo largo de la Historia,banda_raw=AM Trinidad,Sevilla
108,Santa Genoveva,Paso Cristo (Cautivo),1989,elforocofrade.es - Acompañamiento Musical a lo largo de la Historia,banda_raw=AM Trinidad,Sevilla
108,Santa Genoveva,Paso Cristo (Cautivo),1990,elforocofrade.es - Acompañamiento Musical a lo largo de la Historia,banda_raw=AM Trinidad,Sevilla
7,Santa Genoveva,Paso Cristo (Cautivo),1991,elforocofrade.es - Acompañamiento Musical a lo largo de la Historia,banda_raw=CCTT Sol,Sevilla
7,Santa Genoveva,Paso Cristo (Cautivo),1992,elforocofrade.es - Acompañamiento Musical a lo largo de la Historia,banda_raw=CCTT Sol,Sevilla
7,Santa Genoveva,Paso Cristo (Cautivo),1993,elforocofrade.es - Acompañamiento Musical a lo largo de la Historia,banda_raw=CCTT Sol,Sevilla
205,Santa Genoveva,Paso Cristo (Cautivo),1994,elforocofrade.es - Acompañamiento Musical a lo largo de la Historia,banda_raw=CCTT Tres Caídas,Sevilla
205,Santa Genoveva,Paso Cristo (Cautivo),1995,elforocofrade.es - Acompañamiento Musical a lo largo de la Historia,banda_raw=CCTT Tres Caídas,Sevilla
205,Santa Genoveva,Paso Cristo (Cautivo),1996,elforocofrade.es - Acompañamiento Musical a lo largo de la Historia,banda_raw=CCTT Tres Caídas,Sevilla
205,Santa Genoveva,Paso Cristo (Cautivo),1997,elforocofrade.es - Acompañamiento Musical a lo largo de la Historia,banda_raw=CCTT Tres Caídas,Sevilla
205,Santa Genoveva,Paso Cristo (Cautivo),1998,elforocofrade.es - Acompañamiento Musical a lo largo de la Historia,banda_raw=CCTT Tres Caídas,Sevilla
205,Santa Genoveva,Paso Cristo (Cautivo),1999,elforocofrade.es - Acompañamiento Musical a lo largo de la Historia,banda_raw=CCTT Tres Caídas,Sevilla
205,Santa Genoveva,Paso Cristo (Cautivo),2000,elforocofrade.es - Acompañamiento Musical a lo largo de la Historia,banda_raw=CCTT Tres Caídas,Sevilla
205,Santa Genoveva,Paso Cristo (Cautivo),2001,elforocofrade.es - Acompañamiento Musical a lo largo de la Historia,banda_raw=CCTT Tres Caídas,Sevilla
48,Santa Genoveva,Paso Cristo (Cautivo),2019,elforocofrade.es - Acompañamiento Musical a lo largo de la Historia,banda_raw=AM Pasión de Linares,Sevilla
48,Santa Genoveva,Paso Cristo (Cautivo),2020,elforocofrade.es - Acompañamiento Musical a lo largo de la Historia,banda_raw=AM Pasión de Linares,Sevilla
48,Santa Genoveva,Paso Cristo (Cautivo),2021,elforocofrade.es - Acompañamiento Musical a lo largo de la Historia,banda_raw=AM Pasión de Linares,Sevilla
48,Santa Genoveva,Paso Cristo (Cautivo),2022,elforocofrade.es - Acompañamiento Musical a lo largo de la Historia,banda_raw=AM Pasión de Linares,Sevilla
48,Santa Genoveva,Paso Cristo (Cautivo),2023,elforocofrade.es - Acompañamiento Musical a lo largo de la Historia,banda_raw=AM Pasión de Linares,Sevilla
48,Santa Genoveva,Paso Cristo (Cautivo),2024,elforocofrade.es - Acompañamiento Musical a lo largo de la Historia,banda_raw=AM Pasión de Linares,Sevilla
48,Santa Genoveva,Paso Cristo (Cautivo),2025,elforocofrade.es - Acompañamiento Musical a lo largo de la Historia,banda_raw=AM Pasión de Linares,Sevilla
264,San Gonzalo,Paso Cristo (Misterio),1980,elforocofrade.es - Acompañamiento Musical a lo largo de la Historia,banda_raw=CyT de la Policía Municipal,Sevilla
16,San Gonzalo,Paso Cristo (Misterio),1981,elforocofrade.es - Acompañamiento Musical a lo largo de la Historia,banda_raw=CyT Las Cigarreras,Sevilla
16,San Gonzalo,Paso Cristo (Misterio),1982,elforocofrade.es - Acompañamiento Musical a lo largo de la Historia,banda_raw=CyT Las Cigarreras,Sevilla
16,San Gonzalo,Paso Cristo (Misterio),1983,elforocofrade.es - Acompañamiento Musical a lo largo de la Historia,banda_raw=CyT Las Cigarreras,Sevilla
205,San Gonzalo,Paso Cristo (Misterio),1984,elforocofrade.es - Acompañamiento Musical a lo largo de la Historia,banda_raw=CyT Tres Caídas,Sevilla
7,Las Aguas,Paso Cristo (Misterio),1999,elforocofrade.es - Acompañamiento Musical a lo largo de la Historia,banda_raw=CyT Sol,Sevilla
7,Las Aguas,Paso Cristo (Misterio),2000,elforocofrade.es - Acompañamiento Musical a lo largo de la Historia,banda_raw=CyT Sol,Sevilla
7,Las Aguas,Paso Cristo (Misterio),2001,elforocofrade.es - Acompañamiento Musical a lo largo de la Historia,banda_raw=CyT Sol,Sevilla
7,Las Aguas,Paso Cristo (Misterio),2002,elforocofrade.es - Acompañamiento Musical a lo largo de la Historia,banda_raw=CyT Sol,Sevilla
7,Las Aguas,Paso Cristo (Misterio),2003,elforocofrade.es - Acompañamiento Musical a lo largo de la Historia,banda_raw=CyT Sol,Sevilla
7,Las Aguas,Paso Cristo (Misterio),2004,elforocofrade.es - Acompañamiento Musical a lo largo de la Historia,banda_raw=CyT Sol,Sevilla
7,Las Aguas,Paso Cristo (Misterio),2005,elforocofrade.es - Acompañamiento Musical a lo largo de la Historia,banda_raw=CyT Sol,Sevilla
7,Las Aguas,Paso Cristo (Misterio),2006,elforocofrade.es - Acompañamiento Musical a lo largo de la Historia,banda_raw=CyT Sol,Sevilla
7,Las Aguas,Paso Cristo (Misterio),2007,elforocofrade.es - Acompañamiento Musical a lo largo de la Historia,banda_raw=CyT Sol,Sevilla
7,Las Aguas,Paso Cristo (Misterio),2008,elforocofrade.es - Acompañamiento Musical a lo largo de la Historia,banda_raw=CyT Sol,Sevilla
7,Las Aguas,Paso Cristo (Misterio),2009,elforocofrade.es - Acompañamiento Musical a lo largo de la Historia,banda_raw=CyT Sol,Sevilla
7,Las Aguas,Paso Cristo (Misterio),2010,elforocofrade.es - Acompañamiento Musical a lo largo de la Historia,banda_raw=CyT Sol,Sevilla
7,Las Aguas,Paso Cristo (Misterio),2011,elforocofrade.es - Acompañamiento Musical a lo largo de la Historia,banda_raw=CyT Sol,Sevilla
7,Las Aguas,Paso Cristo (Misterio),2012,elforocofrade.es - Acompañamiento Musical a lo largo de la Historia,banda_raw=CyT Sol,Sevilla
205,Las Aguas,Paso Cristo (Misterio),2013,elforocofrade.es - Acompañamiento Musical a lo largo de la Historia,banda_raw=CyT Tres Caídas,Sevilla
205,Las Aguas,Paso Cristo (Misterio),2014,elforocofrade.es - Acompañamiento Musical a lo largo de la Historia,banda_raw=CyT Tres Caídas,Sevilla
205,Las Aguas,Paso Cristo (Misterio),2015,elforocofrade.es - Acompañamiento Musical a lo largo de la Historia,banda_raw=CyT Tres Caídas,Sevilla
205,Las Aguas,Paso Cristo (Misterio),2016,elforocofrade.es - Acompañamiento Musical a lo largo de la Historia,banda_raw=CyT Tres Caídas,Sevilla
205,Las Aguas,Paso Cristo (Misterio),2017,elforocofrade.es - Acompañamiento Musical a lo largo de la Historia,banda_raw=CyT Tres Caídas,Sevilla
205,Las Aguas,Paso Cristo (Misterio),2018,elforocofrade.es - Acompañamiento Musical a lo largo de la Historia,banda_raw=CyT Tres Caídas,Sevilla
7,El Cerro del Aguila,Paso de Misterio,2020,elforocofrade.es - Acompañamiento Musical a lo largo de la Historia,banda_raw=CCTT Sol,Sevilla
7,El Cerro del Aguila,Paso de Misterio,2021,elforocofrade.es - Acompañamiento Musical a lo largo de la Historia,banda_raw=CCTT Sol,Sevilla
7,El Cerro del Aguila,Paso de Misterio,2022,elforocofrade.es - Acompañamiento Musical a lo largo de la Historia,banda_raw=CCTT Sol,Sevilla
7,El Cerro del Aguila,Paso de Misterio,2023,elforocofrade.es - Acompañamiento Musical a lo largo de la Historia,banda_raw=CCTT Sol,Sevilla
7,El Cerro del Aguila,Paso de Misterio,2024,elforocofrade.es - Acompañamiento Musical a lo largo de la Historia,banda_raw=CCTT Sol,Sevilla
66,El Cerro del Aguila,Paso de Palio,2020,elforocofrade.es - Acompañamiento Musical a lo largo de la Historia,banda_raw=BM Santa María de las Nieves de Olivares,Sevilla
66,El Cerro del Aguila,Paso de Palio,2021,elforocofrade.es - Acompañamiento Musical a lo largo de la Historia,banda_raw=BM Santa María de las Nieves de Olivares,Sevilla
66,El Cerro del Aguila,Paso de Palio,2022,elforocofrade.es - Acompañamiento Musical a lo largo de la Historia,banda_raw=BM Santa María de las Nieves de Olivares,Sevilla
66,El Cerro del Aguila,Paso de Palio,2023,elforocofrade.es - Acompañamiento Musical a lo largo de la Historia,banda_raw=BM Santa María de las Nieves de Olivares,Sevilla
66,El Cerro del Aguila,Paso de Palio,2024,elforocofrade.es - Acompañamiento Musical a lo largo de la Historia,banda_raw=BM Santa María de las Nieves de Olivares,Sevilla
66,El Cerro del Aguila,Paso de Palio,2025,elforocofrade.es - Acompañamiento Musical a lo largo de la Historia,banda_raw=BM Santa María de las Nieves de Olivares,Sevilla
6,San Esteban,Paso Cristo (Misterio),1992,elforocofrade.es - Acompañamiento Musical a lo largo de la Historia,banda_raw=AM Virgen de los Reyes,Sevilla
6,San Esteban,Paso Cristo (Misterio),1993,elforocofrade.es - Acompañamiento Musical a lo largo de la Historia,banda_raw=AM Virgen de los Reyes,Sevilla
6,San Esteban,Paso Cristo (Misterio),1994,elforocofrade.es - Acompañamiento Musical a lo largo de la Historia,banda_raw=AM Virgen de los Reyes,Sevilla
6,San Esteban,Paso Cristo (Misterio),1995,elforocofrade.es - Acompañamiento Musical a lo largo de la Historia,banda_raw=AM Virgen de los Reyes,Sevilla
6,San Esteban,Paso Cristo (Misterio),1996,elforocofrade.es - Acompañamiento Musical a lo largo de la Historia,banda_raw=AM Virgen de los Reyes,Sevilla
6,San Esteban,Paso Cristo (Misterio),1997,elforocofrade.es - Acompañamiento Musical a lo largo de la Historia,banda_raw=AM Virgen de los Reyes,Sevilla
6,San Esteban,Paso Cristo (Misterio),1998,elforocofrade.es - Acompañamiento Musical a lo largo de la Historia,banda_raw=AM Virgen de los Reyes,Sevilla
6,San Esteban,Paso Cristo (Misterio),1999,elforocofrade.es - Acompañamiento Musical a lo largo de la Historia,banda_raw=AM Virgen de los Reyes,Sevilla
6,San Esteban,Paso Cristo (Misterio),2000,elforocofrade.es - Acompañamiento Musical a lo largo de la Historia,banda_raw=AM Virgen de los Reyes,Sevilla
6,San Esteban,Paso Cristo (Misterio),2001,elforocofrade.es - Acompañamiento Musical a lo largo de la Historia,banda_raw=AM Virgen de los Reyes,Sevilla
6,San Esteban,Paso Cristo (Misterio),2002,elforocofrade.es - Acompañamiento Musical a lo largo de la Historia,banda_raw=AM Virgen de los Reyes,Sevilla
6,San Esteban,Paso Cristo (Misterio),2003,elforocofrade.es - Acompañamiento Musical a lo largo de la Historia,banda_raw=AM Virgen de los Reyes,Sevilla
6,San Esteban,Paso Cristo (Misterio),2004,elforocofrade.es - Acompañamiento Musical a lo largo de la Historia,banda_raw=AM Virgen de los Reyes,Sevilla
6,San Esteban,Paso Cristo (Misterio),2005,elforocofrade.es - Acompañamiento Musical a lo largo de la Historia,banda_raw=AM Virgen de los Reyes,Sevilla
6,San Esteban,Paso Cristo (Misterio),2006,elforocofrade.es - Acompañamiento Musical a lo largo de la Historia,banda_raw=AM Virgen de los Reyes,Sevilla
6,San Esteban,Paso Cristo (Misterio),2007,elforocofrade.es - Acompañamiento Musical a lo largo de la Historia,banda_raw=AM Virgen de los Reyes,Sevilla
6,San Esteban,Paso Cristo (Misterio),2008,elforocofrade.es - Acompañamiento Musical a lo largo de la Historia,banda_raw=AM Virgen de los Reyes,Sevilla
6,San Esteban,Paso Cristo (Misterio),2009,elforocofrade.es - Acompañamiento Musical a lo largo de la Historia,banda_raw=AM Virgen de los Reyes,Sevilla
6,San Esteban,Paso Cristo (Misterio),2021,elforocofrade.es - Acompañamiento Musical a lo largo de la Historia,banda_raw=AM Virgen de los Reyes,Sevilla
6,San Esteban,Paso Cristo (Misterio),2022,elforocofrade.es - Acompañamiento Musical a lo largo de la Historia,banda_raw=AM Virgen de los Reyes,Sevilla
6,San Esteban,Paso Cristo (Misterio),2023,elforocofrade.es - Acompañamiento Musical a lo largo de la Historia,banda_raw=AM Virgen de los Reyes,Sevilla
6,San Esteban,Paso Cristo (Misterio),2024,elforocofrade.es - Acompañamiento Musical a lo largo de la Historia,banda_raw=AM Virgen de los Reyes,Sevilla
6,San Esteban,Paso Cristo (Misterio),2025,elforocofrade.es - Acompañamiento Musical a lo largo de la Historia,banda_raw=AM Virgen de los Reyes,Sevilla
7,La Candelaria,Paso de Cristo (Misterio),1987,elforocofrade.es - Acompañamiento Musical a lo largo de la Historia,banda_raw=CCTT Sol,Sevilla
7,La Candelaria,Paso de Cristo (Misterio),1988,elforocofrade.es - Acompañamiento Musical a lo largo de la Historia,banda_raw=CCTT Sol,Sevilla
7,La Candelaria,Paso de Cristo (Misterio),1989,elforocofrade.es - Acompañamiento Musical a lo largo de la Historia,banda_raw=CCTT Sol,Sevilla
23,La Candelaria,Paso de Cristo (Misterio),1990,elforocofrade.es - Acompañamiento Musical a lo largo de la Historia,banda_raw=CCTT Presentación al Pueblo,Sevilla
7,La Candelaria,Paso de Cristo (Misterio),1991,elforocofrade.es - Acompañamiento Musical a lo largo de la Historia,banda_raw=CCTT Sol,Sevilla
7,La Candelaria,Paso de Cristo (Misterio),1992,elforocofrade.es - Acompañamiento Musical a lo largo de la Historia,banda_raw=CCTT Sol,Sevilla
7,La Candelaria,Paso de Cristo (Misterio),1993,elforocofrade.es - Acompañamiento Musical a lo largo de la Historia,banda_raw=CCTT Sol,Sevilla
7,La Candelaria,Paso de Cristo (Misterio),1994,elforocofrade.es - Acompañamiento Musical a lo largo de la Historia,banda_raw=CCTT Sol,Sevilla
7,La Candelaria,Paso de Cristo (Misterio),1995,elforocofrade.es - Acompañamiento Musical a lo largo de la Historia,banda_raw=CCTT Sol,Sevilla
7,La Candelaria,Paso de Cristo (Misterio),1996,elforocofrade.es - Acompañamiento Musical a lo largo de la Historia,banda_raw=CCTT Sol,Sevilla
7,La Candelaria,Paso de Cristo (Misterio),1997,elforocofrade.es - Acompañamiento Musical a lo largo de la Historia,banda_raw=CCTT Sol,Sevilla
20,La Candelaria,Paso de Cristo (Misterio),2001,elforocofrade.es - Acompañamiento Musical a lo largo de la Historia,banda_raw=CyT Cristo de las Tres Caídas,Sevilla
20,La Candelaria,Paso de Cristo (Misterio),2002,elforocofrade.es - Acompañamiento Musical a lo largo de la Historia,banda_raw=CyT Cristo de las Tres Caídas,Sevilla
20,La Candelaria,Paso de Cristo (Misterio),2003,elforocofrade.es - Acompañamiento Musical a lo largo de la Historia,banda_raw=CyT Cristo de las Tres Caídas,Sevilla
20,La Candelaria,Paso de Cristo (Misterio),2004,elforocofrade.es - Acompañamiento Musical a lo largo de la Historia,banda_raw=CyT Cristo de las Tres Caídas,Sevilla
20,La Candelaria,Paso de Cristo (Misterio),2005,elforocofrade.es - Acompañamiento Musical a lo largo de la Historia,banda_raw=CyT Cristo de las Tres Caídas,Sevilla
20,La Candelaria,Paso de Cristo (Misterio),2006,elforocofrade.es - Acompañamiento Musical a lo largo de la Historia,banda_raw=CyT Cristo de las Tres Caídas,Sevilla
20,La Candelaria,Paso de Cristo (Misterio),2007,elforocofrade.es - Acompañamiento Musical a lo largo de la Historia,banda_raw=CyT Cristo de las Tres Caídas,Sevilla
20,La Candelaria,Paso de Cristo (Misterio),2008,elforocofrade.es - Acompañamiento Musical a lo largo de la Historia,banda_raw=CyT Cristo de las Tres Caídas,Sevilla
20,La Candelaria,Paso de Cristo (Misterio),2009,elforocofrade.es - Acompañamiento Musical a lo largo de la Historia,banda_raw=CyT Cristo de las Tres Caídas,Sevilla
20,La Candelaria,Paso de Cristo (Misterio),2010,elforocofrade.es - Acompañamiento Musical a lo largo de la Historia,banda_raw=CyT Cristo de las Tres Caídas,Sevilla
20,La Candelaria,Paso de Cristo (Misterio),2011,elforocofrade.es - Acompañamiento Musical a lo largo de la Historia,banda_raw=CyT Cristo de las Tres Caídas,Sevilla
20,La Candelaria,Paso de Cristo (Misterio),2012,elforocofrade.es - Acompañamiento Musical a lo largo de la Historia,banda_raw=CyT Cristo de las Tres Caídas,Sevilla
20,La Candelaria,Paso de Cristo (Misterio),2013,elforocofrade.es - Acompañamiento Musical a lo largo de la Historia,banda_raw=CyT Cristo de las Tres Caídas,Sevilla
20,La Candelaria,Paso de Cristo (Misterio),2014,elforocofrade.es - Acompañamiento Musical a lo largo de la Historia,banda_raw=CyT Cristo de las Tres Caídas,Sevilla
20,La Candelaria,Paso de Cristo (Misterio),2015,elforocofrade.es - Acompañamiento Musical a lo largo de la Historia,banda_raw=CyT Cristo de las Tres Caídas,Sevilla
20,La Candelaria,Paso de Cristo (Misterio),2016,elforocofrade.es - Acompañamiento Musical a lo largo de la Historia,banda_raw=CyT Cristo de las Tres Caídas,Sevilla
20,La Candelaria,Paso de Cristo (Misterio),2017,elforocofrade.es - Acompañamiento Musical a lo largo de la Historia,banda_raw=CyT Cristo de las Tres Caídas,Sevilla
20,La Candelaria,Paso de Cristo (Misterio),2018,elforocofrade.es - Acompañamiento Musical a lo largo de la Historia,banda_raw=CyT Cristo de las Tres Caídas,Sevilla
20,La Candelaria,Paso de Cristo (Misterio),2019,elforocofrade.es - Acompañamiento Musical a lo largo de la Historia,banda_raw=CyT Cristo de las Tres Caídas,Sevilla
20,La Candelaria,Paso de Cristo (Misterio),2020,elforocofrade.es - Acompañamiento Musical a lo largo de la Historia,banda_raw=CyT Cristo de las Tres Caídas,Sevilla
20,La Candelaria,Paso de Cristo (Misterio),2021,elforocofrade.es - Acompañamiento Musical a lo largo de la Historia,banda_raw=CyT Cristo de las Tres Caídas,Sevilla
20,La Candelaria,Paso de Cristo (Misterio),2022,elforocofrade.es - Acompañamiento Musical a lo largo de la Historia,banda_raw=CyT Cristo de las Tres Caídas,Sevilla
20,La Candelaria,Paso de Cristo (Misterio),2023,elforocofrade.es - Acompañamiento Musical a lo largo de la Historia,banda_raw=CyT Cristo de las Tres Caídas,Sevilla
20,La Candelaria,Paso de Cristo (Misterio),2024,elforocofrade.es - Acompañamiento Musical a lo largo de la Historia,banda_raw=CyT Cristo de las Tres Caídas,Sevilla
20,La Candelaria,Paso de Cristo (Misterio),2025,elforocofrade.es - Acompañamiento Musical a lo largo de la Historia,banda_raw=CyT Cristo de las Tres Caídas,Sevilla
264,El Dulce Nombre,Paso Cristo (Misterio),1980,elforocofrade.es - Acompañamiento Musical a lo largo de la Historia,banda_raw=CCTT Policía Municipal,Sevilla
264,El Dulce Nombre,Paso Cristo (Misterio),1981,elforocofrade.es - Acompañamiento Musical a lo largo de la Historia,banda_raw=CCTT Policía Municipal,Sevilla
16,El Dulce Nombre,Paso Cristo (Misterio),1982,elforocofrade.es - Acompañamiento Musical a lo largo de la Historia,banda_raw=CCTT Las Cigarreras,Sevilla
16,El Dulce Nombre,Paso Cristo (Misterio),1983,elforocofrade.es - Acompañamiento Musical a lo largo de la Historia,banda_raw=CCTT Las Cigarreras,Sevilla
16,El Dulce Nombre,Paso Cristo (Misterio),1984,elforocofrade.es - Acompañamiento Musical a lo largo de la Historia,banda_raw=CCTT Las Cigarreras,Sevilla
16,El Dulce Nombre,Paso Cristo (Misterio),1985,elforocofrade.es - Acompañamiento Musical a lo largo de la Historia,banda_raw=CCTT Las Cigarreras,Sevilla
16,El Dulce Nombre,Paso Cristo (Misterio),1986,elforocofrade.es - Acompañamiento Musical a lo largo de la Historia,banda_raw=CCTT Las Cigarreras,Sevilla
16,El Dulce Nombre,Paso Cristo (Misterio),1987,elforocofrade.es - Acompañamiento Musical a lo largo de la Historia,banda_raw=CCTT Las Cigarreras,Sevilla
16,El Dulce Nombre,Paso Cristo (Misterio),1988,elforocofrade.es - Acompañamiento Musical a lo largo de la Historia,banda_raw=CCTT Las Cigarreras,Sevilla
16,El Dulce Nombre,Paso Cristo (Misterio),1989,elforocofrade.es - Acompañamiento Musical a lo largo de la Historia,banda_raw=CCTT Las Cigarreras,Sevilla
16,El Dulce Nombre,Paso Cristo (Misterio),1990,elforocofrade.es - Acompañamiento Musical a lo largo de la Historia,banda_raw=CCTT Las Cigarreras,Sevilla
16,El Dulce Nombre,Paso Cristo (Misterio),1991,elforocofrade.es - Acompañamiento Musical a lo largo de la Historia,banda_raw=CCTT Las Cigarreras,Sevilla
16,El Dulce Nombre,Paso Cristo (Misterio),1992,elforocofrade.es - Acompañamiento Musical a lo largo de la Historia,banda_raw=CCTT Las Cigarreras,Sevilla
16,El Dulce Nombre,Paso Cristo (Misterio),1993,elforocofrade.es - Acompañamiento Musical a lo largo de la Historia,banda_raw=CCTT Las Cigarreras,Sevilla
16,El Dulce Nombre,Paso Cristo (Misterio),1994,elforocofrade.es - Acompañamiento Musical a lo largo de la Historia,banda_raw=CCTT Las Cigarreras,Sevilla
16,El Dulce Nombre,Paso Cristo (Misterio),1995,elforocofrade.es - Acompañamiento Musical a lo largo de la Historia,banda_raw=CCTT Las Cigarreras,Sevilla
16,El Dulce Nombre,Paso Cristo (Misterio),1996,elforocofrade.es - Acompañamiento Musical a lo largo de la Historia,banda_raw=CCTT Las Cigarreras,Sevilla
16,El Dulce Nombre,Paso Cristo (Misterio),1997,elforocofrade.es - Acompañamiento Musical a lo largo de la Historia,banda_raw=CCTT Las Cigarreras,Sevilla
16,El Dulce Nombre,Paso Cristo (Misterio),1998,elforocofrade.es - Acompañamiento Musical a lo largo de la Historia,banda_raw=CCTT Las Cigarreras,Sevilla
16,El Dulce Nombre,Paso Cristo (Misterio),1999,elforocofrade.es - Acompañamiento Musical a lo largo de la Historia,banda_raw=CCTT Las Cigarreras,Sevilla
16,El Dulce Nombre,Paso Cristo (Misterio),2000,elforocofrade.es - Acompañamiento Musical a lo largo de la Historia,banda_raw=CCTT Las Cigarreras,Sevilla
16,El Dulce Nombre,Paso Cristo (Misterio),2001,elforocofrade.es - Acompañamiento Musical a lo largo de la Historia,banda_raw=CCTT Las Cigarreras,Sevilla
16,El Dulce Nombre,Paso Cristo (Misterio),2002,elforocofrade.es - Acompañamiento Musical a lo largo de la Historia,banda_raw=CCTT Las Cigarreras,Sevilla
16,El Dulce Nombre,Paso Cristo (Misterio),2003,elforocofrade.es - Acompañamiento Musical a lo largo de la Historia,banda_raw=CCTT Las Cigarreras,Sevilla
16,El Dulce Nombre,Paso Cristo (Misterio),2004,elforocofrade.es - Acompañamiento Musical a lo largo de la Historia,banda_raw=CCTT Las Cigarreras,Sevilla
16,El Dulce Nombre,Paso Cristo (Misterio),2005,elforocofrade.es - Acompañamiento Musical a lo largo de la Historia,banda_raw=CCTT Las Cigarreras,Sevilla
16,El Dulce Nombre,Paso Cristo (Misterio),2006,elforocofrade.es - Acompañamiento Musical a lo largo de la Historia,banda_raw=CCTT Las Cigarreras,Sevilla
16,El Dulce Nombre,Paso Cristo (Misterio),2007,elforocofrade.es - Acompañamiento Musical a lo largo de la Historia,banda_raw=CCTT Las Cigarreras,Sevilla
16,El Dulce Nombre,Paso Cristo (Misterio),2008,elforocofrade.es - Acompañamiento Musical a lo largo de la Historia,banda_raw=CCTT Las Cigarreras,Sevilla
16,El Dulce Nombre,Paso Cristo (Misterio),2009,elforocofrade.es - Acompañamiento Musical a lo largo de la Historia,banda_raw=CCTT Las Cigarreras,Sevilla
16,El Dulce Nombre,Paso Cristo (Misterio),2010,elforocofrade.es - Acompañamiento Musical a lo largo de la Historia,banda_raw=CCTT Las Cigarreras,Sevilla
16,El Dulce Nombre,Paso Cristo (Misterio),2011,elforocofrade.es - Acompañamiento Musical a lo largo de la Historia,banda_raw=CCTT Las Cigarreras,Sevilla
16,El Dulce Nombre,Paso Cristo (Misterio),2012,elforocofrade.es - Acompañamiento Musical a lo largo de la Historia,banda_raw=CCTT Las Cigarreras,Sevilla
16,El Dulce Nombre,Paso Cristo (Misterio),2013,elforocofrade.es - Acompañamiento Musical a lo largo de la Historia,banda_raw=CCTT Las Cigarreras,Sevilla
16,El Dulce Nombre,Paso Cristo (Misterio),2014,elforocofrade.es - Acompañamiento Musical a lo largo de la Historia,banda_raw=CCTT Las Cigarreras,Sevilla
16,El Dulce Nombre,Paso Cristo (Misterio),2015,elforocofrade.es - Acompañamiento Musical a lo largo de la Historia,banda_raw=CCTT Las Cigarreras,Sevilla
16,El Dulce Nombre,Paso Cristo (Misterio),2016,elforocofrade.es - Acompañamiento Musical a lo largo de la Historia,banda_raw=CCTT Las Cigarreras,Sevilla
16,El Dulce Nombre,Paso Cristo (Misterio),2017,elforocofrade.es - Acompañamiento Musical a lo largo de la Historia,banda_raw=CCTT Las Cigarreras,Sevilla
16,El Dulce Nombre,Paso Cristo (Misterio),2018,elforocofrade.es - Acompañamiento Musical a lo largo de la Historia,banda_raw=CCTT Las Cigarreras,Sevilla
16,El Dulce Nombre,Paso Cristo (Misterio),2019,elforocofrade.es - Acompañamiento Musical a lo largo de la Historia,banda_raw=CCTT Las Cigarreras,Sevilla
16,El Dulce Nombre,Paso Cristo (Misterio),2020,elforocofrade.es - Acompañamiento Musical a lo largo de la Historia,banda_raw=CCTT Las Cigarreras,Sevilla
16,El Dulce Nombre,Paso Cristo (Misterio),2021,elforocofrade.es - Acompañamiento Musical a lo largo de la Historia,banda_raw=CCTT Las Cigarreras,Sevilla
16,El Dulce Nombre,Paso Cristo (Misterio),2022,elforocofrade.es - Acompañamiento Musical a lo largo de la Historia,banda_raw=CCTT Las Cigarreras,Sevilla
16,El Dulce Nombre,Paso Cristo (Misterio),2023,elforocofrade.es - Acompañamiento Musical a lo largo de la Historia,banda_raw=CCTT Las Cigarreras,Sevilla
16,El Dulce Nombre,Paso Cristo (Misterio),2024,elforocofrade.es - Acompañamiento Musical a lo largo de la Historia,banda_raw=CCTT Las Cigarreras,Sevilla
16,El Dulce Nombre,Paso Cristo (Misterio),2025,elforocofrade.es - Acompañamiento Musical a lo largo de la Historia,banda_raw=CCTT Las Cigarreras,Sevilla
105,Los Estudiantes,Paso de Palio,1984,elforocofrade.es - Acompañamiento Musical a lo largo de la Historia,banda_raw=BM Inmaculada (Soria 9),Sevilla
