source,dia,hermandad,paso,anio,banda_raw,orig_line
foro-2019-josemariumb,Viernes de Dolores,LA MISION (HELIOPOLIS),,1992,CCTT Cristo de la Sed,1992 - 1995: CCTT Cristo de la Sed
foro-2019-josemariumb,Viernes de Dolores,LA MISION (HELIOPOLIS),,1993,CCTT Cristo de la Sed,1992 - 1995: CCTT Cristo de la Sed
foro-2019-josemariumb,Viernes de Dolores,LA MISION (HELIOPOLIS),,1994,CCTT Cristo de la Sed,1992 - 1995: CCTT Cristo de la Sed
foro-2019-josemariumb,Viernes de Dolores,LA MISION (HELIOPOLIS),,1995,CCTT Cristo de la Sed,1992 - 1995: CCTT Cristo de la Sed
foro-2019-josemariumb,Viernes de Dolores,LA MISION (HELIOPOLIS),,1996,CCTT Ntra. Sra. de la Salud de Utrera,1996: CCTT Ntra. Sra. de la Salud de Utrera
foro-2019-josemariumb,Viernes de Dolores,LA MISION (HELIOPOLIS),,1997,CCTT San Francisco Javier,1997: CCTT San Francisco Javier
foro-2019-josemariumb,Viernes de Dolores,LA MISION (HELIOPOLIS),,1998,CCTT Cristo de la Exaltacion,1998 - 2002: CCTT Cristo de la Exaltacion
foro-2019-josemariumb,Viernes de Dolores,LA MISION (HELIOPOLIS),,1999,CCTT Cristo de la Exaltacion,1998 - 2002: CCTT Cristo de la Exaltacion
foro-2019-josemariumb,Viernes de Dolores,LA MISION (HELIOPOLIS),,2000,CCTT Cristo de la Exaltacion,1998 - 2002: CCTT Cristo de la Exaltacion
foro-2019-josemariumb,Viernes de Dolores,LA MISION (HELIOPOLIS),,2001,CCTT Cristo de la Exaltacion,1998 - 2002: CCTT Cristo de la Exaltacion
foro-2019-josemariumb,Viernes de Dolores,LA MISION (HELIOPOLIS),,2002,CCTT Cristo de la Exaltacion,1998 - 2002: CCTT Cristo de la Exaltacion
foro-2019-josemariumb,Viernes de Dolores,LA MISION (HELIOPOLIS),,2003,CCTT Sol,2003 - 2007: CCTT Sol
foro-2019-josemariumb,Viernes de Dolores,LA MISION (HELIOPOLIS),,2004,CCTT Sol,2003 - 2007: CCTT Sol
foro-2019-josemariumb,Viernes de Dolores,LA MISION (HELIOPOLIS),,2005,CCTT Sol,2003 - 2007: CCTT Sol
foro-2019-josemariumb,Viernes de Dolores,LA MISION (HELIOPOLIS),,2006,CCTT Sol,2003 - 2007: CCTT Sol
foro-2019-josemariumb,Viernes de Dolores,LA MISION (HELIOPOLIS),,2007,CCTT Sol,2003 - 2007: CCTT Sol
foro-2019-josemariumb,Viernes de Dolores,LA MISION (HELIOPOLIS),,2008,CCTT Las Cigarreras,2008 - 2019: CCTT Las Cigarreras
foro-2019-josemariumb,Viernes de Dolores,LA MISION (HELIOPOLIS),,2009,CCTT Las Cigarreras,2008 - 2019: CCTT Las Cigarreras
foro-2019-josemariumb,Viernes de Dolores,LA MISION (HELIOPOLIS),,2010,CCTT Las Cigarreras,2008 - 2019: CCTT Las Cigarreras
foro-2019-josemariumb,Viernes de Dolores,LA MISION (HELIOPOLIS),,2011,CCTT Las Cigarreras,2008 - 2019: CCTT Las Cigarreras
foro-2019-josemariumb,Viernes de Dolores,LA MISION (HELIOPOLIS),,2012,CCTT Las Cigarreras,2008 - 2019: CCTT Las Cigarreras
foro-2019-josemariumb,Viernes de Dolores,LA MISION (HELIOPOLIS),,2013,CCTT Las Cigarreras,2008 - 2019: CCTT Las Cigarreras
foro-2019-josemariumb,Viernes de Dolores,LA MISION (HELIOPOLIS),,2014,CCTT Las Cigarreras,2008 - 2019: CCTT Las Cigarreras
foro-2019-josemariumb,Viernes de Dolores,LA MISION (HELIOPOLIS),,2015,CCTT Las Cigarreras,2008 - 2019: CCTT Las Cigarreras
foro-2019-josemariumb,Viernes de Dolores,LA MISION (HELIOPOLIS),,2016,CCTT Las Cigarreras,2008 - 2019: CCTT Las Cigarreras
foro-2019-josemariumb,Viernes de Dolores,LA MISION (HELIOPOLIS),,2017,CCTT Las Cigarreras,2008 - 2019: CCTT Las Cigarreras
foro-2019-josemariumb,Viernes de Dolores,LA MISION (HELIOPOLIS),,2018,CCTT Las Cigarreras,2008 - 2019: CCTT Las Cigarreras
foro-2019-josemariumb,Viernes de Dolores,LA MISION (HELIOPOLIS),,2019,CCTT Las Cigarreras,2008 - 2019: CCTT Las Cigarreras
foro-2019-josemariumb,Viernes de Dolores,PINOMONTANO,Paso de Misterio,1991,AM Santa Marta de La Algaba,1991: AM Santa Marta de La Algaba
foro-2019-josemariumb,Viernes de Dolores,PINOMONTANO,Paso de Misterio,1992,AM Nuestro Padre Jesus de Nazareth,1992: AM Nuestro Padre Jesus de Nazareth
foro-2019-josemariumb,Viernes de Dolores,PINOMONTANO,Paso de Misterio,1993,AM Redencion,1993: AM Redencion
foro-2019-josemariumb,Viernes de Dolores,PINOMONTANO,Paso de Misterio,1994,AM Stma. Trinidad,1994 - 1996: AM Stma. Trinidad
foro-2019-josemariumb,Viernes de Dolores,PINOMONTANO,Paso de Misterio,1995,AM Stma. Trinidad,1994 - 1996: AM Stma. Trinidad
foro-2019-josemariumb,Viernes de Dolores,PINOMONTANO,Paso de Misterio,1996,AM Stma. Trinidad,1994 - 1996: AM Stma. Trinidad
foro-2019-josemariumb,Viernes de Dolores,PINOMONTANO,Paso de Misterio,1997,AM Ntra. Sra. de la Encarnacion,1997 - 2019: AM Ntra. Sra. de la Encarnacion
foro-2019-josemariumb,Viernes de Dolores,PINOMONTANO,Paso de Misterio,1998,AM Ntra. Sra. de la Encarnacion,1997 - 2019: AM Ntra. Sra. de la Encarnacion
foro-2019-josemariumb,Viernes de Dolores,PINOMONTANO,Paso de Misterio,1999,AM Ntra. Sra. de la Encarnacion,1997 - 2019: AM Ntra. Sra. de la Encarnacion
foro-2019-josemariumb,Viernes de Dolores,PINOMONTANO,Paso de Misterio,2000,AM Ntra. Sra. de la Encarnacion,1997 - 2019: AM Ntra. Sra. de la Encarnacion
foro-2019-josemariumb,Viernes de Dolores,PINOMONTANO,Paso de Misterio,2001,AM Ntra. Sra. de la Encarnacion,1997 - 2019: AM Ntra. Sra. de la Encarnacion
foro-2019-josemariumb,Viernes de Dolores,PINOMONTANO,Paso de Misterio,2002,AM Ntra. Sra. de la Encarnacion,1997 - 2019: AM Ntra. Sra. de la Encarnacion
foro-2019-josemariumb,Viernes de Dolores,PINOMONTANO,Paso de Misterio,2003,AM Ntra. Sra. de la Encarnacion,1997 - 2019: AM Ntra. Sra. de la Encarnacion
foro-2019-josemariumb,Viernes de Dolores,PINOMONTANO,Paso de Misterio,2004,AM Ntra. Sra. de la Encarnacion,1997 - 2019: AM Ntra. Sra. de la Encarnacion
foro-2019-josemariumb,Viernes de Dolores,PINOMONTANO,Paso de Misterio,2005,AM Ntra. Sra. de la Encarnacion,1997 - 2019: AM Ntra. Sra. de la Encarnacion
foro-2019-josemariumb,Viernes de Dolores,PINOMONTANO,Paso de Misterio,2006,AM Ntra. Sra. de la Encarnacion,1997 - 2019: AM Ntra. Sra. de la Encarnacion
foro-2019-josemariumb,Viernes de Dolores,PINOMONTANO,Paso de Misterio,2007,AM Ntra. Sra. de la Encarnacion,1997 - 2019: AM Ntra. Sra. de la Encarnacion
foro-2019-josemariumb,Viernes de Dolores,PINOMONTANO,Paso de Misterio,2008,AM Ntra. Sra. de la Encarnacion,1997 - 2019: AM Ntra. Sra. de la Encarnacion
foro-2019-josemariumb,Viernes de Dolores,PINOMONTANO,Paso de Misterio,2009,AM Ntra. Sra. de la Encarnacion,1997 - 2019: AM Ntra. Sra. de la Encarnacion
foro-2019-josemariumb,Viernes de Dolores,PINOMONTANO,Paso de Misterio,2010,AM Ntra. Sra. de la Encarnacion,1997 - 2019: AM Ntra. Sra. de la Encarnacion
foro-2019-josemariumb,Viernes de Dolores,PINOMONTANO,Paso de Misterio,2011,AM Ntra. Sra. de la Encarnacion,1997 - 2019: AM Ntra. Sra. de la Encarnacion
foro-2019-josemariumb,Viernes de Dolores,PINOMONTANO,Paso de Misterio,2012,AM Ntra. Sra. de la Encarnacion,1997 - 2019: AM Ntra. Sra. de la Encarnacion
foro-2019-josemariumb,Viernes de Dolores,PINOMONTANO,Paso de Misterio,2013,AM Ntra. Sra. de la Encarnacion,1997 - 2019: AM Ntra. Sra. de la Encarnacion
foro-2019-josemariumb,Viernes de Dolores,PINOMONTANO,Paso de Misterio,2014,AM Ntra. Sra. de la Encarnacion,1997 - 2019: AM Ntra. Sra. de la Encarnacion
foro-2019-josemariumb,Viernes de Dolores,PINOMONTANO,Paso de Misterio,2015,AM Ntra. Sra. de la Encarnacion,1997 - 2019: AM Ntra. Sra. de la Encarnacion
foro-2019-josemariumb,Viernes de Dolores,PINOMONTANO,Paso de Misterio,2016,AM Ntra. Sra. de la Encarnacion,1997 - 2019: AM Ntra. Sra. de la Encarnacion
foro-2019-josemariumb,Viernes de Dolores,PINOMONTANO,Paso de Misterio,2017,AM Ntra. Sra. de la Encarnacion,1997 - 2019: AM Ntra. Sra. de la Encarnacion
foro-2019-josemariumb,Viernes de Dolores,PINOMONTANO,Paso de Misterio,2018,AM Ntra. Sra. de la Encarnacion,1997 - 2019: AM Ntra. Sra. de la Encarnacion
foro-2019-josemariumb,Viernes de Dolores,PINOMONTANO,Paso de Misterio,2019,AM Ntra. Sra. de la Encarnacion,1997 - 2019: AM Ntra. Sra. de la Encarnacion
foro-2019-josemariumb,Viernes de Dolores,BELLAVISTA,Paso de Misterio,1994,"AM de las Aguas, de Las Cabezas de San Juan","1994: AM de las Aguas, de Las Cabezas de San Juan"
foro-2019-josemariumb,Viernes de Dolores,BELLAVISTA,Paso de Misterio,1995,CCTT Dulce Nombre de Maria,1995: CCTT Dulce Nombre de Maria
foro-2019-josemariumb,Viernes de Dolores,BELLAVISTA,Paso de Misterio,1996,CCTT Juvenil Las Cigarreras,1996: CCTT Juvenil Las Cigarreras
foro-2019-josemariumb,Viernes de Dolores,BELLAVISTA,Paso de Misterio,1997,CCTT Presentacion al Pueblo de Dos Hermanas,1997 - 1999: CCTT Presentacion al Pueblo de Dos Hermanas
foro-2019-josemariumb,Viernes de Dolores,BELLAVISTA,Paso de Misterio,1998,CCTT Presentacion al Pueblo de Dos Hermanas,1997 - 1999: CCTT Presentacion al Pueblo de Dos Hermanas
foro-2019-josemariumb,Viernes de Dolores,BELLAVISTA,Paso de Misterio,1999,CCTT Presentacion al Pueblo de Dos Hermanas,1997 - 1999: CCTT Presentacion al Pueblo de Dos Hermanas
foro-2019-josemariumb,Viernes de Dolores,BELLAVISTA,Paso de Misterio,2000,AM Ma Stma. de la Paz,2000: AM Ma Stma. de la Paz
foro-2019-josemariumb,Viernes de Dolores,BELLAVISTA,Paso de Misterio,2001,CCTT la Sed,2001: CCTT la Sed
foro-2019-josemariumb,Viernes de Dolores,BELLAVISTA,Paso de Misterio,2002,CCTT Ntro. Padre Jesus Cautivo,2002 - 2005: CCTT Ntro. Padre Jesus Cautivo
foro-2019-josemariumb,Viernes de Dolores,BELLAVISTA,Paso de Misterio,2003,CCTT Ntro. Padre Jesus Cautivo,2002 - 2005: CCTT Ntro. Padre Jesus Cautivo
foro-2019-josemariumb,Viernes de Dolores,BELLAVISTA,Paso de Misterio,2004,CCTT Ntro. Padre Jesus Cautivo,2002 - 2005: CCTT Ntro. Padre Jesus Cautivo
foro-2019-josemariumb,Viernes de Dolores,BELLAVISTA,Paso de Misterio,2005,CCTT Ntro. Padre Jesus Cautivo,2002 - 2005: CCTT Ntro. Padre Jesus Cautivo
foro-2019-josemariumb,Viernes de Dolores,BELLAVISTA,Paso de Misterio,2006,AM Redencion,2006 - 2019: AM Redencion
foro-2019-josemariumb,Viernes de Dolores,BELLAVISTA,Paso de Misterio,2007,AM Redencion,2006 - 2019: AM Redencion
foro-2019-josemariumb,Viernes de Dolores,BELLAVISTA,Paso de Misterio,2008,AM Redencion,2006 - 2019: AM Redencion
foro-2019-josemariumb,Viernes de Dolores,BELLAVISTA,Paso de Misterio,2009,AM Redencion,2006 - 2019: AM Redencion
foro-2019-josemariumb,Viernes de Dolores,BELLAVISTA,Paso de Misterio,2010,AM Redencion,2006 - 2019: AM Redencion
foro-2019-josemariumb,Viernes de Dolores,BELLAVISTA,Paso de Misterio,2011,AM Redencion,2006 - 2019: AM Redencion
foro-2019-josemariumb,Viernes de Dolores,BELLAVISTA,Paso de Misterio,2012,AM Redencion,2006 - 2019: AM Redencion
foro-2019-josemariumb,Viernes de Dolores,BELLAVISTA,Paso de Misterio,2013,AM Redencion,2006 - 2019: AM Redencion
foro-2019-josemariumb,Viernes de Dolores,BELLAVISTA,Paso de Misterio,2014,AM Redencion,2006 - 2019: AM Redencion
foro-2019-josemariumb,Viernes de Dolores,BELLAVISTA,Paso de Misterio,2015,AM Redencion,2006 - 2019: AM Redencion
foro-2019-josemariumb,Viernes de Dolores,BELLAVISTA,Paso de Misterio,2016,AM Redencion,2006 - 2019: AM Redencion
foro-2019-josemariumb,Viernes de Dolores,BELLAVISTA,Paso de Misterio,2017,AM Redencion,2006 - 2019: AM Redencion
foro-2019-josemariumb,Viernes de Dolores,BELLAVISTA,Paso de Misterio,2018,AM Redencion,2006 - 2019: AM Redencion
foro-2019-josemariumb,Viernes de Dolores,BELLAVISTA,Paso de Misterio,2019,AM Redencion,2006 - 2019: AM Redencion
foro-2019-josemariumb,Viernes de Dolores,BENDICION Y ESPERANZA,,2008,AM Virgen de los Reyes,2008-2009: AM Virgen de los Reyes
foro-2019-josemariumb,Viernes de Dolores,BENDICION Y ESPERANZA,,2009,AM Virgen de los Reyes,2008-2009: AM Virgen de los Reyes
foro-2019-josemariumb,Viernes de Dolores,BENDICION Y ESPERANZA,,2010,AM Santa Cecilia,2010-2012: AM Santa Cecilia
foro-2019-josemariumb,Viernes de Dolores,BENDICION Y ESPERANZA,,2011,AM Santa Cecilia,2010-2012: AM Santa Cecilia
foro-2019-josemariumb,Viernes de Dolores,BENDICION Y ESPERANZA,,2012,AM Santa Cecilia,2010-2012: AM Santa Cecilia
foro-2019-josemariumb,Viernes de Dolores,BENDICION Y ESPERANZA,,2013,AM Virgen de los Reyes,2013-2016: AM Virgen de los Reyes
foro-2019-josemariumb,Viernes de Dolores,BENDICION Y ESPERANZA,,2014,AM Virgen de los Reyes,2013-2016: AM Virgen de los Reyes
foro-2019-josemariumb,Viernes de Dolores,BENDICION Y ESPERANZA,,2015,AM Virgen de los Reyes,2013-2016: AM Virgen de los Reyes
foro-2019-josemariumb,Viernes de Dolores,BENDICION Y ESPERANZA,,2016,AM Virgen de los Reyes,2013-2016: AM Virgen de los Reyes
foro-2019-josemariumb,Viernes de Dolores,BENDICION Y ESPERANZA,,2017,AM Fraternitas,2017-2019: AM Fraternitas
foro-2019-josemariumb,Viernes de Dolores,BENDICION Y ESPERANZA,,2018,AM Fraternitas,2017-2019: AM Fraternitas
foro-2019-josemariumb,Viernes de Dolores,BENDICION Y ESPERANZA,,2019,AM Fraternitas,2017-2019: AM Fraternitas
foro-2019-josemariumb,Viernes de Dolores,PAZ Y MISERICORDIA,,2018,BCT Angeles,2018 - 2019: BCT Angeles
foro-2019-josemariumb,Viernes de Dolores,PAZ Y MISERICORDIA,,2019,BCT Angeles,2018 - 2019: BCT Angeles
foro-2019-josemariumb,Sabado de Pasion,PADRE PIO,Paso de Cristo,1996,AM Maria Inmaculada (Castilleja de la Cuesta),1996: AM Maria Inmaculada (Castilleja de la Cuesta)
foro-2019-josemariumb,Sabado de Pasion,PADRE PIO,Paso de Cristo,1997,AM Ma Stma. de la Paz,1997: AM Ma Stma. de la Paz
foro-2019-josemariumb,Sabado de Pasion,PADRE PIO,Paso de Cristo,1998,CCTT Cristo de la Sangre,1998: CCTT Cristo de la Sangre
foro-2019-josemariumb,Sabado de Pasion,PADRE PIO,Paso de Cristo,1999,CCTT Virgen de Gracia (Carmona),1999: CCTT Virgen de Gracia (Carmona)
foro-2019-josemariumb,Sabado de Pasion,PADRE PIO,Paso de Cristo,2000,AM de San Juan de Aznalfarache,2000 - 2001: AM de San Juan de Aznalfarache
foro-2019-josemariumb,Sabado de Pasion,PADRE PIO,Paso de Cristo,2001,AM de San Juan de Aznalfarache,2000 - 2001: AM de San Juan de Aznalfarache
foro-2019-josemariumb,Sabado de Pasion,PADRE PIO,Paso de Cristo,2002,CCTT Veracruz (Los Palacios),2002 - 2004: CCTT Veracruz (Los Palacios)
foro-2019-josemariumb,Sabado de Pasion,PADRE PIO,Paso de Cristo,2003,CCTT Veracruz (Los Palacios),2002 - 2004: CCTT Veracruz (Los Palacios)
foro-2019-josemariumb,Sabado de Pasion,PADRE PIO,Paso de Cristo,2004,CCTT Veracruz (Los Palacios),2002 - 2004: CCTT Veracruz (Los Palacios)
foro-2019-josemariumb,Sabado de Pasion,PADRE PIO,Paso de Cristo,2005,CCTT Presentacion al Pueblo de Dos Hermanas,2005 - 2009: CCTT Presentacion al Pueblo de Dos Hermanas
foro-2019-josemariumb,Sabado de Pasion,PADRE PIO,Paso de Cristo,2006,CCTT Presentacion al Pueblo de Dos Hermanas,2005 - 2009: CCTT Presentacion al Pueblo de Dos Hermanas
foro-2019-josemariumb,Sabado de Pasion,PADRE PIO,Paso de Cristo,2007,CCTT Presentacion al Pueblo de Dos Hermanas,2005 - 2009: CCTT Presentacion al Pueblo de Dos Hermanas
foro-2019-josemariumb,Sabado de Pasion,PADRE PIO,Paso de Cristo,2008,CCTT Presentacion al Pueblo de Dos Hermanas,2005 - 2009: CCTT Presentacion al Pueblo de Dos Hermanas
foro-2019-josemariumb,Sabado de Pasion,PADRE PIO,Paso de Cristo,2009,CCTT Presentacion al Pueblo de Dos Hermanas,2005 - 2009: CCTT Presentacion al Pueblo de Dos Hermanas
foro-2019-josemariumb,Sabado de Pasion,PADRE PIO,Paso de Cristo,2010,CCTT Ntro. Padre Jesus de la Humildad,2010 - 2013: CCTT Ntro. Padre Jesus de la Humildad
foro-2019-josemariumb,Sabado de Pasion,PADRE PIO,Paso de Cristo,2011,CCTT Ntro. Padre Jesus de la Humildad,2010 - 2013: CCTT Ntro. Padre Jesus de la Humildad
foro-2019-josemariumb,Sabado de Pasion,PADRE PIO,Paso de Cristo,2012,CCTT Ntro. Padre Jesus de la Humildad,2010 - 2013: CCTT Ntro. Padre Jesus de la Humildad
foro-2019-josemariumb,Sabado de Pasion,PADRE PIO,Paso de Cristo,2013,CCTT Ntro. Padre Jesus de la Humildad,2010 - 2013: CCTT Ntro. Padre Jesus de la Humildad
foro-2019-josemariumb,Sabado de Pasion,PADRE PIO,Paso de Cristo,2014,AM Santa Cecilia,2014 - 2019: AM Santa Cecilia
foro-2019-josemariumb,Sabado de Pasion,PADRE PIO,Paso de Cristo,2015,AM Santa Cecilia,2014 - 2019: AM Santa Cecilia
foro-2019-josemariumb,Sabado de Pasion,PADRE PIO,Paso de Cristo,2016,AM Santa Cecilia,2014 - 2019: AM Santa Cecilia
foro-2019-josemariumb,Sabado de Pasion,PADRE PIO,Paso de Cristo,2017,AM Santa Cecilia,2014 - 2019: AM Santa Cecilia
foro-2019-josemariumb,Sabado de Pasion,PADRE PIO,Paso de Cristo,2018,AM Santa Cecilia,2014 - 2019: AM Santa Cecilia
foro-2019-josemariumb,Sabado de Pasion,PADRE PIO,Paso de Cristo,2019,AM Santa Cecilia,2014 - 2019: AM Santa Cecilia
foro-2019-josemariumb,Sabado de Pasion,TORREBLANCA,Paso de misterio,1995,AM Sta. Maria la Blanca (Los Palacios),1995: AM Sta. Maria la Blanca (Los Palacios)
foro-2019-josemariumb,Sabado de Pasion,TORREBLANCA,Paso de misterio,1996,CCTT Centuria Macarena,1996 - 1998: CCTT Centuria Macarena
foro-2019-josemariumb,Sabado de Pasion,TORREBLANCA,Paso de misterio,1997,CCTT Centuria Macarena,1996 - 1998: CCTT Centuria Macarena
foro-2019-josemariumb,Sabado de Pasion,TORREBLANCA,Paso de misterio,1998,CCTT Centuria Macarena,1996 - 1998: CCTT Centuria Macarena
foro-2019-josemariumb,Sabado de Pasion,TORREBLANCA,Paso de misterio,1999,CCTT Jesus Nazareno (Mairena del Alcor),1999 - 2002: CCTT Jesus Nazareno (Mairena del Alcor)
foro-2019-josemariumb,Sabado de Pasion,TORREBLANCA,Paso de misterio,2000,CCTT Jesus Nazareno (Mairena del Alcor),1999 - 2002: CCTT Jesus Nazareno (Mairena del Alcor)
foro-2019-josemariumb,Sabado de Pasion,TORREBLANCA,Paso de misterio,2001,CCTT Jesus Nazareno (Mairena del Alcor),1999 - 2002: CCTT Jesus Nazareno (Mairena del Alcor)
foro-2019-josemariumb,Sabado de Pasion,TORREBLANCA,Paso de misterio,2002,CCTT Jesus Nazareno (Mairena del Alcor),1999 - 2002: CCTT Jesus Nazareno (Mairena del Alcor)
foro-2019-josemariumb,Sabado de Pasion,TORREBLANCA,Paso de misterio,2003,AM Ntra. Sra. de los Reyes,2003 - 2018: AM Ntra. Sra. de los Reyes
foro-2019-josemariumb,Sabado de Pasion,TORREBLANCA,Paso de misterio,2004,AM Ntra. Sra. de los Reyes,2003 - 2018: AM Ntra. Sra. de los Reyes
foro-2019-josemariumb,Sabado de Pasion,TORREBLANCA,Paso de misterio,2005,AM Ntra. Sra. de los Reyes,2003 - 2018: AM Ntra. Sra. de los Reyes
foro-2019-josemariumb,Sabado de Pasion,TORREBLANCA,Paso de misterio,2006,AM Ntra. Sra. de los Reyes,2003 - 2018: AM Ntra. Sra. de los Reyes
foro-2019-josemariumb,Sabado de Pasion,TORREBLANCA,Paso de misterio,2007,AM Ntra. Sra. de los Reyes,2003 - 2018: AM Ntra. Sra. de los Reyes
foro-2019-josemariumb,Sabado de Pasion,TORREBLANCA,Paso de misterio,2008,AM Ntra. Sra. de los Reyes,2003 - 2018: AM Ntra. Sra. de los Reyes
foro-2019-josemariumb,Sabado de Pasion,TORREBLANCA,Paso de misterio,2009,AM Ntra. Sra. de los Reyes,2003 - 2018: AM Ntra. Sra. de los Reyes
foro-2019-josemariumb,Sabado de Pasion,TORREBLANCA,Paso de misterio,2010,AM Ntra. Sra. de los Reyes,2003 - 2018: AM Ntra. Sra. de los Reyes
foro-2019-josemariumb,Sabado de Pasion,TORREBLANCA,Paso de misterio,2011,AM Ntra. Sra. de los Reyes,2003 - 2018: AM Ntra. Sra. de los Reyes
foro-2019-josemariumb,Sabado de Pasion,TORREBLANCA,Paso de misterio,2012,AM Ntra. Sra. de los Reyes,2003 - 2018: AM Ntra. Sra. de los Reyes
foro-2019-josemariumb,Sabado de Pasion,TORREBLANCA,Paso de misterio,2013,AM Ntra. Sra. de los Reyes,2003 - 2018: AM Ntra. Sra. de los Reyes
foro-2019-josemariumb,Sabado de Pasion,TORREBLANCA,Paso de misterio,2014,AM Ntra. Sra. de los Reyes,2003 - 2018: AM Ntra. Sra. de los Reyes
foro-2019-josemariumb,Sabado de Pasion,TORREBLANCA,Paso de misterio,2015,AM Ntra. Sra. de los Reyes,2003 - 2018: AM Ntra. Sra. de los Reyes
foro-2019-josemariumb,Sabado de Pasion,TORREBLANCA,Paso de misterio,2016,AM Ntra. Sra. de los Reyes,2003 - 2018: AM Ntra. Sra. de los Reyes
foro-2019-josemariumb,Sabado de Pasion,TORREBLANCA,Paso de misterio,2017,AM Ntra. Sra. de los Reyes,2003 - 2018: AM Ntra. Sra. de los Reyes
foro-2019-josemariumb,Sabado de Pasion,TORREBLANCA,Paso de misterio,2018,AM Ntra. Sra. de los Reyes,2003 - 2018: AM Ntra. Sra. de los Reyes
foro-2019-josemariumb,Sabado de Pasion,TORREBLANCA,Paso de misterio,2019,AM Sentencia de Jerez,2019: AM Sentencia de Jerez
foro-2019-josemariumb,Sabado de Pasion,SAN JOSE OBRERO,Paso de Cristo,2013,AM Los Gitanos,2013 - 2019: AM Los Gitanos
foro-2019-josemariumb,Sabado de Pasion,SAN JOSE OBRERO,Paso de Cristo,2014,AM Los Gitanos,2013 - 2019: AM Los Gitanos
foro-2019-josemariumb,Sabado de Pasion,SAN JOSE OBRERO,Paso de Cristo,2015,AM Los Gitanos,2013 - 2019: AM Los Gitanos
foro-2019-josemariumb,Sabado de Pasion,SAN JOSE OBRERO,Paso de Cristo,2016,AM Los Gitanos,2013 - 2019: AM Los Gitanos
foro-2019-josemariumb,Sabado de Pasion,SAN JOSE OBRERO,Paso de Cristo,2017,AM Los Gitanos,2013 - 2019: AM Los Gitanos
foro-2019-josemariumb,Sabado de Pasion,SAN JOSE OBRERO,Paso de Cristo,2018,AM Los Gitanos,2013 - 2019: AM Los Gitanos
foro-2019-josemariumb,Sabado de Pasion,SAN JOSE OBRERO,Paso de Cristo,2019,AM Los Gitanos,2013 - 2019: AM Los Gitanos
foro-2019-josemariumb,Sabado de Pasion,LA MILAGROSA,Paso de Misterio,2008,AM Redencion,2008 - 2019: AM Redencion
foro-2019-josemariumb,Sabado de Pasion,LA MILAGROSA,Paso de Misterio,2009,AM Redencion,2008 - 2019: AM Redencion
foro-2019-josemariumb,Sabado de Pasion,LA MILAGROSA,Paso de Misterio,2010,AM Redencion,2008 - 2019: AM Redencion
foro-2019-josemariumb,Sabado de Pasion,LA MILAGROSA,Paso de Misterio,2011,AM Redencion,2008 - 2019: AM Redencion
foro-2019-josemariumb,Sabado de Pasion,LA MILAGROSA,Paso de Misterio,2012,AM Redencion,2008 - 2019: AM Redencion
foro-2019-josemariumb,Sabado de Pasion,LA MILAGROSA,Paso de Misterio,2013,AM Redencion,2008 - 2019: AM Redencion
foro-2019-josemariumb,Sabado de Pasion,LA MILAGROSA,Paso de Misterio,2014,AM Redencion,2008 - 2019: AM Redencion
foro-2019-josemariumb,Sabado de Pasion,LA MILAGROSA,Paso de Misterio,2015,AM Redencion,2008 - 2019: AM Redencion
foro-2019-josemariumb,Sabado de Pasion,LA MILAGROSA,Paso de Misterio,2016,AM Redencion,2008 - 2019: AM Redencion
foro-2019-josemariumb,Sabado de Pasion,LA MILAGROSA,Paso de Misterio,2017,AM Redencion,2008 - 2019: AM Redencion
foro-2019-josemariumb,Sabado de Pasion,LA MILAGROSA,Paso de Misterio,2018,AM Redencion,2008 - 2019: AM Redencion
foro-2019-josemariumb,Sabado de Pasion,LA MILAGROSA,Paso de Misterio,2019,AM Redencion,2008 - 2019: AM Redencion
foro-2019-josemariumb,Sabado de Pasion,DIVINO PERDON ALCOSA,Paso de Cristo,2001,CCTT Juvenil Tres Caidas,2001: CCTT Juvenil Tres Caidas
foro-2019-josemariumb,Sabado de Pasion,DIVINO PERDON ALCOSA,Paso de Cristo,2002,CCTT Stmo. Cristo de la Sed,2002 - 2003: CCTT Stmo. Cristo de la Sed
foro-2019-josemariumb,Sabado de Pasion,DIVINO PERDON ALCOSA,Paso de Cristo,2003,CCTT Stmo. Cristo de la Sed,2002 - 2003: CCTT Stmo. Cristo de la Sed
foro-2019-josemariumb,Sabado de Pasion,DIVINO PERDON ALCOSA,Paso de Cristo,2004,AM Ntro. Padre Jesus de la Salud,2004 - 2006: AM Ntro. Padre Jesus de la Salud
foro-2019-josemariumb,Sabado de Pasion,DIVINO PERDON ALCOSA,Paso de Cristo,2005,AM Ntro. Padre Jesus de la Salud,2004 - 2006: AM Ntro. Padre Jesus de la Salud
foro-2019-josemariumb,Sabado de Pasion,DIVINO PERDON ALCOSA,Paso de Cristo,2006,AM Ntro. Padre Jesus de la Salud,2004 - 2006: AM Ntro. Padre Jesus de la Salud
foro-2019-josemariumb,Sabado de Pasion,DIVINO PERDON ALCOSA,Paso de Cristo,2007,AM Ntra. Sra. de la Estrella (Dos Hermanas),2007 - 2019: AM Ntra. Sra. de la Estrella (Dos Hermanas)
foro-2019-josemariumb,Sabado de Pasion,DIVINO PERDON ALCOSA,Paso de Cristo,2008,AM Ntra. Sra. de la Estrella (Dos Hermanas),2007 - 2019: AM Ntra. Sra. de la Estrella (Dos Hermanas)
foro-2019-josemariumb,Sabado de Pasion,DIVINO PERDON ALCOSA,Paso de Cristo,2009,AM Ntra. Sra. de la Estrella (Dos Hermanas),2007 - 2019: AM Ntra. Sra. de la Estrella (Dos Hermanas)
foro-2019-josemariumb,Sabado de Pasion,DIVINO PERDON ALCOSA,Paso de Cristo,2010,AM Ntra. Sra. de la Estrella (Dos Hermanas),2007 - 2019: AM Ntra. Sra. de la Estrella (Dos Hermanas)
foro-2019-josemariumb,Sabado de Pasion,DIVINO PERDON ALCOSA,Paso de Cristo,2011,AM Ntra. Sra. de la Estrella (Dos Hermanas),2007 - 2019: AM Ntra. Sra. de la Estrella (Dos Hermanas)
foro-2019-josemariumb,Sabado de Pasion,DIVINO PERDON ALCOSA,Paso de Cristo,2012,AM Ntra. Sra. de la Estrella (Dos Hermanas),2007 - 2019: AM Ntra. Sra. de la Estrella (Dos Hermanas)
foro-2019-josemariumb,Sabado de Pasion,DIVINO PERDON ALCOSA,Paso de Cristo,2013,AM Ntra. Sra. de la Estrella (Dos Hermanas),2007 - 2019: AM Ntra. Sra. de la Estrella (Dos Hermanas)
foro-2019-josemariumb,Sabado de Pasion,DIVINO PERDON ALCOSA,Paso de Cristo,2014,AM Ntra. Sra. de la Estrella (Dos Hermanas),2007 - 2019: AM Ntra. Sra. de la Estrella (Dos Hermanas)
foro-2019-josemariumb,Sabado de Pasion,DIVINO PERDON ALCOSA,Paso de Cristo,2015,AM Ntra. Sra. de la Estrella (Dos Hermanas),2007 - 2019: AM Ntra. Sra. de la Estrella (Dos Hermanas)
foro-2019-josemariumb,Sabado de Pasion,DIVINO PERDON ALCOSA,Paso de Cristo,2016,AM Ntra. Sra. de la Estrella (Dos Hermanas),2007 - 2019: AM Ntra. Sra. de la Estrella (Dos Hermanas)
foro-2019-josemariumb,Sabado de Pasion,DIVINO PERDON ALCOSA,Paso de Cristo,2017,AM Ntra. Sra. de la Estrella (Dos Hermanas),2007 - 2019: AM Ntra. Sra. de la Estrella (Dos Hermanas)
foro-2019-josemariumb,Sabado de Pasion,DIVINO PERDON ALCOSA,Paso de Cristo,2018,AM Ntra. Sra. de la Estrella (Dos Hermanas),2007 - 2019: AM Ntra. Sra. de la Estrella (Dos Hermanas)
foro-2019-josemariumb,Sabado de Pasion,DIVINO PERDON ALCOSA,Paso de Cristo,2019,AM Ntra. Sra. de la Estrella (Dos Hermanas),2007 - 2019: AM Ntra. Sra. de la Estrella (Dos Hermanas)
foro-2019-josemariumb,Sabado de Pasion,SAN JERONIMO,Paso de misterio,2015,CCTT Stmo. Cristo de la Sangre,2015 - 2019: CCTT Stmo. Cristo de la Sangre
foro-2019-josemariumb,Sabado de Pasion,SAN JERONIMO,Paso de misterio,2016,CCTT Stmo. Cristo de la Sangre,2015 - 2019: CCTT Stmo. Cristo de la Sangre
foro-2019-josemariumb,Sabado de Pasion,SAN JERONIMO,Paso de misterio,2017,CCTT Stmo. Cristo de la Sangre,2015 - 2019: CCTT Stmo. Cristo de la Sangre
foro-2019-josemariumb,Sabado de Pasion,SAN JERONIMO,Paso de misterio,2018,CCTT Stmo. Cristo de la Sangre,2015 - 2019: CCTT Stmo. Cristo de la Sangre
foro-2019-josemariumb,Sabado de Pasion,SAN JERONIMO,Paso de misterio,2019,CCTT Stmo. Cristo de la Sangre,2015 - 2019: CCTT Stmo. Cristo de la Sangre
foro-2019-josemariumb,Domingo de Ramos,LA BORRIQUITA,Paso de Misterio,1980,AM Virgen de las Angustias,1980: AM Virgen de las Angustias
foro-2019-josemariumb,Domingo de Ramos,LA BORRIQUITA,Paso de Misterio,1981,CCTT Gracia y Esperanza,1981: CCTT Gracia y Esperanza
foro-2019-josemariumb,Domingo de Ramos,LA BORRIQUITA,Paso de Misterio,1982,AM Sagrada Lanzada,1982-1984: AM Sagrada Lanzada
foro-2019-josemariumb,Domingo de Ramos,LA BORRIQUITA,Paso de Misterio,1983,AM Sagrada Lanzada,1982-1984: AM Sagrada Lanzada
foro-2019-josemariumb,Domingo de Ramos,LA BORRIQUITA,Paso de Misterio,1984,AM Sagrada Lanzada,1982-1984: AM Sagrada Lanzada
foro-2019-josemariumb,Domingo de Ramos,LA BORRIQUITA,Paso de Misterio,1985,CCTT Tres Caidas,1985-1990: CCTT Tres Caidas
foro-2019-josemariumb,Domingo de Ramos,LA BORRIQUITA,Paso de Misterio,1986,CCTT Tres Caidas,1985-1990: CCTT Tres Caidas
foro-2019-josemariumb,Domingo de Ramos,LA BORRIQUITA,Paso de Misterio,1987,CCTT Tres Caidas,1985-1990: CCTT Tres Caidas
foro-2019-josemariumb,Domingo de Ramos,LA BORRIQUITA,Paso de Misterio,1988,CCTT Tres Caidas,1985-1990: CCTT Tres Caidas
foro-2019-josemariumb,Domingo de Ramos,LA BORRIQUITA,Paso de Misterio,1989,CCTT Tres Caidas,1985-1990: CCTT Tres Caidas
foro-2019-josemariumb,Domingo de Ramos,LA BORRIQUITA,Paso de Misterio,1990,CCTT Tres Caidas,1985-1990: CCTT Tres Caidas
foro-2019-josemariumb,Domingo de Ramos,LA BORRIQUITA,Paso de Misterio,1991,CCTT Sol,1991-2019: CCTT Sol
foro-2019-josemariumb,Domingo de Ramos,LA BORRIQUITA,Paso de Misterio,1992,CCTT Sol,1991-2019: CCTT Sol
foro-2019-josemariumb,Domingo de Ramos,LA BORRIQUITA,Paso de Misterio,1993,CCTT Sol,1991-2019: CCTT Sol
foro-2019-josemariumb,Domingo de Ramos,LA BORRIQUITA,Paso de Misterio,1994,CCTT Sol,1991-2019: CCTT Sol
foro-2019-josemariumb,Domingo de Ramos,LA BORRIQUITA,Paso de Misterio,1995,CCTT Sol,1991-2019: CCTT Sol
foro-2019-josemariumb,Domingo de Ramos,LA BORRIQUITA,Paso de Misterio,1996,CCTT Sol,1991-2019: CCTT Sol
foro-2019-josemariumb,Domingo de Ramos,LA BORRIQUITA,Paso de Misterio,1997,CCTT Sol,1991-2019: CCTT Sol
foro-2019-josemariumb,Domingo de Ramos,LA BORRIQUITA,Paso de Misterio,1998,CCTT Sol,1991-2019: CCTT Sol
foro-2019-josemariumb,Domingo de Ramos,LA BORRIQUITA,Paso de Misterio,1999,CCTT Sol,1991-2019: CCTT Sol
foro-2019-josemariumb,Domingo de Ramos,LA BORRIQUITA,Paso de Misterio,2000,CCTT Sol,1991-2019: CCTT Sol
foro-2019-josemariumb,Domingo de Ramos,LA BORRIQUITA,Paso de Misterio,2001,CCTT Sol,1991-2019: CCTT Sol
foro-2019-josemariumb,Domingo de Ramos,LA BORRIQUITA,Paso de Misterio,2002,CCTT Sol,1991-2019: CCTT Sol
foro-2019-josemariumb,Domingo de Ramos,LA BORRIQUITA,Paso de Misterio,2003,CCTT Sol,1991-2019: CCTT Sol
foro-2019-josemariumb,Domingo de Ramos,LA BORRIQUITA,Paso de Misterio,2004,CCTT Sol,1991-2019: CCTT Sol
foro-2019-josemariumb,Domingo de Ramos,LA BORRIQUITA,Paso de Misterio,2005,CCTT Sol,1991-2019: CCTT Sol
foro-2019-josemariumb,Domingo de Ramos,LA BORRIQUITA,Paso de Misterio,2006,CCTT Sol,1991-2019: CCTT Sol
foro-2019-josemariumb,Domingo de Ramos,LA BORRIQUITA,Paso de Misterio,2007,CCTT Sol,1991-2019: CCTT Sol
foro-2019-josemariumb,Domingo de Ramos,LA BORRIQUITA,Paso de Misterio,2008,CCTT Sol,1991-2019: CCTT Sol
foro-2019-josemariumb,Domingo de Ramos,LA BORRIQUITA,Paso de Misterio,2009,CCTT Sol,1991-2019: CCTT Sol
foro-2019-josemariumb,Domingo de Ramos,LA BORRIQUITA,Paso de Misterio,2010,CCTT Sol,1991-2019: CCTT Sol
foro-2019-josemariumb,Domingo de Ramos,LA BORRIQUITA,Paso de Misterio,2011,CCTT Sol,1991-2019: CCTT Sol
foro-2019-josemariumb,Domingo de Ramos,LA BORRIQUITA,Paso de Misterio,2012,CCTT Sol,1991-2019: CCTT Sol
foro-2019-josemariumb,Domingo de Ramos,LA BORRIQUITA,Paso de Misterio,2013,CCTT Sol,1991-2019: CCTT Sol
foro-2019-josemariumb,Domingo de Ramos,LA BORRIQUITA,Paso de Misterio,2014,CCTT Sol,1991-2019: CCTT Sol
foro-2019-josemariumb,Domingo de Ramos,LA BORRIQUITA,Paso de Misterio,2015,CCTT Sol,1991-2019: CCTT Sol
foro-2019-josemariumb,Domingo de Ramos,LA BORRIQUITA,Paso de Misterio,2016,CCTT Sol,1991-2019: CCTT Sol
foro-2019-josemariumb,Domingo de Ramos,LA BORRIQUITA,Paso de Misterio,2017,CCTT Sol,1991-2019: CCTT Sol
foro-2019-josemariumb,Domingo de Ramos,LA BORRIQUITA,Paso de Misterio,2018,CCTT Sol,1991-2019: CCTT Sol
foro-2019-josemariumb,Domingo de Ramos,LA BORRIQUITA,Paso de Misterio,2019,CCTT Sol,1991-2019: CCTT Sol
foro-2019-josemariumb,Domingo de Ramos,JESUS DESPOJADO,Paso de Misterio,1980,CCTT Cruz Roja,1979-1980: CCTT Cruz Roja
foro-2019-josemariumb,Domingo de Ramos,JESUS DESPOJADO,Paso de Misterio,1981,AM Jesus Despojado,1981-1991: AM Jesus Despojado
foro-2019-josemariumb,Domingo de Ramos,JESUS DESPOJADO,Paso de Misterio,1982,AM Jesus Despojado,1981-1991: AM Jesus Despojado
foro-2019-josemariumb,Domingo de Ramos,JESUS DESPOJADO,Paso de Misterio,1983,AM Jesus Despojado,1981-1991: AM Jesus Despojado
foro-2019-josemariumb,Domingo de Ramos,JESUS DESPOJADO,Paso de Misterio,1984,AM Jesus Despojado,1981-1991: AM Jesus Despojado
foro-2019-josemariumb,Domingo de Ramos,JESUS DESPOJADO,Paso de Misterio,1985,AM Jesus Despojado,1981-1991: AM Jesus Despojado
foro-2019-josemariumb,Domingo de Ramos,JESUS DESPOJADO,Paso de Misterio,1986,AM Jesus Despojado,1981-1991: AM Jesus Despojado
foro-2019-josemariumb,Domingo de Ramos,JESUS DESPOJADO,Paso de Misterio,1987,AM Jesus Despojado,1981-1991: AM Jesus Despojado
foro-2019-josemariumb,Domingo de Ramos,JESUS DESPOJADO,Paso de Misterio,1988,AM Jesus Despojado,1981-1991: AM Jesus Despojado
foro-2019-josemariumb,Domingo de Ramos,JESUS DESPOJADO,Paso de Misterio,1989,AM Jesus Despojado,1981-1991: AM Jesus Despojado
foro-2019-josemariumb,Domingo de Ramos,JESUS DESPOJADO,Paso de Misterio,1990,AM Jesus Despojado,1981-1991: AM Jesus Despojado
foro-2019-josemariumb,Domingo de Ramos,JESUS DESPOJADO,Paso de Misterio,1991,AM Jesus Despojado,1981-1991: AM Jesus Despojado
foro-2019-josemariumb,Domingo de Ramos,JESUS DESPOJADO,Paso de Misterio,1992,CCTT Cristo de la Sed,1992-1995: CCTT Cristo de la Sed
foro-2019-josemariumb,Domingo de Ramos,JESUS DESPOJADO,Paso de Misterio,1993,CCTT Cristo de la Sed,1992-1995: CCTT Cristo de la Sed
foro-2019-josemariumb,Domingo de Ramos,JESUS DESPOJADO,Paso de Misterio,1994,CCTT Cristo de la Sed,1992-1995: CCTT Cristo de la Sed
foro-2019-josemariumb,Domingo de Ramos,JESUS DESPOJADO,Paso de Misterio,1995,CCTT Cristo de la Sed,1992-1995: CCTT Cristo de la Sed
foro-2019-josemariumb,Domingo de Ramos,JESUS DESPOJADO,Paso de Misterio,1996,CCTT Vera Cruz de Utrera,1996-2004: CCTT Vera Cruz de Utrera
foro-2019-josemariumb,Domingo de Ramos,JESUS DESPOJADO,Paso de Misterio,1997,CCTT Vera Cruz de Utrera,1996-2004: CCTT Vera Cruz de Utrera
foro-2019-josemariumb,Domingo de Ramos,JESUS DESPOJADO,Paso de Misterio,1998,CCTT Vera Cruz de Utrera,1996-2004: CCTT Vera Cruz de Utrera
foro-2019-josemariumb,Domingo de Ramos,JESUS DESPOJADO,Paso de Misterio,1999,CCTT Vera Cruz de Utrera,1996-2004: CCTT Vera Cruz de Utrera
foro-2019-josemariumb,Domingo de Ramos,JESUS DESPOJADO,Paso de Misterio,2000,CCTT Vera Cruz de Utrera,1996-2004: CCTT Vera Cruz de Utrera
foro-2019-josemariumb,Domingo de Ramos,JESUS DESPOJADO,Paso de Misterio,2001,CCTT Vera Cruz de Utrera,1996-2004: CCTT Vera Cruz de Utrera
foro-2019-josemariumb,Domingo de Ramos,JESUS DESPOJADO,Paso de Misterio,2002,CCTT Vera Cruz de Utrera,1996-2004: CCTT Vera Cruz de Utrera
foro-2019-josemariumb,Domingo de Ramos,JESUS DESPOJADO,Paso de Misterio,2003,CCTT Vera Cruz de Utrera,1996-2004: CCTT Vera Cruz de Utrera
foro-2019-josemariumb,Domingo de Ramos,JESUS DESPOJADO,Paso de Misterio,2004,CCTT Vera Cruz de Utrera,1996-2004: CCTT Vera Cruz de Utrera
foro-2019-josemariumb,Domingo de Ramos,JESUS DESPOJADO,Paso de Misterio,2005,AM Virgen de los Reyes,2005-2019: AM Virgen de los Reyes
foro-2019-josemariumb,Domingo de Ramos,JESUS DESPOJADO,Paso de Misterio,2006,AM Virgen de los Reyes,2005-2019: AM Virgen de los Reyes
foro-2019-josemariumb,Domingo de Ramos,JESUS DESPOJADO,Paso de Misterio,2007,AM Virgen de los Reyes,2005-2019: AM Virgen de los Reyes
foro-2019-josemariumb,Domingo de Ramos,JESUS DESPOJADO,Paso de Misterio,2008,AM Virgen de los Reyes,2005-2019: AM Virgen de los Reyes
foro-2019-josemariumb,Domingo de Ramos,JESUS DESPOJADO,Paso de Misterio,2009,AM Virgen de los Reyes,2005-2019: AM Virgen de los Reyes
foro-2019-josemariumb,Domingo de Ramos,JESUS DESPOJADO,Paso de Misterio,2010,AM Virgen de los Reyes,2005-2019: AM Virgen de los Reyes
foro-2019-josemariumb,Domingo de Ramos,JESUS DESPOJADO,Paso de Misterio,2011,AM Virgen de los Reyes,2005-2019: AM Virgen de los Reyes
foro-2019-josemariumb,Domingo de Ramos,JESUS DESPOJADO,Paso de Misterio,2012,AM Virgen de los Reyes,2005-2019: AM Virgen de los Reyes
foro-2019-josemariumb,Domingo de Ramos,JESUS DESPOJADO,Paso de Misterio,2013,AM Virgen de los Reyes,2005-2019: AM Virgen de los Reyes
foro-2019-josemariumb,Domingo de Ramos,JESUS DESPOJADO,Paso de Misterio,2014,AM Virgen de los Reyes,2005-2019: AM Virgen de los Reyes
foro-2019-josemariumb,Domingo de Ramos,JESUS DESPOJADO,Paso de Misterio,2015,AM Virgen de los Reyes,2005-2019: AM Virgen de los Reyes
foro-2019-josemariumb,Domingo de Ramos,JESUS DESPOJADO,Paso de Misterio,2016,AM Virgen de los Reyes,2005-2019: AM Virgen de los Reyes
foro-2019-josemariumb,Domingo de Ramos,JESUS DESPOJADO,Paso de Misterio,2017,AM Virgen de los Reyes,2005-2019: AM Virgen de los Reyes
foro-2019-josemariumb,Domingo de Ramos,JESUS DESPOJADO,Paso de Misterio,2018,AM Virgen de los Reyes,2005-2019: AM Virgen de los Reyes
foro-2019-josemariumb,Domingo de Ramos,JESUS DESPOJADO,Paso de Misterio,2019,AM Virgen de los Reyes,2005-2019: AM Virgen de los Reyes
foro-2019-josemariumb,Domingo de Ramos,JESUS DESPOJADO,Paso de Palio,1980,Sociedad Filarmonica Nuestra Senora del Carmen de Salteras,1980-1988: Sociedad Filarmonica Nuestra Senora del Carmen de Salteras
foro-2019-josemariumb,Domingo de Ramos,JESUS DESPOJADO,Paso de Palio,1981,Sociedad Filarmonica Nuestra Senora del Carmen de Salteras,1980-1988: Sociedad Filarmonica Nuestra Senora del Carmen de Salteras
foro-2019-josemariumb,Domingo de Ramos,JESUS DESPOJADO,Paso de Palio,1982,Sociedad Filarmonica Nuestra Senora del Carmen de Salteras,1980-1988: Sociedad Filarmonica Nuestra Senora del Carmen de Salteras
foro-2019-josemariumb,Domingo de Ramos,JESUS DESPOJADO,Paso de Palio,1983,Sociedad Filarmonica Nuestra Senora del Carmen de Salteras,1980-1988: Sociedad Filarmonica Nuestra Senora del Carmen de Salteras
foro-2019-josemariumb,Domingo de Ramos,JESUS DESPOJADO,Paso de Palio,1984,Sociedad Filarmonica Nuestra Senora del Carmen de Salteras,1980-1988: Sociedad Filarmonica Nuestra Senora del Carmen de Salteras
foro-2019-josemariumb,Domingo de Ramos,JESUS DESPOJADO,Paso de Palio,1985,Sociedad Filarmonica Nuestra Senora del Carmen de Salteras,1980-1988: Sociedad Filarmonica Nuestra Senora del Carmen de Salteras
foro-2019-josemariumb,Domingo de Ramos,JESUS DESPOJADO,Paso de Palio,1986,Sociedad Filarmonica Nuestra Senora del Carmen de Salteras,1980-1988: Sociedad Filarmonica Nuestra Senora del Carmen de Salteras
foro-2019-josemariumb,Domingo de Ramos,JESUS DESPOJADO,Paso de Palio,1987,Sociedad Filarmonica Nuestra Senora del Carmen de Salteras,1980-1988: Sociedad Filarmonica Nuestra Senora del Carmen de Salteras
foro-2019-josemariumb,Domingo de Ramos,JESUS DESPOJADO,Paso de Palio,1988,Sociedad Filarmonica Nuestra Senora del Carmen de Salteras,1980-1988: Sociedad Filarmonica Nuestra Senora del Carmen de Salteras
foro-2019-josemariumb,Domingo de Ramos,JESUS DESPOJADO,Paso de Palio,1989,BM de Guillena,1989: BM de Guillena
foro-2019-josemariumb,Domingo de Ramos,JESUS DESPOJADO,Paso de Palio,1990,BM Santa Maria del Alcor,1990: BM Santa Maria del Alcor
foro-2019-josemariumb,Domingo de Ramos,JESUS DESPOJADO,Paso de Palio,1991,BM Esperanza de Triana,1991-1992: BM Esperanza de Triana
foro-2019-josemariumb,Domingo de Ramos,JESUS DESPOJADO,Paso de Palio,1992,BM Esperanza de Triana,1991-1992: BM Esperanza de Triana
foro-2019-josemariumb,Domingo de Ramos,JESUS DESPOJADO,Paso de Palio,1993,Sociedad Filarmonica de Pilas,1993-2010: Sociedad Filarmonica de Pilas
foro-2019-josemariumb,Domingo de Ramos,JESUS DESPOJADO,Paso de Palio,1994,Sociedad Filarmonica de Pilas,1993-2010: Sociedad Filarmonica de Pilas
foro-2019-josemariumb,Domingo de Ramos,JESUS DESPOJADO,Paso de Palio,1995,Sociedad Filarmonica de Pilas,1993-2010: Sociedad Filarmonica de Pilas
foro-2019-josemariumb,Domingo de Ramos,JESUS DESPOJADO,Paso de Palio,1996,Sociedad Filarmonica de Pilas,1993-2010: Sociedad Filarmonica de Pilas
foro-2019-josemariumb,Domingo de Ramos,JESUS DESPOJADO,Paso de Palio,1997,Sociedad Filarmonica de Pilas,1993-2010: Sociedad Filarmonica de Pilas
foro-2019-josemariumb,Domingo de Ramos,JESUS DESPOJADO,Paso de Palio,1998,Sociedad Filarmonica de Pilas,1993-2010: Sociedad Filarmonica de Pilas
foro-2019-josemariumb,Domingo de Ramos,JESUS DESPOJADO,Paso de Palio,1999,Sociedad Filarmonica de Pilas,1993-2010: Sociedad Filarmonica de Pilas
foro-2019-josemariumb,Domingo de Ramos,JESUS DESPOJADO,Paso de Palio,2000,Sociedad Filarmonica de Pilas,1993-2010: Sociedad Filarmonica de Pilas
foro-2019-josemariumb,Domingo de Ramos,JESUS DESPOJADO,Paso de Palio,2001,Sociedad Filarmonica de Pilas,1993-2010: Sociedad Filarmonica de Pilas
foro-2019-josemariumb,Domingo de Ramos,JESUS DESPOJADO,Paso de Palio,2002,Sociedad Filarmonica de Pilas,1993-2010: Sociedad Filarmonica de Pilas
foro-2019-josemariumb,Domingo de Ramos,JESUS DESPOJADO,Paso de Palio,2003,Sociedad Filarmonica de Pilas,1993-2010: Sociedad Filarmonica de Pilas
foro-2019-josemariumb,Domingo de Ramos,JESUS DESPOJADO,Paso de Palio,2004,Sociedad Filarmonica de Pilas,1993-2010: Sociedad Filarmonica de Pilas
foro-2019-josemariumb,Domingo de Ramos,JESUS DESPOJADO,Paso de Palio,2005,Sociedad Filarmonica de Pilas,1993-2010: Sociedad Filarmonica de Pilas
foro-2019-josemariumb,Domingo de Ramos,JESUS DESPOJADO,Paso de Palio,2006,Sociedad Filarmonica de Pilas,1993-2010: Sociedad Filarmonica de Pilas
foro-2019-josemariumb,Domingo de Ramos,JESUS DESPOJADO,Paso de Palio,2007,Sociedad Filarmonica de Pilas,1993-2010: Sociedad Filarmonica de Pilas
foro-2019-josemariumb,Domingo de Ramos,JESUS DESPOJADO,Paso de Palio,2008,Sociedad Filarmonica de Pilas,1993-2010: Sociedad Filarmonica de Pilas
foro-2019-josemariumb,Domingo de Ramos,JESUS DESPOJADO,Paso de Palio,2009,Sociedad Filarmonica de Pilas,1993-2010: Sociedad Filarmonica de Pilas
foro-2019-josemariumb,Domingo de Ramos,JESUS DESPOJADO,Paso de Palio,2010,Sociedad Filarmonica de Pilas,1993-2010: Sociedad Filarmonica de Pilas
foro-2019-josemariumb,Domingo de Ramos,JESUS DESPOJADO,Paso de Palio,2010,BM Valverde del Camino,2010-2012: BM Valverde del Camino
foro-2019-josemariumb,Domingo de Ramos,JESUS DESPOJADO,Paso de Palio,2011,BM Valverde del Camino,2010-2012: BM Valverde del Camino
foro-2019-josemariumb,Domingo de Ramos,JESUS DESPOJADO,Paso de Palio,2012,BM Valverde del Camino,2010-2012: BM Valverde del Camino
foro-2019-josemariumb,Domingo de Ramos,JESUS DESPOJADO,Paso de Palio,2013,Liceo de Moguer,2013-2019: Liceo de Moguer
foro-2019-josemariumb,Domingo de Ramos,JESUS DESPOJADO,Paso de Palio,2014,Liceo de Moguer,2013-2019: Liceo de Moguer
foro-2019-josemariumb,Domingo de Ramos,JESUS DESPOJADO,Paso de Palio,2015,Liceo de Moguer,2013-2019: Liceo de Moguer
foro-2019-josemariumb,Domingo de Ramos,JESUS DESPOJADO,Paso de Palio,2016,Liceo de Moguer,2013-2019: Liceo de Moguer
foro-2019-josemariumb,Domingo de Ramos,JESUS DESPOJADO,Paso de Palio,2017,Liceo de Moguer,2013-2019: Liceo de Moguer
foro-2019-josemariumb,Domingo de Ramos,JESUS DESPOJADO,Paso de Palio,2018,Liceo de Moguer,2013-2019: Liceo de Moguer
foro-2019-josemariumb,Domingo de Ramos,JESUS DESPOJADO,Paso de Palio,2019,Liceo de Moguer,2013-2019: Liceo de Moguer
foro-2019-josemariumb,Domingo de Ramos,LA PAZ,Paso de Misterio,1980,AM Sagrada Lanzada,1979-1981: AM Sagrada Lanzada
foro-2019-josemariumb,Domingo de Ramos,LA PAZ,Paso de Misterio,1981,AM Sagrada Lanzada,1979-1981: AM Sagrada Lanzada
foro-2019-josemariumb,Domingo de Ramos,LA PAZ,Paso de Misterio,1982,CCTT Tres Caidas,1982-1984: CCTT Tres Caidas
foro-2019-josemariumb,Domingo de Ramos,LA PAZ,Paso de Misterio,1983,CCTT Tres Caidas,1982-1984: CCTT Tres Caidas
foro-2019-josemariumb,Domingo de Ramos,LA PAZ,Paso de Misterio,1984,CCTT Tres Caidas,1982-1984: CCTT Tres Caidas
foro-2019-josemariumb,Domingo de Ramos,LA PAZ,Paso de Misterio,1985,AM Sagrada Lanzada,1985-1986: AM Sagrada Lanzada
foro-2019-josemariumb,Domingo de Ramos,LA PAZ,Paso de Misterio,1986,AM Sagrada Lanzada,1985-1986: AM Sagrada Lanzada
foro-2019-josemariumb,Domingo de Ramos,LA PAZ,Paso de Misterio,1987,AM San Julian,1987-1991: AM San Julian
foro-2019-josemariumb,Domingo de Ramos,LA PAZ,Paso de Misterio,1988,AM San Julian,1987-1991: AM San Julian
foro-2019-josemariumb,Domingo de Ramos,LA PAZ,Paso de Misterio,1989,AM San Julian,1987-1991: AM San Julian
foro-2019-josemariumb,Domingo de Ramos,LA PAZ,Paso de Misterio,1990,AM San Julian,1987-1991: AM San Julian
foro-2019-josemariumb,Domingo de Ramos,LA PAZ,Paso de Misterio,1991,AM San Julian,1987-1991: AM San Julian
foro-2019-josemariumb,Domingo de Ramos,LA PAZ,Paso de Misterio,1992,AM Ntra. Sra. De la Paz,1992-1998: AM Ntra. Sra. De la Paz
foro-2019-josemariumb,Domingo de Ramos,LA PAZ,Paso de Misterio,1993,AM Ntra. Sra. De la Paz,1992-1998: AM Ntra. Sra. De la Paz
foro-2019-josemariumb,Domingo de Ramos,LA PAZ,Paso de Misterio,1994,AM Ntra. Sra. De la Paz,1992-1998: AM Ntra. Sra. De la Paz
foro-2019-josemariumb,Domingo de Ramos,LA PAZ,Paso de Misterio,1995,AM Ntra. Sra. De la Paz,1992-1998: AM Ntra. Sra. De la Paz
foro-2019-josemariumb,Domingo de Ramos,LA PAZ,Paso de Misterio,1996,AM Ntra. Sra. De la Paz,1992-1998: AM Ntra. Sra. De la Paz
foro-2019-josemariumb,Domingo de Ramos,LA PAZ,Paso de Misterio,1997,AM Ntra. Sra. De la Paz,1992-1998: AM Ntra. Sra. De la Paz
foro-2019-josemariumb,Domingo de Ramos,LA PAZ,Paso de Misterio,1998,AM Ntra. Sra. De la Paz,1992-1998: AM Ntra. Sra. De la Paz
foro-2019-josemariumb,Domingo de Ramos,LA PAZ,Paso de Misterio,1999,AM Virgen de los Reyes,1999: AM Virgen de los Reyes
foro-2019-josemariumb,Domingo de Ramos,LA PAZ,Paso de Misterio,2001,AM Ntra. Sra. de la Encarnacion,2001-2019: AM Ntra. Sra. de la Encarnacion
foro-2019-josemariumb,Domingo de Ramos,LA PAZ,Paso de Misterio,2002,AM Ntra. Sra. de la Encarnacion,2001-2019: AM Ntra. Sra. de la Encarnacion
foro-2019-josemariumb,Domingo de Ramos,LA PAZ,Paso de Misterio,2003,AM Ntra. Sra. de la Encarnacion,2001-2019: AM Ntra. Sra. de la Encarnacion
foro-2019-josemariumb,Domingo de Ramos,LA PAZ,Paso de Misterio,2004,AM Ntra. Sra. de la Encarnacion,2001-2019: AM Ntra. Sra. de la Encarnacion
foro-2019-josemariumb,Domingo de Ramos,LA PAZ,Paso de Misterio,2005,AM Ntra. Sra. de la Encarnacion,2001-2019: AM Ntra. Sra. de la Encarnacion
foro-2019-josemariumb,Domingo de Ramos,LA PAZ,Paso de Misterio,2006,AM Ntra. Sra. de la Encarnacion,2001-2019: AM Ntra. Sra. de la Encarnacion
foro-2019-josemariumb,Domingo de Ramos,LA PAZ,Paso de Misterio,2007,AM Ntra. Sra. de la Encarnacion,2001-2019: AM Ntra. Sra. de la Encarnacion
foro-2019-josemariumb,Domingo de Ramos,LA PAZ,Paso de Misterio,2008,AM Ntra. Sra. de la Encarnacion,2001-2019: AM Ntra. Sra. de la Encarnacion
foro-2019-josemariumb,Domingo de Ramos,LA PAZ,Paso de Misterio,2009,AM Ntra. Sra. de la Encarnacion,2001-2019: AM Ntra. Sra. de la Encarnacion
foro-2019-josemariumb,Domingo de Ramos,LA PAZ,Paso de Misterio,2010,AM Ntra. Sra. de la Encarnacion,2001-2019: AM Ntra. Sra. de la Encarnacion
foro-2019-josemariumb,Domingo de Ramos,LA PAZ,Paso de Misterio,2011,AM Ntra. Sra. de la Encarnacion,2001-2019: AM Ntra. Sra. de la Encarnacion
foro-2019-josemariumb,Domingo de Ramos,LA PAZ,Paso de Misterio,2012,AM Ntra. Sra. de la Encarnacion,2001-2019: AM Ntra. Sra. de la Encarnacion
foro-2019-josemariumb,Domingo de Ramos,LA PAZ,Paso de Misterio,2013,AM Ntra. Sra. de la Encarnacion,2001-2019: AM Ntra. Sra. de la Encarnacion
foro-2019-josemariumb,Domingo de Ramos,LA PAZ,Paso de Misterio,2014,AM Ntra. Sra. de la Encarnacion,2001-2019: AM Ntra. Sra. de la Encarnacion
foro-2019-josemariumb,Domingo de Ramos,LA PAZ,Paso de Misterio,2015,AM Ntra. Sra. de la Encarnacion,2001-2019: AM Ntra. Sra. de la Encarnacion
foro-2019-josemariumb,Domingo de Ramos,LA PAZ,Paso de Misterio,2016,AM Ntra. Sra. de la Encarnacion,2001-2019: AM Ntra. Sra. de la Encarnacion
foro-2019-josemariumb,Domingo de Ramos,LA PAZ,Paso de Misterio,2017,AM Ntra. Sra. de la Encarnacion,2001-2019: AM Ntra. Sra. de la Encarnacion
foro-2019-josemariumb,Domingo de Ramos,LA PAZ,Paso de Misterio,2018,AM Ntra. Sra. de la Encarnacion,2001-2019: AM Ntra. Sra. de la Encarnacion
foro-2019-josemariumb,Domingo de Ramos,LA PAZ,Paso de Misterio,2019,AM Ntra. Sra. de la Encarnacion,2001-2019: AM Ntra. Sra. de la Encarnacion
foro-2019-josemariumb,Domingo de Ramos,LA PAZ,Paso de Palio,1980,BM Inmaculada (Soria 9),1980-1984: BM Inmaculada (Soria 9)
foro-2019-josemariumb,Domingo de Ramos,LA PAZ,Paso de Palio,1981,BM Inmaculada (Soria 9),1980-1984: BM Inmaculada (Soria 9)
foro-2019-josemariumb,Domingo de Ramos,LA PAZ,Paso de Palio,1982,BM Inmaculada (Soria 9),1980-1984: BM Inmaculada (Soria 9)
foro-2019-josemariumb,Domingo de Ramos,LA PAZ,Paso de Palio,1983,BM Inmaculada (Soria 9),1980-1984: BM Inmaculada (Soria 9)
foro-2019-josemariumb,Domingo de Ramos,LA PAZ,Paso de Palio,1984,BM Inmaculada (Soria 9),1980-1984: BM Inmaculada (Soria 9)
foro-2019-josemariumb,Domingo de Ramos,LA PAZ,Paso de Palio,1985,BM Mecanizada Guzman el Bueno (Soria 9),1985-1996: BM Mecanizada Guzman el Bueno (Soria 9)
foro-2019-josemariumb,Domingo de Ramos,LA PAZ,Paso de Palio,1986,BM Mecanizada Guzman el Bueno (Soria 9),1985-1996: BM Mecanizada Guzman el Bueno (Soria 9)
foro-2019-josemariumb,Domingo de Ramos,LA PAZ,Paso de Palio,1987,BM Mecanizada Guzman el Bueno (Soria 9),1985-1996: BM Mecanizada Guzman el Bueno (Soria 9)
foro-2019-josemariumb,Domingo de Ramos,LA PAZ,Paso de Palio,1988,BM Mecanizada Guzman el Bueno (Soria 9),1985-1996: BM Mecanizada Guzman el Bueno (Soria 9)
foro-2019-josemariumb,Domingo de Ramos,LA PAZ,Paso de Palio,1989,BM Mecanizada Guzman el Bueno (Soria 9),1985-1996: BM Mecanizada Guzman el Bueno (Soria 9)
foro-2019-josemariumb,Domingo de Ramos,LA PAZ,Paso de Palio,1990,BM Mecanizada Guzman el Bueno (Soria 9),1985-1996: BM Mecanizada Guzman el Bueno (Soria 9)
foro-2019-josemariumb,Domingo de Ramos,LA PAZ,Paso de Palio,1991,BM Mecanizada Guzman el Bueno (Soria 9),1985-1996: BM Mecanizada Guzman el Bueno (Soria 9)
foro-2019-josemariumb,Domingo de Ramos,LA PAZ,Paso de Palio,1992,BM Mecanizada Guzman el Bueno (Soria 9),1985-1996: BM Mecanizada Guzman el Bueno (Soria 9)
foro-2019-josemariumb,Domingo de Ramos,LA PAZ,Paso de Palio,1993,BM Mecanizada Guzman el Bueno (Soria 9),1985-1996: BM Mecanizada Guzman el Bueno (Soria 9)
foro-2019-josemariumb,Domingo de Ramos,LA PAZ,Paso de Palio,1994,BM Mecanizada Guzman el Bueno (Soria 9),1985-1996: BM Mecanizada Guzman el Bueno (Soria 9)
foro-2019-josemariumb,Domingo de Ramos,LA PAZ,Paso de Palio,1995,BM Mecanizada Guzman el Bueno (Soria 9),1985-1996: BM Mecanizada Guzman el Bueno (Soria 9)
foro-2019-josemariumb,Domingo de Ramos,LA PAZ,Paso de Palio,1996,BM Mecanizada Guzman el Bueno (Soria 9),1985-1996: BM Mecanizada Guzman el Bueno (Soria 9)
foro-2019-josemariumb,Domingo de Ramos,LA PAZ,Paso de Palio,1997,BM Cuartel General Region Sur (Soria 9),1997-1999: BM Cuartel General Region Sur (Soria 9)
foro-2019-josemariumb,Domingo de Ramos,LA PAZ,Paso de Palio,1998,BM Cuartel General Region Sur (Soria 9),1997-1999: BM Cuartel General Region Sur (Soria 9)
foro-2019-josemariumb,Domingo de Ramos,LA PAZ,Paso de Palio,1999,BM Cuartel General Region Sur (Soria 9),1997-1999: BM Cuartel General Region Sur (Soria 9)
foro-2019-josemariumb,Domingo de Ramos,LA PAZ,Paso de Palio,2000,BM Fernando Guerrero de los Palacios,2000-2001: BM Fernando Guerrero de los Palacios
foro-2019-josemariumb,Domingo de Ramos,LA PAZ,Paso de Palio,2001,BM Fernando Guerrero de los Palacios,2000-2001: BM Fernando Guerrero de los Palacios
foro-2019-josemariumb,Domingo de Ramos,LA PAZ,Paso de Palio,2002,Sociedad Filarmonica Nuestra Senora del Carmen de Salteras,2002-2005: Sociedad Filarmonica Nuestra Senora del Carmen de Salteras
foro-2019-josemariumb,Domingo de Ramos,LA PAZ,Paso de Palio,2003,Sociedad Filarmonica Nuestra Senora del Carmen de Salteras,2002-2005: Sociedad Filarmonica Nuestra Senora del Carmen de Salteras
foro-2019-josemariumb,Domingo de Ramos,LA PAZ,Paso de Palio,2004,Sociedad Filarmonica Nuestra Senora del Carmen de Salteras,2002-2005: Sociedad Filarmonica Nuestra Senora del Carmen de Salteras
foro-2019-josemariumb,Domingo de Ramos,LA PAZ,Paso de Palio,2005,Sociedad Filarmonica Nuestra Senora del Carmen de Salteras,2002-2005: Sociedad Filarmonica Nuestra Senora del Carmen de Salteras
foro-2019-josemariumb,Domingo de Ramos,LA PAZ,Paso de Palio,2006,BM Santa Ana de Dos Hermanas,2006-2019: BM Santa Ana de Dos Hermanas
foro-2019-josemariumb,Domingo de Ramos,LA PAZ,Paso de Palio,2007,BM Santa Ana de Dos Hermanas,2006-2019: BM Santa Ana de Dos Hermanas
foro-2019-josemariumb,Domingo de Ramos,LA PAZ,Paso de Palio,2008,BM Santa Ana de Dos Hermanas,2006-2019: BM Santa Ana de Dos Hermanas
foro-2019-josemariumb,Domingo de Ramos,LA PAZ,Paso de Palio,2009,BM Santa Ana de Dos Hermanas,2006-2019: BM Santa Ana de Dos Hermanas
foro-2019-josemariumb,Domingo de Ramos,LA PAZ,Paso de Palio,2010,BM Santa Ana de Dos Hermanas,2006-2019: BM Santa Ana de Dos Hermanas
foro-2019-josemariumb,Domingo de Ramos,LA PAZ,Paso de Palio,2011,BM Santa Ana de Dos Hermanas,2006-2019: BM Santa Ana de Dos Hermanas
foro-2019-josemariumb,Domingo de Ramos,LA PAZ,Paso de Palio,2012,BM Santa Ana de Dos Hermanas,2006-2019: BM Santa Ana de Dos Hermanas
foro-2019-josemariumb,Domingo de Ramos,LA PAZ,Paso de Palio,2013,BM Santa Ana de Dos Hermanas,2006-2019: BM Santa Ana de Dos Hermanas
foro-2019-josemariumb,Domingo de Ramos,LA PAZ,Paso de Palio,2014,BM Santa Ana de Dos Hermanas,2006-2019: BM Santa Ana de Dos Hermanas
foro-2019-josemariumb,Domingo de Ramos,LA PAZ,Paso de Palio,2015,BM Santa Ana de Dos Hermanas,2006-2019: BM Santa Ana de Dos Hermanas
foro-2019-josemariumb,Domingo de Ramos,LA PAZ,Paso de Palio,2016,BM Santa Ana de Dos Hermanas,2006-2019: BM Santa Ana de Dos Hermanas
foro-2019-josemariumb,Domingo de Ramos,LA PAZ,Paso de Palio,2017,BM Santa Ana de Dos Hermanas,2006-2019: BM Santa Ana de Dos Hermanas
foro-2019-josemariumb,Domingo de Ramos,LA PAZ,Paso de Palio,2018,BM Santa Ana de Dos Hermanas,2006-2019: BM Santa Ana de Dos Hermanas
foro-2019-josemariumb,Domingo de Ramos,LA PAZ,Paso de Palio,2019,BM Santa Ana de Dos Hermanas,2006-2019: BM Santa Ana de Dos Hermanas
foro-2019-josemariumb,Domingo de Ramos,SAGRADA CENA,Paso de Misterio,1980,CCTT Las Cigarreras,1980-2019: CCTT Las Cigarreras
foro-2019-josemariumb,Domingo de Ramos,SAGRADA CENA,Paso de Misterio,1981,CCTT Las Cigarreras,1980-2019: CCTT Las Cigarreras
foro-2019-josemariumb,Domingo de Ramos,SAGRADA CENA,Paso de Misterio,1982,CCTT Las Cigarreras,1980-2019: CCTT Las Cigarreras
foro-2019-josemariumb,Domingo de Ramos,SAGRADA CENA,Paso de Misterio,1983,CCTT Las Cigarreras,1980-2019: CCTT Las Cigarreras
foro-2019-josemariumb,Domingo de Ramos,SAGRADA CENA,Paso de Misterio,1984,CCTT Las Cigarreras,1980-2019: CCTT Las Cigarreras
foro-2019-josemariumb,Domingo de Ramos,SAGRADA CENA,Paso de Misterio,1985,CCTT Las Cigarreras,1980-2019: CCTT Las Cigarreras
foro-2019-josemariumb,Domingo de Ramos,SAGRADA CENA,Paso de Misterio,1986,CCTT Las Cigarreras,1980-2019: CCTT Las Cigarreras
foro-2019-josemariumb,Domingo de Ramos,SAGRADA CENA,Paso de Misterio,1987,CCTT Las Cigarreras,1980-2019: CCTT Las Cigarreras
foro-2019-josemariumb,Domingo de Ramos,SAGRADA CENA,Paso de Misterio,1988,CCTT Las Cigarreras,1980-2019: CCTT Las Cigarreras
foro-2019-josemariumb,Domingo de Ramos,SAGRADA CENA,Paso de Misterio,1989,CCTT Las Cigarreras,1980-2019: CCTT Las Cigarreras
foro-2019-josemariumb,Domingo de Ramos,SAGRADA CENA,Paso de Misterio,1990,CCTT Las Cigarreras,1980-2019: CCTT Las Cigarreras
foro-2019-josemariumb,Domingo de Ramos,SAGRADA CENA,Paso de Misterio,1991,CCTT Las Cigarreras,1980-2019: CCTT Las Cigarreras
foro-2019-josemariumb,Domingo de Ramos,SAGRADA CENA,Paso de Misterio,1992,CCTT Las Cigarreras,1980-2019: CCTT Las Cigarreras
foro-2019-josemariumb,Domingo de Ramos,SAGRADA CENA,Paso de Misterio,1993,CCTT Las Cigarreras,1980-2019: CCTT Las Cigarreras
foro-2019-josemariumb,Domingo de Ramos,SAGRADA CENA,Paso de Misterio,1994,CCTT Las Cigarreras,1980-2019: CCTT Las Cigarreras
foro-2019-josemariumb,Domingo de Ramos,SAGRADA CENA,Paso de Misterio,1995,CCTT Las Cigarreras,1980-2019: CCTT Las Cigarreras
foro-2019-josemariumb,Domingo de Ramos,SAGRADA CENA,Paso de Misterio,1996,CCTT Las Cigarreras,1980-2019: CCTT Las Cigarreras
foro-2019-josemariumb,Domingo de Ramos,SAGRADA CENA,Paso de Misterio,1997,CCTT Las Cigarreras,1980-2019: CCTT Las Cigarreras
foro-2019-josemariumb,Domingo de Ramos,SAGRADA CENA,Paso de Misterio,1998,CCTT Las Cigarreras,1980-2019: CCTT Las Cigarreras
foro-2019-josemariumb,Domingo de Ramos,SAGRADA CENA,Paso de Misterio,1999,CCTT Las Cigarreras,1980-2019: CCTT Las Cigarreras
foro-2019-josemariumb,Domingo de Ramos,SAGRADA CENA,Paso de Misterio,2000,CCTT Las Cigarreras,1980-2019: CCTT Las Cigarreras
foro-2019-josemariumb,Domingo de Ramos,SAGRADA CENA,Paso de Misterio,2001,CCTT Las Cigarreras,1980-2019: CCTT Las Cigarreras
foro-2019-josemariumb,Domingo de Ramos,SAGRADA CENA,Paso de Misterio,2002,CCTT Las Cigarreras,1980-2019: CCTT Las Cigarreras
foro-2019-josemariumb,Domingo de Ramos,SAGRADA CENA,Paso de Misterio,2003,CCTT Las Cigarreras,1980-2019: CCTT Las Cigarreras
foro-2019-josemariumb,Domingo de Ramos,SAGRADA CENA,Paso de Misterio,2004,CCTT Las Cigarreras,1980-2019: CCTT Las Cigarreras
foro-2019-josemariumb,Domingo de Ramos,SAGRADA CENA,Paso de Misterio,2005,CCTT Las Cigarreras,1980-2019: CCTT Las Cigarreras
foro-2019-josemariumb,Domingo de Ramos,SAGRADA CENA,Paso de Misterio,2006,CCTT Las Cigarreras,1980-2019: CCTT Las Cigarreras
foro-2019-josemariumb,Domingo de Ramos,SAGRADA CENA,Paso de Misterio,2007,CCTT Las Cigarreras,1980-2019: CCTT Las Cigarreras
foro-2019-josemariumb,Domingo de Ramos,SAGRADA CENA,Paso de Misterio,2008,CCTT Las Cigarreras,1980-2019: CCTT Las Cigarreras
foro-2019-josemariumb,Domingo de Ramos,SAGRADA CENA,Paso de Misterio,2009,CCTT Las Cigarreras,1980-2019: CCTT Las Cigarreras
foro-2019-josemariumb,Domingo de Ramos,SAGRADA CENA,Paso de Misterio,2010,CCTT Las Cigarreras,1980-2019: CCTT Las Cigarreras
foro-2019-josemariumb,Domingo de Ramos,SAGRADA CENA,Paso de Misterio,2011,CCTT Las Cigarreras,1980-2019: CCTT Las Cigarreras
foro-2019-josemariumb,Domingo de Ramos,SAGRADA CENA,Paso de Misterio,2012,CCTT Las Cigarreras,1980-2019: CCTT Las Cigarreras
foro-2019-josemariumb,Domingo de Ramos,SAGRADA CENA,Paso de Misterio,2013,CCTT Las Cigarreras,1980-2019: CCTT Las Cigarreras
foro-2019-josemariumb,Domingo de Ramos,SAGRADA CENA,Paso de Misterio,2014,CCTT Las Cigarreras,1980-2019: CCTT Las Cigarreras
foro-2019-josemariumb,Domingo de Ramos,SAGRADA CENA,Paso de Misterio,2015,CCTT Las Cigarreras,1980-2019: CCTT Las Cigarreras
foro-2019-josemariumb,Domingo de Ramos,SAGRADA CENA,Paso de Misterio,2016,CCTT Las Cigarreras,1980-2019: CCTT Las Cigarreras
foro-2019-josemariumb,Domingo de Ramos,SAGRADA CENA,Paso de Misterio,2017,CCTT Las Cigarreras,1980-2019: CCTT Las Cigarreras
foro-2019-josemariumb,Domingo de Ramos,SAGRADA CENA,Paso de Misterio,2018,CCTT Las Cigarreras,1980-2019: CCTT Las Cigarreras
foro-2019-josemariumb,Domingo de Ramos,SAGRADA CENA,Paso de Misterio,2019,CCTT Las Cigarreras,1980-2019: CCTT Las Cigarreras
foro-2019-josemariumb,Domingo de Ramos,SAGRADA CENA,Paso de Palio,1980,BM Maestro Tejera,1980-2019: BM Maestro Tejera
foro-2019-josemariumb,Domingo de Ramos,SAGRADA CENA,Paso de Palio,1981,BM Maestro Tejera,1980-2019: BM Maestro Tejera
foro-2019-josemariumb,Domingo de Ramos,SAGRADA CENA,Paso de Palio,1982,BM Maestro Tejera,1980-2019: BM Maestro Tejera
foro-2019-josemariumb,Domingo de Ramos,SAGRADA CENA,Paso de Palio,1983,BM Maestro Tejera,1980-2019: BM Maestro Tejera
foro-2019-josemariumb,Domingo de Ramos,SAGRADA CENA,Paso de Palio,1984,BM Maestro Tejera,1980-2019: BM Maestro Tejera
foro-2019-josemariumb,Domingo de Ramos,SAGRADA CENA,Paso de Palio,1985,BM Maestro Tejera,1980-2019: BM Maestro Tejera
foro-2019-josemariumb,Domingo de Ramos,SAGRADA CENA,Paso de Palio,1986,BM Maestro Tejera,1980-2019: BM Maestro Tejera
foro-2019-josemariumb,Domingo de Ramos,SAGRADA CENA,Paso de Palio,1987,BM Maestro Tejera,1980-2019: BM Maestro Tejera
foro-2019-josemariumb,Domingo de Ramos,SAGRADA CENA,Paso de Palio,1988,BM Maestro Tejera,1980-2019: BM Maestro Tejera
foro-2019-josemariumb,Domingo de Ramos,SAGRADA CENA,Paso de Palio,1989,BM Maestro Tejera,1980-2019: BM Maestro Tejera
foro-2019-josemariumb,Domingo de Ramos,SAGRADA CENA,Paso de Palio,1990,BM Maestro Tejera,1980-2019: BM Maestro Tejera
foro-2019-josemariumb,Domingo de Ramos,SAGRADA CENA,Paso de Palio,1991,BM Maestro Tejera,1980-2019: BM Maestro Tejera
foro-2019-josemariumb,Domingo de Ramos,SAGRADA CENA,Paso de Palio,1992,BM Maestro Tejera,1980-2019: BM Maestro Tejera
foro-2019-josemariumb,Domingo de Ramos,SAGRADA CENA,Paso de Palio,1993,BM Maestro Tejera,1980-2019: BM Maestro Tejera
foro-2019-josemariumb,Domingo de Ramos,SAGRADA CENA,Paso de Palio,1994,BM Maestro Tejera,1980-2019: BM Maestro Tejera
foro-2019-josemariumb,Domingo de Ramos,SAGRADA CENA,Paso de Palio,1995,BM Maestro Tejera,1980-2019: BM Maestro Tejera
foro-2019-josemariumb,Domingo de Ramos,SAGRADA CENA,Paso de Palio,1996,BM Maestro Tejera,1980-2019: BM Maestro Tejera
foro-2019-josemariumb,Domingo de Ramos,SAGRADA CENA,Paso de Palio,1997,BM Maestro Tejera,1980-2019: BM Maestro Tejera
foro-2019-josemariumb,Domingo de Ramos,SAGRADA CENA,Paso de Palio,1998,BM Maestro Tejera,1980-2019: BM Maestro Tejera
foro-2019-josemariumb,Domingo de Ramos,SAGRADA CENA,Paso de Palio,1999,BM Maestro Tejera,1980-2019: BM Maestro Tejera
foro-2019-josemariumb,Domingo de Ramos,SAGRADA CENA,Paso de Palio,2000,BM Maestro Tejera,1980-2019: BM Maestro Tejera
foro-2019-josemariumb,Domingo de Ramos,SAGRADA CENA,Paso de Palio,2001,BM Maestro Tejera,1980-2019: BM Maestro Tejera
foro-2019-josemariumb,Domingo de Ramos,SAGRADA CENA,Paso de Palio,2002,BM Maestro Tejera,1980-2019: BM Maestro Tejera
foro-2019-josemariumb,Domingo de Ramos,SAGRADA CENA,Paso de Palio,2003,BM Maestro Tejera,1980-2019: BM Maestro Tejera
foro-2019-josemariumb,Domingo de Ramos,SAGRADA CENA,Paso de Palio,2004,BM Maestro Tejera,1980-2019: BM Maestro Tejera
foro-2019-josemariumb,Domingo de Ramos,SAGRADA CENA,Paso de Palio,2005,BM Maestro Tejera,1980-2019: BM Maestro Tejera
foro-2019-josemariumb,Domingo de Ramos,SAGRADA CENA,Paso de Palio,2006,BM Maestro Tejera,1980-2019: BM Maestro Tejera
foro-2019-josemariumb,Domingo de Ramos,SAGRADA CENA,Paso de Palio,2007,BM Maestro Tejera,1980-2019: BM Maestro Tejera
foro-2019-josemariumb,Domingo de Ramos,SAGRADA CENA,Paso de Palio,2008,BM Maestro Tejera,1980-2019: BM Maestro Tejera
foro-2019-josemariumb,Domingo de Ramos,SAGRADA CENA,Paso de Palio,2009,BM Maestro Tejera,1980-2019: BM Maestro Tejera
foro-2019-josemariumb,Domingo de Ramos,SAGRADA CENA,Paso de Palio,2010,BM Maestro Tejera,1980-2019: BM Maestro Tejera
foro-2019-josemariumb,Domingo de Ramos,SAGRADA CENA,Paso de Palio,2011,BM Maestro Tejera,1980-2019: BM Maestro Tejera
foro-2019-josemariumb,Domingo de Ramos,SAGRADA CENA,Paso de Palio,2012,BM Maestro Tejera,1980-2019: BM Maestro Tejera
foro-2019-josemariumb,Domingo de Ramos,SAGRADA CENA,Paso de Palio,2013,BM Maestro Tejera,1980-2019: BM Maestro Tejera
foro-2019-josemariumb,Domingo de Ramos,SAGRADA CENA,Paso de Palio,2014,BM Maestro Tejera,1980-2019: BM Maestro Tejera
foro-2019-josemariumb,Domingo de Ramos,SAGRADA CENA,Paso de Palio,2015,BM Maestro Tejera,1980-2019: BM Maestro Tejera
foro-2019-josemariumb,Domingo de Ramos,SAGRADA CENA,Paso de Palio,2016,BM Maestro Tejera,1980-2019: BM Maestro Tejera
foro-2019-josemariumb,Domingo de Ramos,SAGRADA CENA,Paso de Palio,2017,BM Maestro Tejera,1980-2019: BM Maestro Tejera
foro-2019-josemariumb,Domingo de Ramos,SAGRADA CENA,Paso de Palio,2018,BM Maestro Tejera,1980-2019: BM Maestro Tejera
foro-2019-josemariumb,Domingo de Ramos,SAGRADA CENA,Paso de Palio,2019,BM Maestro Tejera,1980-2019: BM Maestro Tejera
foro-2019-josemariumb,Domingo de Ramos,HINIESTA,Paso de Cristo,1980,AM Santa Maria Magdalena de Arahal,1977-2019: AM Santa Maria Magdalena de Arahal
foro-2019-josemariumb,Domingo de Ramos,HINIESTA,Paso de Cristo,1981,AM Santa Maria Magdalena de Arahal,1977-2019: AM Santa Maria Magdalena de Arahal
foro-2019-josemariumb,Domingo de Ramos,HINIESTA,Paso de Cristo,1982,AM Santa Maria Magdalena de Arahal,1977-2019: AM Santa Maria Magdalena de Arahal
foro-2019-josemariumb,Domingo de Ramos,HINIESTA,Paso de Cristo,1983,AM Santa Maria Magdalena de Arahal,1977-2019: AM Santa Maria Magdalena de Arahal
foro-2019-josemariumb,Domingo de Ramos,HINIESTA,Paso de Cristo,1984,AM Santa Maria Magdalena de Arahal,1977-2019: AM Santa Maria Magdalena de Arahal
foro-2019-josemariumb,Domingo de Ramos,HINIESTA,Paso de Cristo,1985,AM Santa Maria Magdalena de Arahal,1977-2019: AM Santa Maria Magdalena de Arahal
foro-2019-josemariumb,Domingo de Ramos,HINIESTA,Paso de Cristo,1986,AM Santa Maria Magdalena de Arahal,1977-2019: AM Santa Maria Magdalena de Arahal
foro-2019-josemariumb,Domingo de Ramos,HINIESTA,Paso de Cristo,1987,AM Santa Maria Magdalena de Arahal,1977-2019: AM Santa Maria Magdalena de Arahal
foro-2019-josemariumb,Domingo de Ramos,HINIESTA,Paso de Cristo,1988,AM Santa Maria Magdalena de Arahal,1977-2019: AM Santa Maria Magdalena de Arahal
foro-2019-josemariumb,Domingo de Ramos,HINIESTA,Paso de Cristo,1989,AM Santa Maria Magdalena de Arahal,1977-2019: AM Santa Maria Magdalena de Arahal
foro-2019-josemariumb,Domingo de Ramos,HINIESTA,Paso de Cristo,1990,AM Santa Maria Magdalena de Arahal,1977-2019: AM Santa Maria Magdalena de Arahal
foro-2019-josemariumb,Domingo de Ramos,HINIESTA,Paso de Cristo,1991,AM Santa Maria Magdalena de Arahal,1977-2019: AM Santa Maria Magdalena de Arahal
foro-2019-josemariumb,Domingo de Ramos,HINIESTA,Paso de Cristo,1992,AM Santa Maria Magdalena de Arahal,1977-2019: AM Santa Maria Magdalena de Arahal
foro-2019-josemariumb,Domingo de Ramos,HINIESTA,Paso de Cristo,1993,AM Santa Maria Magdalena de Arahal,1977-2019: AM Santa Maria Magdalena de Arahal
foro-2019-josemariumb,Domingo de Ramos,HINIESTA,Paso de Cristo,1994,AM Santa Maria Magdalena de Arahal,1977-2019: AM Santa Maria Magdalena de Arahal
foro-2019-josemariumb,Domingo de Ramos,HINIESTA,Paso de Cristo,1995,AM Santa Maria Magdalena de Arahal,1977-2019: AM Santa Maria Magdalena de Arahal
foro-2019-josemariumb,Domingo de Ramos,HINIESTA,Paso de Cristo,1996,AM Santa Maria Magdalena de Arahal,1977-2019: AM Santa Maria Magdalena de Arahal
foro-2019-josemariumb,Domingo de Ramos,HINIESTA,Paso de Cristo,1997,AM Santa Maria Magdalena de Arahal,1977-2019: AM Santa Maria Magdalena de Arahal
foro-2019-josemariumb,Domingo de Ramos,HINIESTA,Paso de Cristo,1998,AM Santa Maria Magdalena de Arahal,1977-2019: AM Santa Maria Magdalena de Arahal
foro-2019-josemariumb,Domingo de Ramos,HINIESTA,Paso de Cristo,1999,AM Santa Maria Magdalena de Arahal,1977-2019: AM Santa Maria Magdalena de Arahal
foro-2019-josemariumb,Domingo de Ramos,HINIESTA,Paso de Cristo,2000,AM Santa Maria Magdalena de Arahal,1977-2019: AM Santa Maria Magdalena de Arahal
foro-2019-josemariumb,Domingo de Ramos,HINIESTA,Paso de Cristo,2001,AM Santa Maria Magdalena de Arahal,1977-2019: AM Santa Maria Magdalena de Arahal
foro-2019-josemariumb,Domingo de Ramos,HINIESTA,Paso de Cristo,2002,AM Santa Maria Magdalena de Arahal,1977-2019: AM Santa Maria Magdalena de Arahal
foro-2019-josemariumb,Domingo de Ramos,HINIESTA,Paso de Cristo,2003,AM Santa Maria Magdalena de Arahal,1977-2019: AM Santa Maria Magdalena de Arahal
foro-2019-josemariumb,Domingo de Ramos,HINIESTA,Paso de Cristo,2004,AM Santa Maria Magdalena de Arahal,1977-2019: AM Santa Maria Magdalena de Arahal
foro-2019-josemariumb,Domingo de Ramos,HINIESTA,Paso de Cristo,2005,AM Santa Maria Magdalena de Arahal,1977-2019: AM Santa Maria Magdalena de Arahal
foro-2019-josemariumb,Domingo de Ramos,HINIESTA,Paso de Cristo,2006,AM Santa Maria Magdalena de Arahal,1977-2019: AM Santa Maria Magdalena de Arahal
foro-2019-josemariumb,Domingo de Ramos,HINIESTA,Paso de Cristo,2007,AM Santa Maria Magdalena de Arahal,1977-2019: AM Santa Maria Magdalena de Arahal
foro-2019-josemariumb,Domingo de Ramos,HINIESTA,Paso de Cristo,2008,AM Santa Maria Magdalena de Arahal,1977-2019: AM Santa Maria Magdalena de Arahal
foro-2019-josemariumb,Domingo de Ramos,HINIESTA,Paso de Cristo,2009,AM Santa Maria Magdalena de Arahal,1977-2019: AM Santa Maria Magdalena de Arahal
foro-2019-josemariumb,Domingo de Ramos,HINIESTA,Paso de Cristo,2010,AM Santa Maria Magdalena de Arahal,1977-2019: AM Santa Maria Magdalena de Arahal
foro-2019-josemariumb,Domingo de Ramos,HINIESTA,Paso de Cristo,2011,AM Santa Maria Magdalena de Arahal,1977-2019: AM Santa Maria Magdalena de Arahal
foro-2019-josemariumb,Domingo de Ramos,HINIESTA,Paso de Cristo,2012,AM Santa Maria Magdalena de Arahal,1977-2019: AM Santa Maria Magdalena de Arahal
foro-2019-josemariumb,Domingo de Ramos,HINIESTA,Paso de Cristo,2013,AM Santa Maria Magdalena de Arahal,1977-2019: AM Santa Maria Magdalena de Arahal
foro-2019-josemariumb,Domingo de Ramos,HINIESTA,Paso de Cristo,2014,AM Santa Maria Magdalena de Arahal,1977-2019: AM Santa Maria Magdalena de Arahal
foro-2019-josemariumb,Domingo de Ramos,HINIESTA,Paso de Cristo,2015,AM Santa Maria Magdalena de Arahal,1977-2019: AM Santa Maria Magdalena de Arahal
foro-2019-josemariumb,Domingo de Ramos,HINIESTA,Paso de Cristo,2016,AM Santa Maria Magdalena de Arahal,1977-2019: AM Santa Maria Magdalena de Arahal
foro-2019-josemariumb,Domingo de Ramos,HINIESTA,Paso de Cristo,2017,AM Santa Maria Magdalena de Arahal,1977-2019: AM Santa Maria Magdalena de Arahal
foro-2019-josemariumb,Domingo de Ramos,HINIESTA,Paso de Cristo,2018,AM Santa Maria Magdalena de Arahal,1977-2019: AM Santa Maria Magdalena de Arahal
foro-2019-josemariumb,Domingo de Ramos,HINIESTA,Paso de Cristo,2019,AM Santa Maria Magdalena de Arahal,1977-2019: AM Santa Maria Magdalena de Arahal
foro-2019-josemariumb,Domingo de Ramos,HINIESTA,Paso de Palio,1980,BM Nuestra Senora de la Hiniesta,1977-1983: BM Nuestra Senora de la Hiniesta
foro-2019-josemariumb,Domingo de Ramos,HINIESTA,Paso de Palio,1981,BM Nuestra Senora de la Hiniesta,1977-1983: BM Nuestra Senora de la Hiniesta
foro-2019-josemariumb,Domingo de Ramos,HINIESTA,Paso de Palio,1982,BM Nuestra Senora de la Hiniesta,1977-1983: BM Nuestra Senora de la Hiniesta
foro-2019-josemariumb,Domingo de Ramos,HINIESTA,Paso de Palio,1983,BM Nuestra Senora de la Hiniesta,1977-1983: BM Nuestra Senora de la Hiniesta
foro-2019-josemariumb,Domingo de Ramos,HINIESTA,Paso de Palio,1984,BM Cruz Roja,1984-2005: BM Cruz Roja
foro-2019-josemariumb,Domingo de Ramos,HINIESTA,Paso de Palio,1985,BM Cruz Roja,1984-2005: BM Cruz Roja
foro-2019-josemariumb,Domingo de Ramos,HINIESTA,Paso de Palio,1986,BM Cruz Roja,1984-2005: BM Cruz Roja
foro-2019-josemariumb,Domingo de Ramos,HINIESTA,Paso de Palio,1987,BM Cruz Roja,1984-2005: BM Cruz Roja
foro-2019-josemariumb,Domingo de Ramos,HINIESTA,Paso de Palio,1988,BM Cruz Roja,1984-2005: BM Cruz Roja
foro-2019-josemariumb,Domingo de Ramos,HINIESTA,Paso de Palio,1989,BM Cruz Roja,1984-2005: BM Cruz Roja
foro-2019-josemariumb,Domingo de Ramos,HINIESTA,Paso de Palio,1990,BM Cruz Roja,1984-2005: BM Cruz Roja
foro-2019-josemariumb,Domingo de Ramos,HINIESTA,Paso de Palio,1991,BM Cruz Roja,1984-2005: BM Cruz Roja
foro-2019-josemariumb,Domingo de Ramos,HINIESTA,Paso de Palio,1992,BM Cruz Roja,1984-2005: BM Cruz Roja
foro-2019-josemariumb,Domingo de Ramos,HINIESTA,Paso de Palio,1993,BM Cruz Roja,1984-2005: BM Cruz Roja
foro-2019-josemariumb,Domingo de Ramos,HINIESTA,Paso de Palio,1994,BM Cruz Roja,1984-2005: BM Cruz Roja
foro-2019-josemariumb,Domingo de Ramos,HINIESTA,Paso de Palio,1995,BM Cruz Roja,1984-2005: BM Cruz Roja
foro-2019-josemariumb,Domingo de Ramos,HINIESTA,Paso de Palio,1996,BM Cruz Roja,1984-2005: BM Cruz Roja
foro-2019-josemariumb,Domingo de Ramos,HINIESTA,Paso de Palio,1997,BM Cruz Roja,1984-2005: BM Cruz Roja
foro-2019-josemariumb,Domingo de Ramos,HINIESTA,Paso de Palio,1998,BM Cruz Roja,1984-2005: BM Cruz Roja
foro-2019-josemariumb,Domingo de Ramos,HINIESTA,Paso de Palio,1999,BM Cruz Roja,1984-2005: BM Cruz Roja
foro-2019-josemariumb,Domingo de Ramos,HINIESTA,Paso de Palio,2000,BM Cruz Roja,1984-2005: BM Cruz Roja
foro-2019-josemariumb,Domingo de Ramos,HINIESTA,Paso de Palio,2001,BM Cruz Roja,1984-2005: BM Cruz Roja
foro-2019-josemariumb,Domingo de Ramos,HINIESTA,Paso de Palio,2002,BM Cruz Roja,1984-2005: BM Cruz Roja
foro-2019-josemariumb,Domingo de Ramos,HINIESTA,Paso de Palio,2003,BM Cruz Roja,1984-2005: BM Cruz Roja
foro-2019-josemariumb,Domingo de Ramos,HINIESTA,Paso de Palio,2004,BM Cruz Roja,1984-2005: BM Cruz Roja
foro-2019-josemariumb,Domingo de Ramos,HINIESTA,Paso de Palio,2005,BM Cruz Roja,1984-2005: BM Cruz Roja
foro-2019-josemariumb,Domingo de Ramos,HINIESTA,Paso de Palio,2006,Sociedad Filarmonica Nuestra Senora del Carmen de Salteras,2006-2018: Sociedad Filarmonica Nuestra Senora del Carmen de Salteras
foro-2019-josemariumb,Domingo de Ramos,HINIESTA,Paso de Palio,2007,Sociedad Filarmonica Nuestra Senora del Carmen de Salteras,2006-2018: Sociedad Filarmonica Nuestra Senora del Carmen de Salteras
foro-2019-josemariumb,Domingo de Ramos,HINIESTA,Paso de Palio,2008,Sociedad Filarmonica Nuestra Senora del Carmen de Salteras,2006-2018: Sociedad Filarmonica Nuestra Senora del Carmen de Salteras
foro-2019-josemariumb,Domingo de Ramos,HINIESTA,Paso de Palio,2009,Sociedad Filarmonica Nuestra Senora del Carmen de Salteras,2006-2018: Sociedad Filarmonica Nuestra Senora del Carmen de Salteras
foro-2019-josemariumb,Domingo de Ramos,HINIESTA,Paso de Palio,2010,Sociedad Filarmonica Nuestra Senora del Carmen de Salteras,2006-2018: Sociedad Filarmonica Nuestra Senora del Carmen de Salteras
foro-2019-josemariumb,Domingo de Ramos,HINIESTA,Paso de Palio,2011,Sociedad Filarmonica Nuestra Senora del Carmen de Salteras,2006-2018: Sociedad Filarmonica Nuestra Senora del Carmen de Salteras
foro-2019-josemariumb,Domingo de Ramos,HINIESTA,Paso de Palio,2012,Sociedad Filarmonica Nuestra Senora del Carmen de Salteras,2006-2018: Sociedad Filarmonica Nuestra Senora del Carmen de Salteras
foro-2019-josemariumb,Domingo de Ramos,HINIESTA,Paso de Palio,2013,Sociedad Filarmonica Nuestra Senora del Carmen de Salteras,2006-2018: Sociedad Filarmonica Nuestra Senora del Carmen de Salteras
foro-2019-josemariumb,Domingo de Ramos,HINIESTA,Paso de Palio,2014,Sociedad Filarmonica Nuestra Senora del Carmen de Salteras,2006-2018: Sociedad Filarmonica Nuestra Senora del Carmen de Salteras
foro-2019-josemariumb,Domingo de Ramos,HINIESTA,Paso de Palio,2015,Sociedad Filarmonica Nuestra Senora del Carmen de Salteras,2006-2018: Sociedad Filarmonica Nuestra Senora del Carmen de Salteras
foro-2019-josemariumb,Domingo de Ramos,HINIESTA,Paso de Palio,2016,Sociedad Filarmonica Nuestra Senora del Carmen de Salteras,2006-2018: Sociedad Filarmonica Nuestra Senora del Carmen de Salteras
foro-2019-josemariumb,Domingo de Ramos,HINIESTA,Paso de Palio,2017,Sociedad Filarmonica Nuestra Senora del Carmen de Salteras,2006-2018: Sociedad Filarmonica Nuestra Senora del Carmen de Salteras
foro-2019-josemariumb,Domingo de Ramos,HINIESTA,Paso de Palio,2018,Sociedad Filarmonica Nuestra Senora del Carmen de Salteras,2006-2018: Sociedad Filarmonica Nuestra Senora del Carmen de Salteras
foro-2019-josemariumb,Domingo de Ramos,HINIESTA,Paso de Palio,2019,BM Municipal de Mairena del Alcor,2019: BM Municipal de Mairena del Alcor
foro-2019-josemariumb,Domingo de Ramos,SAN ROQUE,Paso de Cristo,1980,CCTT Centuria Macarena,1974-2015: CCTT Centuria Macarena
foro-2019-josemariumb,Domingo de Ramos,SAN ROQUE,Paso de Cristo,1981,CCTT Centuria Macarena,1974-2015: CCTT Centuria Macarena
foro-2019-josemariumb,Domingo de Ramos,SAN ROQUE,Paso de Cristo,1982,CCTT Centuria Macarena,1974-2015: CCTT Centuria Macarena
foro-2019-josemariumb,Domingo de Ramos,SAN ROQUE,Paso de Cristo,1983,CCTT Centuria Macarena,1974-2015: CCTT Centuria Macarena
foro-2019-josemariumb,Domingo de Ramos,SAN ROQUE,Paso de Cristo,1984,CCTT Centuria Macarena,1974-2015: CCTT Centuria Macarena
foro-2019-josemariumb,Domingo de Ramos,SAN ROQUE,Paso de Cristo,1985,CCTT Centuria Macarena,1974-2015: CCTT Centuria Macarena
foro-2019-josemariumb,Domingo de Ramos,SAN ROQUE,Paso de Cristo,1986,CCTT Centuria Macarena,1974-2015: CCTT Centuria Macarena
foro-2019-josemariumb,Domingo de Ramos,SAN ROQUE,Paso de Cristo,1987,CCTT Centuria Macarena,1974-2015: CCTT Centuria Macarena
foro-2019-josemariumb,Domingo de Ramos,SAN ROQUE,Paso de Cristo,1988,CCTT Centuria Macarena,1974-2015: CCTT Centuria Macarena
foro-2019-josemariumb,Domingo de Ramos,SAN ROQUE,Paso de Cristo,1989,CCTT Centuria Macarena,1974-2015: CCTT Centuria Macarena
foro-2019-josemariumb,Domingo de Ramos,SAN ROQUE,Paso de Cristo,1990,CCTT Centuria Macarena,1974-2015: CCTT Centuria Macarena
foro-2019-josemariumb,Domingo de Ramos,SAN ROQUE,Paso de Cristo,1991,CCTT Centuria Macarena,1974-2015: CCTT Centuria Macarena
foro-2019-josemariumb,Domingo de Ramos,SAN ROQUE,Paso de Cristo,1992,CCTT Centuria Macarena,1974-2015: CCTT Centuria Macarena
foro-2019-josemariumb,Domingo de Ramos,SAN ROQUE,Paso de Cristo,1993,CCTT Centuria Macarena,1974-2015: CCTT Centuria Macarena
foro-2019-josemariumb,Domingo de Ramos,SAN ROQUE,Paso de Cristo,1994,CCTT Centuria Macarena,1974-2015: CCTT Centuria Macarena
foro-2019-josemariumb,Domingo de Ramos,SAN ROQUE,Paso de Cristo,1995,CCTT Centuria Macarena,1974-2015: CCTT Centuria Macarena
foro-2019-josemariumb,Domingo de Ramos,SAN ROQUE,Paso de Cristo,1996,CCTT Centuria Macarena,1974-2015: CCTT Centuria Macarena
foro-2019-josemariumb,Domingo de Ramos,SAN ROQUE,Paso de Cristo,1997,CCTT Centuria Macarena,1974-2015: CCTT Centuria Macarena
foro-2019-josemariumb,Domingo de Ramos,SAN ROQUE,Paso de Cristo,1998,CCTT Centuria Macarena,1974-2015: CCTT Centuria Macarena
foro-2019-josemariumb,Domingo de Ramos,SAN ROQUE,Paso de Cristo,1999,CCTT Centuria Macarena,1974-2015: CCTT Centuria Macarena
foro-2019-josemariumb,Domingo de Ramos,SAN ROQUE,Paso de Cristo,2000,CCTT Centuria Macarena,1974-2015: CCTT Centuria Macarena
foro-2019-josemariumb,Domingo de Ramos,SAN ROQUE,Paso de Cristo,2001,CCTT Centuria Macarena,1974-2015: CCTT Centuria Macarena
foro-2019-josemariumb,Domingo de Ramos,SAN ROQUE,Paso de Cristo,2002,CCTT Centuria Macarena,1974-2015: CCTT Centuria Macarena
foro-2019-josemariumb,Domingo de Ramos,SAN ROQUE,Paso de Cristo,2003,CCTT Centuria Macarena,1974-2015: CCTT Centuria Macarena
foro-2019-josemariumb,Domingo de Ramos,SAN ROQUE,Paso de Cristo,2004,CCTT Centuria Macarena,1974-2015: CCTT Centuria Macarena
foro-2019-josemariumb,Domingo de Ramos,SAN ROQUE,Paso de Cristo,2005,CCTT Centuria Macarena,1974-2015: CCTT Centuria Macarena
foro-2019-josemariumb,Domingo de Ramos,SAN ROQUE,Paso de Cristo,2006,CCTT Centuria Macarena,1974-2015: CCTT Centuria Macarena
foro-2019-josemariumb,Domingo de Ramos,SAN ROQUE,Paso de Cristo,2007,CCTT Centuria Macarena,1974-2015: CCTT Centuria Macarena
foro-2019-josemariumb,Domingo de Ramos,SAN ROQUE,Paso de Cristo,2008,CCTT Centuria Macarena,1974-2015: CCTT Centuria Macarena
foro-2019-josemariumb,Domingo de Ramos,SAN ROQUE,Paso de Cristo,2009,CCTT Centuria Macarena,1974-2015: CCTT Centuria Macarena
foro-2019-josemariumb,Domingo de Ramos,SAN ROQUE,Paso de Cristo,2010,CCTT Centuria Macarena,1974-2015: CCTT Centuria Macarena
foro-2019-josemariumb,Domingo de Ramos,SAN ROQUE,Paso de Cristo,2011,CCTT Centuria Macarena,1974-2015: CCTT Centuria Macarena
foro-2019-josemariumb,Domingo de Ramos,SAN ROQUE,Paso de Cristo,2012,CCTT Centuria Macarena,1974-2015: CCTT Centuria Macarena
foro-2019-josemariumb,Domingo de Ramos,SAN ROQUE,Paso de Cristo,2013,CCTT Centuria Macarena,1974-2015: CCTT Centuria Macarena
foro-2019-josemariumb,Domingo de Ramos,SAN ROQUE,Paso de Cristo,2014,CCTT Centuria Macarena,1974-2015: CCTT Centuria Macarena
foro-2019-josemariumb,Domingo de Ramos,SAN ROQUE,Paso de Cristo,2015,CCTT Centuria Macarena,1974-2015: CCTT Centuria Macarena
foro-2019-josemariumb,Domingo de Ramos,SAN ROQUE,Paso de Cristo,2016,CCTT Esencia,2016-2019: CCTT Esencia
foro-2019-josemariumb,Domingo de Ramos,SAN ROQUE,Paso de Cristo,2017,CCTT Esencia,2016-2019: CCTT Esencia
foro-2019-josemariumb,Domingo de Ramos,SAN ROQUE,Paso de Cristo,2018,CCTT Esencia,2016-2019: CCTT Esencia
foro-2019-josemariumb,Domingo de Ramos,SAN ROQUE,Paso de Cristo,2019,CCTT Esencia,2016-2019: CCTT Esencia
foro-2019-josemariumb,Domingo de Ramos,SAN ROQUE,Paso de Palio,1980,BM Agrupacion de Guillena,1980-1983: BM Agrupacion de Guillena
foro-2019-josemariumb,Domingo de Ramos,SAN ROQUE,Paso de Palio,1981,BM Agrupacion de Guillena,1980-1983: BM Agrupacion de Guillena
foro-2019-josemariumb,Domingo de Ramos,SAN ROQUE,Paso de Palio,1982,BM Agrupacion de Guillena,1980-1983: BM Agrupacion de Guillena
foro-2019-josemariumb,Domingo de Ramos,SAN ROQUE,Paso de Palio,1983,BM Agrupacion de Guillena,1980-1983: BM Agrupacion de Guillena
foro-2019-josemariumb,Domingo de Ramos,SAN ROQUE,Paso de Palio,1988,BM Esperanza de Triana,1988: BM Esperanza de Triana
foro-2019-josemariumb,Domingo de Ramos,SAN ROQUE,Paso de Palio,1989,BM Carrion de los Cespedes,1989: BM Carrion de los Cespedes
foro-2019-josemariumb,Domingo de Ramos,SAN ROQUE,Paso de Palio,1990,BM Agrupacion de Guillena,1990-1992: BM Agrupacion de Guillena
foro-2019-josemariumb,Domingo de Ramos,SAN ROQUE,Paso de Palio,1991,BM Agrupacion de Guillena,1990-1992: BM Agrupacion de Guillena
foro-2019-josemariumb,Domingo de Ramos,SAN ROQUE,Paso de Palio,1992,BM Agrupacion de Guillena,1990-1992: BM Agrupacion de Guillena
foro-2019-josemariumb,Domingo de Ramos,SAN ROQUE,Paso de Palio,1993,BM Nuestra Senora de las Nieves,1993-2015: BM Nuestra Senora de las Nieves
foro-2019-josemariumb,Domingo de Ramos,SAN ROQUE,Paso de Palio,1994,BM Nuestra Senora de las Nieves,1993-2015: BM Nuestra Senora de las Nieves
foro-2019-josemariumb,Domingo de Ramos,SAN ROQUE,Paso de Palio,1995,BM Nuestra Senora de las Nieves,1993-2015: BM Nuestra Senora de las Nieves
foro-2019-josemariumb,Domingo de Ramos,SAN ROQUE,Paso de Palio,1996,BM Nuestra Senora de las Nieves,1993-2015: BM Nuestra Senora de las Nieves
foro-2019-josemariumb,Domingo de Ramos,SAN ROQUE,Paso de Palio,1997,BM Nuestra Senora de las Nieves,1993-2015: BM Nuestra Senora de las Nieves
foro-2019-josemariumb,Domingo de Ramos,SAN ROQUE,Paso de Palio,1998,BM Nuestra Senora de las Nieves,1993-2015: BM Nuestra Senora de las Nieves
foro-2019-josemariumb,Domingo de Ramos,SAN ROQUE,Paso de Palio,1999,BM Nuestra Senora de las Nieves,1993-2015: BM Nuestra Senora de las Nieves
foro-2019-josemariumb,Domingo de Ramos,SAN ROQUE,Paso de Palio,2000,BM Nuestra Senora de las Nieves,1993-2015: BM Nuestra Senora de las Nieves
foro-2019-josemariumb,Domingo de Ramos,SAN ROQUE,Paso de Palio,2001,BM Nuestra Senora de las Nieves,1993-2015: BM Nuestra Senora de las Nieves
foro-2019-josemariumb,Domingo de Ramos,SAN ROQUE,Paso de Palio,2002,BM Nuestra Senora de las Nieves,1993-2015: BM Nuestra Senora de las Nieves
foro-2019-josemariumb,Domingo de Ramos,SAN ROQUE,Paso de Palio,2003,BM Nuestra Senora de las Nieves,1993-2015: BM Nuestra Senora de las Nieves
foro-2019-josemariumb,Domingo de Ramos,SAN ROQUE,Paso de Palio,2004,BM Nuestra Senora de las Nieves,1993-2015: BM Nuestra Senora de las Nieves
foro-2019-josemariumb,Domingo de Ramos,SAN ROQUE,Paso de Palio,2005,BM Nuestra Senora de las Nieves,1993-2015: BM Nuestra Senora de las Nieves
foro-2019-josemariumb,Domingo de Ramos,SAN ROQUE,Paso de Palio,2006,BM Nuestra Senora de las Nieves,1993-2015: BM Nuestra Senora de las Nieves
foro-2019-josemariumb,Domingo de Ramos,SAN ROQUE,Paso de Palio,2007,BM Nuestra Senora de las Nieves,1993-2015: BM Nuestra Senora de las Nieves
foro-2019-josemariumb,Domingo de Ramos,SAN ROQUE,Paso de Palio,2008,BM Nuestra Senora de las Nieves,1993-2015: BM Nuestra Senora de las Nieves
foro-2019-josemariumb,Domingo de Ramos,SAN ROQUE,Paso de Palio,2009,BM Nuestra Senora de las Nieves,1993-2015: BM Nuestra Senora de las Nieves
foro-2019-josemariumb,Domingo de Ramos,SAN ROQUE,Paso de Palio,2010,BM Nuestra Senora de las Nieves,1993-2015: BM Nuestra Senora de las Nieves
foro-2019-josemariumb,Domingo de Ramos,SAN ROQUE,Paso de Palio,2011,BM Nuestra Senora de las Nieves,1993-2015: BM Nuestra Senora de las Nieves
foro-2019-josemariumb,Domingo de Ramos,SAN ROQUE,Paso de Palio,2012,BM Nuestra Senora de las Nieves,1993-2015: BM Nuestra Senora de las Nieves
foro-2019-josemariumb,Domingo de Ramos,SAN ROQUE,Paso de Palio,2013,BM Nuestra Senora de las Nieves,1993-2015: BM Nuestra Senora de las Nieves
foro-2019-josemariumb,Domingo de Ramos,SAN ROQUE,Paso de Palio,2014,BM Nuestra Senora de las Nieves,1993-2015: BM Nuestra Senora de las Nieves
foro-2019-josemariumb,Domingo de Ramos,SAN ROQUE,Paso de Palio,2015,BM Nuestra Senora de las Nieves,1993-2015: BM Nuestra Senora de las Nieves
foro-2019-josemariumb,Domingo de Ramos,SAN ROQUE,Paso de Palio,2016,BM Cruz Roja,2016-2019: BM Cruz Roja
foro-2019-josemariumb,Domingo de Ramos,SAN ROQUE,Paso de Palio,2017,BM Cruz Roja,2016-2019: BM Cruz Roja
foro-2019-josemariumb,Domingo de Ramos,SAN ROQUE,Paso de Palio,2018,BM Cruz Roja,2016-2019: BM Cruz Roja
foro-2019-josemariumb,Domingo de Ramos,SAN ROQUE,Paso de Palio,2019,BM Cruz Roja,2016-2019: BM Cruz Roja
foro-2019-josemariumb,Domingo de Ramos,LA ESTRELLA,Paso de Misterio,1980,AM Santo Domingo El Sabio,1974-1984: AM Santo Domingo El Sabio
foro-2019-josemariumb,Domingo de Ramos,LA ESTRELLA,Paso de Misterio,1981,AM Santo Domingo El Sabio,1974-1984: AM Santo Domingo El Sabio
foro-2019-josemariumb,Domingo de Ramos,LA ESTRELLA,Paso de Misterio,1982,AM Santo Domingo El Sabio,1974-1984: AM Santo Domingo El Sabio
foro-2019-josemariumb,Domingo de Ramos,LA ESTRELLA,Paso de Misterio,1983,AM Santo Domingo El Sabio,1974-1984: AM Santo Domingo El Sabio
foro-2019-josemariumb,Domingo de Ramos,LA ESTRELLA,Paso de Misterio,1984,AM Santo Domingo El Sabio,1974-1984: AM Santo Domingo El Sabio
foro-2019-josemariumb,Domingo de Ramos,LA ESTRELLA,Paso de Misterio,1985,CCTT San Juan de Aznalfarache,1985: CCTT San Juan de Aznalfarache
foro-2019-josemariumb,Domingo de Ramos,LA ESTRELLA,Paso de Misterio,1986,CCTT Ntro. Padre Jesus de los Remedios (Castilleja),1986-1990: CCTT Ntro. Padre Jesus de los Remedios (Castilleja)
foro-2019-josemariumb,Domingo de Ramos,LA ESTRELLA,Paso de Misterio,1987,CCTT Ntro. Padre Jesus de los Remedios (Castilleja),1986-1990: CCTT Ntro. Padre Jesus de los Remedios (Castilleja)
foro-2019-josemariumb,Domingo de Ramos,LA ESTRELLA,Paso de Misterio,1988,CCTT Ntro. Padre Jesus de los Remedios (Castilleja),1986-1990: CCTT Ntro. Padre Jesus de los Remedios (Castilleja)
foro-2019-josemariumb,Domingo de Ramos,LA ESTRELLA,Paso de Misterio,1989,CCTT Ntro. Padre Jesus de los Remedios (Castilleja),1986-1990: CCTT Ntro. Padre Jesus de los Remedios (Castilleja)
foro-2019-josemariumb,Domingo de Ramos,LA ESTRELLA,Paso de Misterio,1990,CCTT Ntro. Padre Jesus de los Remedios (Castilleja),1986-1990: CCTT Ntro. Padre Jesus de los Remedios (Castilleja)
foro-2019-josemariumb,Domingo de Ramos,LA ESTRELLA,Paso de Misterio,1991,CCTT Presentacion al Pueblo (Dos Hermanas),1991-2019: CCTT Presentacion al Pueblo (Dos Hermanas)
foro-2019-josemariumb,Domingo de Ramos,LA ESTRELLA,Paso de Misterio,1992,CCTT Presentacion al Pueblo (Dos Hermanas),1991-2019: CCTT Presentacion al Pueblo (Dos Hermanas)
foro-2019-josemariumb,Domingo de Ramos,LA ESTRELLA,Paso de Misterio,1993,CCTT Presentacion al Pueblo (Dos Hermanas),1991-2019: CCTT Presentacion al Pueblo (Dos Hermanas)
foro-2019-josemariumb,Domingo de Ramos,LA ESTRELLA,Paso de Misterio,1994,CCTT Presentacion al Pueblo (Dos Hermanas),1991-2019: CCTT Presentacion al Pueblo (Dos Hermanas)
foro-2019-josemariumb,Domingo de Ramos,LA ESTRELLA,Paso de Misterio,1995,CCTT Presentacion al Pueblo (Dos Hermanas),1991-2019: CCTT Presentacion al Pueblo (Dos Hermanas)
foro-2019-josemariumb,Domingo de Ramos,LA ESTRELLA,Paso de Misterio,1996,CCTT Presentacion al Pueblo (Dos Hermanas),1991-2019: CCTT Presentacion al Pueblo (Dos Hermanas)
foro-2019-josemariumb,Domingo de Ramos,LA ESTRELLA,Paso de Misterio,1997,CCTT Presentacion al Pueblo (Dos Hermanas),1991-2019: CCTT Presentacion al Pueblo (Dos Hermanas)
foro-2019-josemariumb,Domingo de Ramos,LA ESTRELLA,Paso de Misterio,1998,CCTT Presentacion al Pueblo (Dos Hermanas),1991-2019: CCTT Presentacion al Pueblo (Dos Hermanas)
foro-2019-josemariumb,Domingo de Ramos,LA ESTRELLA,Paso de Misterio,1999,CCTT Presentacion al Pueblo (Dos Hermanas),1991-2019: CCTT Presentacion al Pueblo (Dos Hermanas)
foro-2019-josemariumb,Domingo de Ramos,LA ESTRELLA,Paso de Misterio,2000,CCTT Presentacion al Pueblo (Dos Hermanas),1991-2019: CCTT Presentacion al Pueblo (Dos Hermanas)
foro-2019-josemariumb,Domingo de Ramos,LA ESTRELLA,Paso de Misterio,2001,CCTT Presentacion al Pueblo (Dos Hermanas),1991-2019: CCTT Presentacion al Pueblo (Dos Hermanas)
foro-2019-josemariumb,Domingo de Ramos,LA ESTRELLA,Paso de Misterio,2002,CCTT Presentacion al Pueblo (Dos Hermanas),1991-2019: CCTT Presentacion al Pueblo (Dos Hermanas)
foro-2019-josemariumb,Domingo de Ramos,LA ESTRELLA,Paso de Misterio,2003,CCTT Presentacion al Pueblo (Dos Hermanas),1991-2019: CCTT Presentacion al Pueblo (Dos Hermanas)
foro-2019-josemariumb,Domingo de Ramos,LA ESTRELLA,Paso de Misterio,2004,CCTT Presentacion al Pueblo (Dos Hermanas),1991-2019: CCTT Presentacion al Pueblo (Dos Hermanas)
foro-2019-josemariumb,Domingo de Ramos,LA ESTRELLA,Paso de Misterio,2005,CCTT Presentacion al Pueblo (Dos Hermanas),1991-2019: CCTT Presentacion al Pueblo (Dos Hermanas)
foro-2019-josemariumb,Domingo de Ramos,LA ESTRELLA,Paso de Misterio,2006,CCTT Presentacion al Pueblo (Dos Hermanas),1991-2019: CCTT Presentacion al Pueblo (Dos Hermanas)
foro-2019-josemariumb,Domingo de Ramos,LA ESTRELLA,Paso de Misterio,2007,CCTT Presentacion al Pueblo (Dos Hermanas),1991-2019: CCTT Presentacion al Pueblo (Dos Hermanas)
foro-2019-josemariumb,Domingo de Ramos,LA ESTRELLA,Paso de Misterio,2008,CCTT Presentacion al Pueblo (Dos Hermanas),1991-2019: CCTT Presentacion al Pueblo (Dos Hermanas)
foro-2019-josemariumb,Domingo de Ramos,LA ESTRELLA,Paso de Misterio,2009,CCTT Presentacion al Pueblo (Dos Hermanas),1991-2019: CCTT Presentacion al Pueblo (Dos Hermanas)
foro-2019-josemariumb,Domingo de Ramos,LA ESTRELLA,Paso de Misterio,2010,CCTT Presentacion al Pueblo (Dos Hermanas),1991-2019: CCTT Presentacion al Pueblo (Dos Hermanas)
foro-2019-josemariumb,Domingo de Ramos,LA ESTRELLA,Paso de Misterio,2011,CCTT Presentacion al Pueblo (Dos Hermanas),1991-2019: CCTT Presentacion al Pueblo (Dos Hermanas)
foro-2019-josemariumb,Domingo de Ramos,LA ESTRELLA,Paso de Misterio,2012,CCTT Presentacion al Pueblo (Dos Hermanas),1991-2019: CCTT Presentacion al Pueblo (Dos Hermanas)
foro-2019-josemariumb,Domingo de Ramos,LA ESTRELLA,Paso de Misterio,2013,CCTT Presentacion al Pueblo (Dos Hermanas),1991-2019: CCTT Presentacion al Pueblo (Dos Hermanas)
foro-2019-josemariumb,Domingo de Ramos,LA ESTRELLA,Paso de Misterio,2014,CCTT Presentacion al Pueblo (Dos Hermanas),1991-2019: CCTT Presentacion al Pueblo (Dos Hermanas)
foro-2019-josemariumb,Domingo de Ramos,LA ESTRELLA,Paso de Misterio,2015,CCTT Presentacion al Pueblo (Dos Hermanas),1991-2019: CCTT Presentacion al Pueblo (Dos Hermanas)
foro-2019-josemariumb,Domingo de Ramos,LA ESTRELLA,Paso de Misterio,2016,CCTT Presentacion al Pueblo (Dos Hermanas),1991-2019: CCTT Presentacion al Pueblo (Dos Hermanas)
foro-2019-josemariumb,Domingo de Ramos,LA ESTRELLA,Paso de Misterio,2017,CCTT Presentacion al Pueblo (Dos Hermanas),1991-2019: CCTT Presentacion al Pueblo (Dos Hermanas)
foro-2019-josemariumb,Domingo de Ramos,LA ESTRELLA,Paso de Misterio,2018,CCTT Presentacion al Pueblo (Dos Hermanas),1991-2019: CCTT Presentacion al Pueblo (Dos Hermanas)
foro-2019-josemariumb,Domingo de Ramos,LA ESTRELLA,Paso de Misterio,2019,CCTT Presentacion al Pueblo (Dos Hermanas),1991-2019: CCTT Presentacion al Pueblo (Dos Hermanas)
foro-2019-josemariumb,Domingo de Ramos,LA ESTRELLA,Paso de Palio,1980,BM Santa Maria del Alcor,1980: BM Santa Maria del Alcor
foro-2019-josemariumb,Domingo de Ramos,LA ESTRELLA,Paso de Palio,1981,Sociedad Filarmonica Nuestra Senora de la Oliva de Salteras,1981-2019: Sociedad Filarmonica Nuestra Senora de la Oliva de Salteras
foro-2019-josemariumb,Domingo de Ramos,LA ESTRELLA,Paso de Palio,1982,Sociedad Filarmonica Nuestra Senora de la Oliva de Salteras,1981-2019: Sociedad Filarmonica Nuestra Senora de la Oliva de Salteras
foro-2019-josemariumb,Domingo de Ramos,LA ESTRELLA,Paso de Palio,1983,Sociedad Filarmonica Nuestra Senora de la Oliva de Salteras,1981-2019: Sociedad Filarmonica Nuestra Senora de la Oliva de Salteras
foro-2019-josemariumb,Domingo de Ramos,LA ESTRELLA,Paso de Palio,1984,Sociedad Filarmonica Nuestra Senora de la Oliva de Salteras,1981-2019: Sociedad Filarmonica Nuestra Senora de la Oliva de Salteras
foro-2019-josemariumb,Domingo de Ramos,LA ESTRELLA,Paso de Palio,1985,Sociedad Filarmonica Nuestra Senora de la Oliva de Salteras,1981-2019: Sociedad Filarmonica Nuestra Senora de la Oliva de Salteras
foro-2019-josemariumb,Domingo de Ramos,LA ESTRELLA,Paso de Palio,1986,Sociedad Filarmonica Nuestra Senora de la Oliva de Salteras,1981-2019: Sociedad Filarmonica Nuestra Senora de la Oliva de Salteras
foro-2019-josemariumb,Domingo de Ramos,LA ESTRELLA,Paso de Palio,1987,Sociedad Filarmonica Nuestra Senora de la Oliva de Salteras,1981-2019: Sociedad Filarmonica Nuestra Senora de la Oliva de Salteras
foro-2019-josemariumb,Domingo de Ramos,LA ESTRELLA,Paso de Palio,1988,Sociedad Filarmonica Nuestra Senora de la Oliva de Salteras,1981-2019: Sociedad Filarmonica Nuestra Senora de la Oliva de Salteras
foro-2019-josemariumb,Domingo de Ramos,LA ESTRELLA,Paso de Palio,1989,Sociedad Filarmonica Nuestra Senora de la Oliva de Salteras,1981-2019: Sociedad Filarmonica Nuestra Senora de la Oliva de Salteras
foro-2019-josemariumb,Domingo de Ramos,LA ESTRELLA,Paso de Palio,1990,Sociedad Filarmonica Nuestra Senora de la Oliva de Salteras,1981-2019: Sociedad Filarmonica Nuestra Senora de la Oliva de Salteras
foro-2019-josemariumb,Domingo de Ramos,LA ESTRELLA,Paso de Palio,1991,Sociedad Filarmonica Nuestra Senora de la Oliva de Salteras,1981-2019: Sociedad Filarmonica Nuestra Senora de la Oliva de Salteras
foro-2019-josemariumb,Domingo de Ramos,LA ESTRELLA,Paso de Palio,1992,Sociedad Filarmonica Nuestra Senora de la Oliva de Salteras,1981-2019: Sociedad Filarmonica Nuestra Senora de la Oliva de Salteras
foro-2019-josemariumb,Domingo de Ramos,LA ESTRELLA,Paso de Palio,1993,Sociedad Filarmonica Nuestra Senora de la Oliva de Salteras,1981-2019: Sociedad Filarmonica Nuestra Senora de la Oliva de Salteras
foro-2019-josemariumb,Domingo de Ramos,LA ESTRELLA,Paso de Palio,1994,Sociedad Filarmonica Nuestra Senora de la Oliva de Salteras,1981-2019: Sociedad Filarmonica Nuestra Senora de la Oliva de Salteras
foro-2019-josemariumb,Domingo de Ramos,LA ESTRELLA,Paso de Palio,1995,Sociedad Filarmonica Nuestra Senora de la Oliva de Salteras,1981-2019: Sociedad Filarmonica Nuestra Senora de la Oliva de Salteras
foro-2019-josemariumb,Domingo de Ramos,LA ESTRELLA,Paso de Palio,1996,Sociedad Filarmonica Nuestra Senora de la Oliva de Salteras,1981-2019: Sociedad Filarmonica Nuestra Senora de la Oliva de Salteras
foro-2019-josemariumb,Domingo de Ramos,LA ESTRELLA,Paso de Palio,1997,Sociedad Filarmonica Nuestra Senora de la Oliva de Salteras,1981-2019: Sociedad Filarmonica Nuestra Senora de la Oliva de Salteras
foro-2019-josemariumb,Domingo de Ramos,LA ESTRELLA,Paso de Palio,1998,Sociedad Filarmonica Nuestra Senora de la Oliva de Salteras,1981-2019: Sociedad Filarmonica Nuestra Senora de la Oliva de Salteras
foro-2019-josemariumb,Domingo de Ramos,LA ESTRELLA,Paso de Palio,1999,Sociedad Filarmonica Nuestra Senora de la Oliva de Salteras,1981-2019: Sociedad Filarmonica Nuestra Senora de la Oliva de Salteras
foro-2019-josemariumb,Domingo de Ramos,LA ESTRELLA,Paso de Palio,2000,Sociedad Filarmonica Nuestra Senora de la Oliva de Salteras,1981-2019: Sociedad Filarmonica Nuestra Senora de la Oliva de Salteras
foro-2019-josemariumb,Domingo de Ramos,LA ESTRELLA,Paso de Palio,2001,Sociedad Filarmonica Nuestra Senora de la Oliva de Salteras,1981-2019: Sociedad Filarmonica Nuestra Senora de la Oliva de Salteras
foro-2019-josemariumb,Domingo de Ramos,LA ESTRELLA,Paso de Palio,2002,Sociedad Filarmonica Nuestra Senora de la Oliva de Salteras,1981-2019: Sociedad Filarmonica Nuestra Senora de la Oliva de Salteras
foro-2019-josemariumb,Domingo de Ramos,LA ESTRELLA,Paso de Palio,2003,Sociedad Filarmonica Nuestra Senora de la Oliva de Salteras,1981-2019: Sociedad Filarmonica Nuestra Senora de la Oliva de Salteras
foro-2019-josemariumb,Domingo de Ramos,LA ESTRELLA,Paso de Palio,2004,Sociedad Filarmonica Nuestra Senora de la Oliva de Salteras,1981-2019: Sociedad Filarmonica Nuestra Senora de la Oliva de Salteras
foro-2019-josemariumb,Domingo de Ramos,LA ESTRELLA,Paso de Palio,2005,Sociedad Filarmonica Nuestra Senora de la Oliva de Salteras,1981-2019: Sociedad Filarmonica Nuestra Senora de la Oliva de Salteras
foro-2019-josemariumb,Domingo de Ramos,LA ESTRELLA,Paso de Palio,2006,Sociedad Filarmonica Nuestra Senora de la Oliva de Salteras,1981-2019: Sociedad Filarmonica Nuestra Senora de la Oliva de Salteras
foro-2019-josemariumb,Domingo de Ramos,LA ESTRELLA,Paso de Palio,2007,Sociedad Filarmonica Nuestra Senora de la Oliva de Salteras,1981-2019: Sociedad Filarmonica Nuestra Senora de la Oliva de Salteras
foro-2019-josemariumb,Domingo de Ramos,LA ESTRELLA,Paso de Palio,2008,Sociedad Filarmonica Nuestra Senora de la Oliva de Salteras,1981-2019: Sociedad Filarmonica Nuestra Senora de la Oliva de Salteras
foro-2019-josemariumb,Domingo de Ramos,LA ESTRELLA,Paso de Palio,2009,Sociedad Filarmonica Nuestra Senora de la Oliva de Salteras,1981-2019: Sociedad Filarmonica Nuestra Senora de la Oliva de Salteras
foro-2019-josemariumb,Domingo de Ramos,LA ESTRELLA,Paso de Palio,2010,Sociedad Filarmonica Nuestra Senora de la Oliva de Salteras,1981-2019: Sociedad Filarmonica Nuestra Senora de la Oliva de Salteras
foro-2019-josemariumb,Domingo de Ramos,LA ESTRELLA,Paso de Palio,2011,Sociedad Filarmonica Nuestra Senora de la Oliva de Salteras,1981-2019: Sociedad Filarmonica Nuestra Senora de la Oliva de Salteras
foro-2019-josemariumb,Domingo de Ramos,LA ESTRELLA,Paso de Palio,2012,Sociedad Filarmonica Nuestra Senora de la Oliva de Salteras,1981-2019: Sociedad Filarmonica Nuestra Senora de la Oliva de Salteras
foro-2019-josemariumb,Domingo de Ramos,LA ESTRELLA,Paso de Palio,2013,Sociedad Filarmonica Nuestra Senora de la Oliva de Salteras,1981-2019: Sociedad Filarmonica Nuestra Senora de la Oliva de Salteras
foro-2019-josemariumb,Domingo de Ramos,LA ESTRELLA,Paso de Palio,2014,Sociedad Filarmonica Nuestra Senora de la Oliva de Salteras,1981-2019: Sociedad Filarmonica Nuestra Senora de la Oliva de Salteras
foro-2019-josemariumb,Domingo de Ramos,LA ESTRELLA,Paso de Palio,2015,Sociedad Filarmonica Nuestra Senora de la Oliva de Salteras,1981-2019: Sociedad Filarmonica Nuestra Senora de la Oliva de Salteras
foro-2019-josemariumb,Domingo de Ramos,LA ESTRELLA,Paso de Palio,2016,Sociedad Filarmonica Nuestra Senora de la Oliva de Salteras,1981-2019: Sociedad Filarmonica Nuestra Senora de la Oliva de Salteras
foro-2019-josemariumb,Domingo de Ramos,LA ESTRELLA,Paso de Palio,2017,Sociedad Filarmonica Nuestra Senora de la Oliva de Salteras,1981-2019: Sociedad Filarmonica Nuestra Senora de la Oliva de Salteras
foro-2019-josemariumb,Domingo de Ramos,LA ESTRELLA,Paso de Palio,2018,Sociedad Filarmonica Nuestra Senora de la Oliva de Salteras,1981-2019: Sociedad Filarmonica Nuestra Senora de la Oliva de Salteras
foro-2019-josemariumb,Domingo de Ramos,LA ESTRELLA,Paso de Palio,2019,Sociedad Filarmonica Nuestra Senora de la Oliva de Salteras,1981-2019: Sociedad Filarmonica Nuestra Senora de la Oliva de Salteras
foro-2019-josemariumb,Domingo de Ramos,AMARGURA,Paso de Misterio,1980,CCTT de la Policia Municipal de Sevilla,1980-1981: CCTT de la Policia Municipal de Sevilla
foro-2019-josemariumb,Domingo de Ramos,AMARGURA,Paso de Misterio,1981,CCTT de la Policia Municipal de Sevilla,1980-1981: CCTT de la Policia Municipal de Sevilla
foro-2019-josemariumb,Domingo de Ramos,AMARGURA,Paso de Misterio,1982,CCTT del Rosario (despues Paton),1982: CCTT del Rosario (despues Paton)
foro-2019-josemariumb,Domingo de Ramos,AMARGURA,Paso de Misterio,1983,CCTT Maestro Paton,1983-1991: CCTT Maestro Paton
foro-2019-josemariumb,Domingo de Ramos,AMARGURA,Paso de Misterio,1984,CCTT Maestro Paton,1983-1991: CCTT Maestro Paton
foro-2019-josemariumb,Domingo de Ramos,AMARGURA,Paso de Misterio,1985,CCTT Maestro Paton,1983-1991: CCTT Maestro Paton
foro-2019-josemariumb,Domingo de Ramos,AMARGURA,Paso de Misterio,1986,CCTT Maestro Paton,1983-1991: CCTT Maestro Paton
foro-2019-josemariumb,Domingo de Ramos,AMARGURA,Paso de Misterio,1987,CCTT Maestro Paton,1983-1991: CCTT Maestro Paton
foro-2019-josemariumb,Domingo de Ramos,AMARGURA,Paso de Misterio,1988,CCTT Maestro Paton,1983-1991: CCTT Maestro Paton
foro-2019-josemariumb,Domingo de Ramos,AMARGURA,Paso de Misterio,1989,CCTT Maestro Paton,1983-1991: CCTT Maestro Paton
foro-2019-josemariumb,Domingo de Ramos,AMARGURA,Paso de Misterio,1990,CCTT Maestro Paton,1983-1991: CCTT Maestro Paton
foro-2019-josemariumb,Domingo de Ramos,AMARGURA,Paso de Misterio,1991,CCTT Maestro Paton,1983-1991: CCTT Maestro Paton
foro-2019-josemariumb,Domingo de Ramos,AMARGURA,Paso de Misterio,1992,CCTT Tres Caidas,1992-2019: CCTT Tres Caidas
foro-2019-josemariumb,Domingo de Ramos,AMARGURA,Paso de Misterio,1993,CCTT Tres Caidas,1992-2019: CCTT Tres Caidas
foro-2019-josemariumb,Domingo de Ramos,AMARGURA,Paso de Misterio,1994,CCTT Tres Caidas,1992-2019: CCTT Tres Caidas
foro-2019-josemariumb,Domingo de Ramos,AMARGURA,Paso de Misterio,1995,CCTT Tres Caidas,1992-2019: CCTT Tres Caidas
foro-2019-josemariumb,Domingo de Ramos,AMARGURA,Paso de Misterio,1996,CCTT Tres Caidas,1992-2019: CCTT Tres Caidas
foro-2019-josemariumb,Domingo de Ramos,AMARGURA,Paso de Misterio,1997,CCTT Tres Caidas,1992-2019: CCTT Tres Caidas
foro-2019-josemariumb,Domingo de Ramos,AMARGURA,Paso de Misterio,1998,CCTT Tres Caidas,1992-2019: CCTT Tres Caidas
foro-2019-josemariumb,Domingo de Ramos,AMARGURA,Paso de Misterio,1999,CCTT Tres Caidas,1992-2019: CCTT Tres Caidas
foro-2019-josemariumb,Domingo de Ramos,AMARGURA,Paso de Misterio,2000,CCTT Tres Caidas,1992-2019: CCTT Tres Caidas
foro-2019-josemariumb,Domingo de Ramos,AMARGURA,Paso de Misterio,2001,CCTT Tres Caidas,1992-2019: CCTT Tres Caidas
foro-2019-josemariumb,Domingo de Ramos,AMARGURA,Paso de Misterio,2002,CCTT Tres Caidas,1992-2019: CCTT Tres Caidas
foro-2019-josemariumb,Domingo de Ramos,AMARGURA,Paso de Misterio,2003,CCTT Tres Caidas,1992-2019: CCTT Tres Caidas
foro-2019-josemariumb,Domingo de Ramos,AMARGURA,Paso de Misterio,2004,CCTT Tres Caidas,1992-2019: CCTT Tres Caidas
foro-2019-josemariumb,Domingo de Ramos,AMARGURA,Paso de Misterio,2005,CCTT Tres Caidas,1992-2019: CCTT Tres Caidas
foro-2019-josemariumb,Domingo de Ramos,AMARGURA,Paso de Misterio,2006,CCTT Tres Caidas,1992-2019: CCTT Tres Caidas
foro-2019-josemariumb,Domingo de Ramos,AMARGURA,Paso de Misterio,2007,CCTT Tres Caidas,1992-2019: CCTT Tres Caidas
foro-2019-josemariumb,Domingo de Ramos,AMARGURA,Paso de Misterio,2008,CCTT Tres Caidas,1992-2019: CCTT Tres Caidas
foro-2019-josemariumb,Domingo de Ramos,AMARGURA,Paso de Misterio,2009,CCTT Tres Caidas,1992-2019: CCTT Tres Caidas
foro-2019-josemariumb,Domingo de Ramos,AMARGURA,Paso de Misterio,2010,CCTT Tres Caidas,1992-2019: CCTT Tres Caidas
foro-2019-josemariumb,Domingo de Ramos,AMARGURA,Paso de Misterio,2011,CCTT Tres Caidas,1992-2019: CCTT Tres Caidas
foro-2019-josemariumb,Domingo de Ramos,AMARGURA,Paso de Misterio,2012,CCTT Tres Caidas,1992-2019: CCTT Tres Caidas
foro-2019-josemariumb,Domingo de Ramos,AMARGURA,Paso de Misterio,2013,CCTT Tres Caidas,1992-2019: CCTT Tres Caidas
foro-2019-josemariumb,Domingo de Ramos,AMARGURA,Paso de Misterio,2014,CCTT Tres Caidas,1992-2019: CCTT Tres Caidas
foro-2019-josemariumb,Domingo de Ramos,AMARGURA,Paso de Misterio,2015,CCTT Tres Caidas,1992-2019: CCTT Tres Caidas
foro-2019-josemariumb,Domingo de Ramos,AMARGURA,Paso de Misterio,2016,CCTT Tres Caidas,1992-2019: CCTT Tres Caidas
foro-2019-josemariumb,Domingo de Ramos,AMARGURA,Paso de Misterio,2017,CCTT Tres Caidas,1992-2019: CCTT Tres Caidas
foro-2019-josemariumb,Domingo de Ramos,AMARGURA,Paso de Misterio,2018,CCTT Tres Caidas,1992-2019: CCTT Tres Caidas
foro-2019-josemariumb,Domingo de Ramos,AMARGURA,Paso de Misterio,2019,CCTT Tres Caidas,1992-2019: CCTT Tres Caidas
foro-2019-josemariumb,Domingo de Ramos,AMARGURA,Paso de Palio,1980,Banda Municipal de Sevilla,1980-1981: Banda Municipal de Sevilla
foro-2019-josemariumb,Domingo de Ramos,AMARGURA,Paso de Palio,1981,Banda Municipal de Sevilla,1980-1981: Banda Municipal de Sevilla
foro-2019-josemariumb,Domingo de Ramos,AMARGURA,Paso de Palio,1982,Banda de la Inmaculada,1982-1983: Banda de la Inmaculada
foro-2019-josemariumb,Domingo de Ramos,AMARGURA,Paso de Palio,1983,Banda de la Inmaculada,1982-1983: Banda de la Inmaculada
foro-2019-josemariumb,Domingo de Ramos,AMARGURA,Paso de Palio,1984,Banda de Montserrat,1984: Banda de Montserrat
foro-2019-josemariumb,Domingo de Ramos,AMARGURA,Paso de Palio,1985,Banda de la Academia Municipal de Carmona,1985-1987: Banda de la Academia Municipal de Carmona
foro-2019-josemariumb,Domingo de Ramos,AMARGURA,Paso de Palio,1986,Banda de la Academia Municipal de Carmona,1985-1987: Banda de la Academia Municipal de Carmona
foro-2019-josemariumb,Domingo de Ramos,AMARGURA,Paso de Palio,1987,Banda de la Academia Municipal de Carmona,1985-1987: Banda de la Academia Municipal de Carmona
foro-2019-josemariumb,Domingo de Ramos,AMARGURA,Paso de Palio,1988,Asociacion Musical Utrerana,1988-1994: Asociacion Musical Utrerana
foro-2019-josemariumb,Domingo de Ramos,AMARGURA,Paso de Palio,1989,Asociacion Musical Utrerana,1988-1994: Asociacion Musical Utrerana
foro-2019-josemariumb,Domingo de Ramos,AMARGURA,Paso de Palio,1990,Asociacion Musical Utrerana,1988-1994: Asociacion Musical Utrerana
foro-2019-josemariumb,Domingo de Ramos,AMARGURA,Paso de Palio,1991,Asociacion Musical Utrerana,1988-1994: Asociacion Musical Utrerana
foro-2019-josemariumb,Domingo de Ramos,AMARGURA,Paso de Palio,1992,Asociacion Musical Utrerana,1988-1994: Asociacion Musical Utrerana
foro-2019-josemariumb,Domingo de Ramos,AMARGURA,Paso de Palio,1993,Asociacion Musical Utrerana,1988-1994: Asociacion Musical Utrerana
foro-2019-josemariumb,Domingo de Ramos,AMARGURA,Paso de Palio,1994,Asociacion Musical Utrerana,1988-1994: Asociacion Musical Utrerana
foro-2019-josemariumb,Domingo de Ramos,AMARGURA,Paso de Palio,1995,Banda Municipal de Sevilla,1995-1999: Banda Municipal de Sevilla
foro-2019-josemariumb,Domingo de Ramos,AMARGURA,Paso de Palio,1996,Banda Municipal de Sevilla,1995-1999: Banda Municipal de Sevilla
foro-2019-josemariumb,Domingo de Ramos,AMARGURA,Paso de Palio,1997,Banda Municipal de Sevilla,1995-1999: Banda Municipal de Sevilla
foro-2019-josemariumb,Domingo de Ramos,AMARGURA,Paso de Palio,1998,Banda Municipal de Sevilla,1995-1999: Banda Municipal de Sevilla
foro-2019-josemariumb,Domingo de Ramos,AMARGURA,Paso de Palio,1999,Banda Municipal de Sevilla,1995-1999: Banda Municipal de Sevilla
foro-2019-josemariumb,Domingo de Ramos,AMARGURA,Paso de Palio,2000,Agrupacion Musical Nuestra Senora del Aguila,2000-2018: Agrupacion Musical Nuestra Senora del Aguila
foro-2019-josemariumb,Domingo de Ramos,AMARGURA,Paso de Palio,2001,Agrupacion Musical Nuestra Senora del Aguila,2000-2018: Agrupacion Musical Nuestra Senora del Aguila
foro-2019-josemariumb,Domingo de Ramos,AMARGURA,Paso de Palio,2002,Agrupacion Musical Nuestra Senora del Aguila,2000-2018: Agrupacion Musical Nuestra Senora del Aguila
foro-2019-josemariumb,Domingo de Ramos,AMARGURA,Paso de Palio,2003,Agrupacion Musical Nuestra Senora del Aguila,2000-2018: Agrupacion Musical Nuestra Senora del Aguila
foro-2019-josemariumb,Domingo de Ramos,AMARGURA,Paso de Palio,2004,Agrupacion Musical Nuestra Senora del Aguila,2000-2018: Agrupacion Musical Nuestra Senora del Aguila
foro-2019-josemariumb,Domingo de Ramos,AMARGURA,Paso de Palio,2005,Agrupacion Musical Nuestra Senora del Aguila,2000-2018: Agrupacion Musical Nuestra Senora del Aguila
foro-2019-josemariumb,Domingo de Ramos,AMARGURA,Paso de Palio,2006,Agrupacion Musical Nuestra Senora del Aguila,2000-2018: Agrupacion Musical Nuestra Senora del Aguila
foro-2019-josemariumb,Domingo de Ramos,AMARGURA,Paso de Palio,2007,Agrupacion Musical Nuestra Senora del Aguila,2000-2018: Agrupacion Musical Nuestra Senora del Aguila
foro-2019-josemariumb,Domingo de Ramos,AMARGURA,Paso de Palio,2008,Agrupacion Musical Nuestra Senora del Aguila,2000-2018: Agrupacion Musical Nuestra Senora del Aguila
foro-2019-josemariumb,Domingo de Ramos,AMARGURA,Paso de Palio,2009,Agrupacion Musical Nuestra Senora del Aguila,2000-2018: Agrupacion Musical Nuestra Senora del Aguila
foro-2019-josemariumb,Domingo de Ramos,AMARGURA,Paso de Palio,2010,Agrupacion Musical Nuestra Senora del Aguila,2000-2018: Agrupacion Musical Nuestra Senora del Aguila
foro-2019-josemariumb,Domingo de Ramos,AMARGURA,Paso de Palio,2011,Agrupacion Musical Nuestra Senora del Aguila,2000-2018: Agrupacion Musical Nuestra Senora del Aguila
foro-2019-josemariumb,Domingo de Ramos,AMARGURA,Paso de Palio,2012,Agrupacion Musical Nuestra Senora del Aguila,2000-2018: Agrupacion Musical Nuestra Senora del Aguila
foro-2019-josemariumb,Domingo de Ramos,AMARGURA,Paso de Palio,2013,Agrupacion Musical Nuestra Senora del Aguila,2000-2018: Agrupacion Musical Nuestra Senora del Aguila
foro-2019-josemariumb,Domingo de Ramos,AMARGURA,Paso de Palio,2014,Agrupacion Musical Nuestra Senora del Aguila,2000-2018: Agrupacion Musical Nuestra Senora del Aguila
foro-2019-josemariumb,Domingo de Ramos,AMARGURA,Paso de Palio,2015,Agrupacion Musical Nuestra Senora del Aguila,2000-2018: Agrupacion Musical Nuestra Senora del Aguila
foro-2019-josemariumb,Domingo de Ramos,AMARGURA,Paso de Palio,2016,Agrupacion Musical Nuestra Senora del Aguila,2000-2018: Agrupacion Musical Nuestra Senora del Aguila
foro-2019-josemariumb,Domingo de Ramos,AMARGURA,Paso de Palio,2017,Agrupacion Musical Nuestra Senora del Aguila,2000-2018: Agrupacion Musical Nuestra Senora del Aguila
foro-2019-josemariumb,Domingo de Ramos,AMARGURA,Paso de Palio,2018,Agrupacion Musical Nuestra Senora del Aguila,2000-2018: Agrupacion Musical Nuestra Senora del Aguila
foro-2019-josemariumb,Domingo de Ramos,AMARGURA,Paso de Palio,2019,Sociedad Filarmonica Nuestra Senora del Carmen de Salteras,2019: Sociedad Filarmonica Nuestra Senora del Carmen de Salteras
foro-2019-josemariumb,Domingo de Ramos,EL AMOR,Paso de palio,1980,BM Esperanza de Triana,1980-1983: BM Esperanza de Triana
foro-2019-josemariumb,Domingo de Ramos,EL AMOR,Paso de palio,1981,BM Esperanza de Triana,1980-1983: BM Esperanza de Triana
foro-2019-josemariumb,Domingo de Ramos,EL AMOR,Paso de palio,1982,BM Esperanza de Triana,1980-1983: BM Esperanza de Triana
foro-2019-josemariumb,Domingo de Ramos,EL AMOR,Paso de palio,1983,BM Esperanza de Triana,1980-1983: BM Esperanza de Triana
foro-2019-josemariumb,Domingo de Ramos,EL AMOR,Paso de palio,1984,BM Santa Maria del Alcor,1984-1988: BM Santa Maria del Alcor
foro-2019-josemariumb,Domingo de Ramos,EL AMOR,Paso de palio,1985,BM Santa Maria del Alcor,1984-1988: BM Santa Maria del Alcor
foro-2019-josemariumb,Domingo de Ramos,EL AMOR,Paso de palio,1986,BM Santa Maria del Alcor,1984-1988: BM Santa Maria del Alcor
foro-2019-josemariumb,Domingo de Ramos,EL AMOR,Paso de palio,1987,BM Santa Maria del Alcor,1984-1988: BM Santa Maria del Alcor
foro-2019-josemariumb,Domingo de Ramos,EL AMOR,Paso de palio,1988,BM Santa Maria del Alcor,1984-1988: BM Santa Maria del Alcor
foro-2019-josemariumb,Domingo de Ramos,EL AMOR,Paso de palio,1989,BM Nuestra Senora del Carmen,1989-1999: BM Nuestra Senora del Carmen
foro-2019-josemariumb,Domingo de Ramos,EL AMOR,Paso de palio,1990,BM Nuestra Senora del Carmen,1989-1999: BM Nuestra Senora del Carmen
foro-2019-josemariumb,Domingo de Ramos,EL AMOR,Paso de palio,1991,BM Nuestra Senora del Carmen,1989-1999: BM Nuestra Senora del Carmen
foro-2019-josemariumb,Domingo de Ramos,EL AMOR,Paso de palio,1992,BM Nuestra Senora del Carmen,1989-1999: BM Nuestra Senora del Carmen
foro-2019-josemariumb,Domingo de Ramos,EL AMOR,Paso de palio,1993,BM Nuestra Senora del Carmen,1989-1999: BM Nuestra Senora del Carmen
foro-2019-josemariumb,Domingo de Ramos,EL AMOR,Paso de palio,1994,BM Nuestra Senora del Carmen,1989-1999: BM Nuestra Senora del Carmen
foro-2019-josemariumb,Domingo de Ramos,EL AMOR,Paso de palio,1995,BM Nuestra Senora del Carmen,1989-1999: BM Nuestra Senora del Carmen
foro-2019-josemariumb,Domingo de Ramos,EL AMOR,Paso de palio,1996,BM Nuestra Senora del Carmen,1989-1999: BM Nuestra Senora del Carmen
foro-2019-josemariumb,Domingo de Ramos,EL AMOR,Paso de palio,1997,BM Nuestra Senora del Carmen,1989-1999: BM Nuestra Senora del Carmen
foro-2019-josemariumb,Domingo de Ramos,EL AMOR,Paso de palio,1998,BM Nuestra Senora del Carmen,1989-1999: BM Nuestra Senora del Carmen
foro-2019-josemariumb,Domingo de Ramos,EL AMOR,Paso de palio,1999,BM Nuestra Senora del Carmen,1989-1999: BM Nuestra Senora del Carmen
foro-2019-josemariumb,Domingo de Ramos,EL AMOR,Paso de palio,2000,BM Nuestra Senora de la Victoria (Cigarreras),2000-2019: BM Nuestra Senora de la Victoria (Cigarreras)
foro-2019-josemariumb,Domingo de Ramos,EL AMOR,Paso de palio,2001,BM Nuestra Senora de la Victoria (Cigarreras),2000-2019: BM Nuestra Senora de la Victoria (Cigarreras)
foro-2019-josemariumb,Domingo de Ramos,EL AMOR,Paso de palio,2002,BM Nuestra Senora de la Victoria (Cigarreras),2000-2019: BM Nuestra Senora de la Victoria (Cigarreras)
foro-2019-josemariumb,Domingo de Ramos,EL AMOR,Paso de palio,2003,BM Nuestra Senora de la Victoria (Cigarreras),2000-2019: BM Nuestra Senora de la Victoria (Cigarreras)
foro-2019-josemariumb,Domingo de Ramos,EL AMOR,Paso de palio,2004,BM Nuestra Senora de la Victoria (Cigarreras),2000-2019: BM Nuestra Senora de la Victoria (Cigarreras)
foro-2019-josemariumb,Domingo de Ramos,EL AMOR,Paso de palio,2005,BM Nuestra Senora de la Victoria (Cigarreras),2000-2019: BM Nuestra Senora de la Victoria (Cigarreras)
foro-2019-josemariumb,Domingo de Ramos,EL AMOR,Paso de palio,2006,BM Nuestra Senora de la Victoria (Cigarreras),2000-2019: BM Nuestra Senora de la Victoria (Cigarreras)
foro-2019-josemariumb,Domingo de Ramos,EL AMOR,Paso de palio,2007,BM Nuestra Senora de la Victoria (Cigarreras),2000-2019: BM Nuestra Senora de la Victoria (Cigarreras)
foro-2019-josemariumb,Domingo de Ramos,EL AMOR,Paso de palio,2008,BM Nuestra Senora de la Victoria (Cigarreras),2000-2019: BM Nuestra Senora de la Victoria (Cigarreras)
foro-2019-josemariumb,Domingo de Ramos,EL AMOR,Paso de palio,2009,BM Nuestra Senora de la Victoria (Cigarreras),2000-2019: BM Nuestra Senora de la Victoria (Cigarreras)
foro-2019-josemariumb,Domingo de Ramos,EL AMOR,Paso de palio,2010,BM Nuestra Senora de la Victoria (Cigarreras),2000-2019: BM Nuestra Senora de la Victoria (Cigarreras)
foro-2019-josemariumb,Domingo de Ramos,EL AMOR,Paso de palio,2011,BM Nuestra Senora de la Victoria (Cigarreras),2000-2019: BM Nuestra Senora de la Victoria (Cigarreras)
foro-2019-josemariumb,Domingo de Ramos,EL AMOR,Paso de palio,2012,BM Nuestra Senora de la Victoria (Cigarreras),2000-2019: BM Nuestra Senora de la Victoria (Cigarreras)
foro-2019-josemariumb,Domingo de Ramos,EL AMOR,Paso de palio,2013,BM Nuestra Senora de la Victoria (Cigarreras),2000-2019: BM Nuestra Senora de la Victoria (Cigarreras)
foro-2019-josemariumb,Domingo de Ramos,EL AMOR,Paso de palio,2014,BM Nuestra Senora de la Victoria (Cigarreras),2000-2019: BM Nuestra Senora de la Victoria (Cigarreras)
foro-2019-josemariumb,Domingo de Ramos,EL AMOR,Paso de palio,2015,BM Nuestra Senora de la Victoria (Cigarreras),2000-2019: BM Nuestra Senora de la Victoria (Cigarreras)
foro-2019-josemariumb,Domingo de Ramos,EL AMOR,Paso de palio,2016,BM Nuestra Senora de la Victoria (Cigarreras),2000-2019: BM Nuestra Senora de la Victoria (Cigarreras)
foro-2019-josemariumb,Domingo de Ramos,EL AMOR,Paso de palio,2017,BM Nuestra Senora de la Victoria (Cigarreras),2000-2019: BM Nuestra Senora de la Victoria (Cigarreras)
foro-2019-josemariumb,Domingo de Ramos,EL AMOR,Paso de palio,2018,BM Nuestra Senora de la Victoria (Cigarreras),2000-2019: BM Nuestra Senora de la Victoria (Cigarreras)
foro-2019-josemariumb,Domingo de Ramos,EL AMOR,Paso de palio,2019,BM Nuestra Senora de la Victoria (Cigarreras),2000-2019: BM Nuestra Senora de la Victoria (Cigarreras)
foro-2019-josemariumb,Lunes Santo,SAN PABLO,Paso de Misterio,2008,CCTT Tres Caidas (Salida hasta la Catedral) / CCTT San Juan Evangelista (Catedral hasta la Entrada),2008-2019: CCTT Tres Caidas (Salida hasta la Catedral) / CCTT San Juan Evangelista (Catedral hasta la Entrada)
foro-2019-josemariumb,Lunes Santo,SAN PABLO,Paso de Misterio,2009,CCTT Tres Caidas (Salida hasta la Catedral) / CCTT San Juan Evangelista (Catedral hasta la Entrada),2008-2019: CCTT Tres Caidas (Salida hasta la Catedral) / CCTT San Juan Evangelista (Catedral hasta la Entrada)
foro-2019-josemariumb,Lunes Santo,SAN PABLO,Paso de Misterio,2010,CCTT Tres Caidas (Salida hasta la Catedral) / CCTT San Juan Evangelista (Catedral hasta la Entrada),2008-2019: CCTT Tres Caidas (Salida hasta la Catedral) / CCTT San Juan Evangelista (Catedral hasta la Entrada)
foro-2019-josemariumb,Lunes Santo,SAN PABLO,Paso de Misterio,2011,CCTT Tres Caidas (Salida hasta la Catedral) / CCTT San Juan Evangelista (Catedral hasta la Entrada),2008-2019: CCTT Tres Caidas (Salida hasta la Catedral) / CCTT San Juan Evangelista (Catedral hasta la Entrada)
foro-2019-josemariumb,Lunes Santo,SAN PABLO,Paso de Misterio,2012,CCTT Tres Caidas (Salida hasta la Catedral) / CCTT San Juan Evangelista (Catedral hasta la Entrada),2008-2019: CCTT Tres Caidas (Salida hasta la Catedral) / CCTT San Juan Evangelista (Catedral hasta la Entrada)
foro-2019-josemariumb,Lunes Santo,SAN PABLO,Paso de Misterio,2013,CCTT Tres Caidas (Salida hasta la Catedral) / CCTT San Juan Evangelista (Catedral hasta la Entrada),2008-2019: CCTT Tres Caidas (Salida hasta la Catedral) / CCTT San Juan Evangelista (Catedral hasta la Entrada)
foro-2019-josemariumb,Lunes Santo,SAN PABLO,Paso de Misterio,2014,CCTT Tres Caidas (Salida hasta la Catedral) / CCTT San Juan Evangelista (Catedral hasta la Entrada),2008-2019: CCTT Tres Caidas (Salida hasta la Catedral) / CCTT San Juan Evangelista (Catedral hasta la Entrada)
foro-2019-josemariumb,Lunes Santo,SAN PABLO,Paso de Misterio,2015,CCTT Tres Caidas (Salida hasta la Catedral) / CCTT San Juan Evangelista (Catedral hasta la Entrada),2008-2019: CCTT Tres Caidas (Salida hasta la Catedral) / CCTT San Juan Evangelista (Catedral hasta la Entrada)
foro-2019-josemariumb,Lunes Santo,SAN PABLO,Paso de Misterio,2016,CCTT Tres Caidas (Salida hasta la Catedral) / CCTT San Juan Evangelista (Catedral hasta la Entrada),2008-2019: CCTT Tres Caidas (Salida hasta la Catedral) / CCTT San Juan Evangelista (Catedral hasta la Entrada)
foro-2019-josemariumb,Lunes Santo,SAN PABLO,Paso de Misterio,2017,CCTT Tres Caidas (Salida hasta la Catedral) / CCTT San Juan Evangelista (Catedral hasta la Entrada),2008-2019: CCTT Tres Caidas (Salida hasta la Catedral) / CCTT San Juan Evangelista (Catedral hasta la Entrada)
foro-2019-josemariumb,Lunes Santo,SAN PABLO,Paso de Misterio,2018,CCTT Tres Caidas (Salida hasta la Catedral) / CCTT San Juan Evangelista (Catedral hasta la Entrada),2008-2019: CCTT Tres Caidas (Salida hasta la Catedral) / CCTT San Juan Evangelista (Catedral hasta la Entrada)
foro-2019-josemariumb,Lunes Santo,SAN PABLO,Paso de Misterio,2019,CCTT Tres Caidas (Salida hasta la Catedral) / CCTT San Juan Evangelista (Catedral hasta la Entrada),2008-2019: CCTT Tres Caidas (Salida hasta la Catedral) / CCTT San Juan Evangelista (Catedral hasta la Entrada)
foro-2019-josemariumb,Lunes Santo,SAN PABLO,Paso de Palio,2009,BM Castillo de Lebrija (Salida hasta el Salvador) y BM Cruz Roja (Salvador hasta Entrada),2009-2013: BM Castillo de Lebrija (Salida hasta el Salvador) y BM Cruz Roja (Salvador hasta Entrada)
foro-2019-josemariumb,Lunes Santo,SAN PABLO,Paso de Palio,2010,BM Castillo de Lebrija (Salida hasta el Salvador) y BM Cruz Roja (Salvador hasta Entrada),2009-2013: BM Castillo de Lebrija (Salida hasta el Salvador) y BM Cruz Roja (Salvador hasta Entrada)
foro-2019-josemariumb,Lunes Santo,SAN PABLO,Paso de Palio,2011,BM Castillo de Lebrija (Salida hasta el Salvador) y BM Cruz Roja (Salvador hasta Entrada),2009-2013: BM Castillo de Lebrija (Salida hasta el Salvador) y BM Cruz Roja (Salvador hasta Entrada)
foro-2019-josemariumb,Lunes Santo,SAN PABLO,Paso de Palio,2012,BM Castillo de Lebrija (Salida hasta el Salvador) y BM Cruz Roja (Salvador hasta Entrada),2009-2013: BM Castillo de Lebrija (Salida hasta el Salvador) y BM Cruz Roja (Salvador hasta Entrada)
foro-2019-josemariumb,Lunes Santo,SAN PABLO,Paso de Palio,2013,BM Castillo de Lebrija (Salida hasta el Salvador) y BM Cruz Roja (Salvador hasta Entrada),2009-2013: BM Castillo de Lebrija (Salida hasta el Salvador) y BM Cruz Roja (Salvador hasta Entrada)
foro-2019-josemariumb,Lunes Santo,SAN PABLO,Paso de Palio,2014,BM Nuestra Senora de la Victoria de Las Cigarreras (Salida hasta Catedral) y BM Castillo de Lebrija (Catedral hasta Entrada),2014-2019: BM Nuestra Senora de la Victoria de Las Cigarreras (Salida hasta Catedral) y BM Castillo de Lebrija (Catedral hasta Entrada)
foro-2019-josemariumb,Lunes Santo,SAN PABLO,Paso de Palio,2015,BM Nuestra Senora de la Victoria de Las Cigarreras (Salida hasta Catedral) y BM Castillo de Lebrija (Catedral hasta Entrada),2014-2019: BM Nuestra Senora de la Victoria de Las Cigarreras (Salida hasta Catedral) y BM Castillo de Lebrija (Catedral hasta Entrada)
foro-2019-josemariumb,Lunes Santo,SAN PABLO,Paso de Palio,2016,BM Nuestra Senora de la Victoria de Las Cigarreras (Salida hasta Catedral) y BM Castillo de Lebrija (Catedral hasta Entrada),2014-2019: BM Nuestra Senora de la Victoria de Las Cigarreras (Salida hasta Catedral) y BM Castillo de Lebrija (Catedral hasta Entrada)
foro-2019-josemariumb,Lunes Santo,SAN PABLO,Paso de Palio,2017,BM Nuestra Senora de la Victoria de Las Cigarreras (Salida hasta Catedral) y BM Castillo de Lebrija (Catedral hasta Entrada),2014-2019: BM Nuestra Senora de la Victoria de Las Cigarreras (Salida hasta Catedral) y BM Castillo de Lebrija (Catedral hasta Entrada)
foro-2019-josemariumb,Lunes Santo,SAN PABLO,Paso de Palio,2018,BM Nuestra Senora de la Victoria de Las Cigarreras (Salida hasta Catedral) y BM Castillo de Lebrija (Catedral hasta Entrada),2014-2019: BM Nuestra Senora de la Victoria de Las Cigarreras (Salida hasta Catedral) y BM Castillo de Lebrija (Catedral hasta Entrada)
foro-2019-josemariumb,Lunes Santo,SAN PABLO,Paso de Palio,2019,BM Nuestra Senora de la Victoria de Las Cigarreras (Salida hasta Catedral) y BM Castillo de Lebrija (Catedral hasta Entrada),2014-2019: BM Nuestra Senora de la Victoria de Las Cigarreras (Salida hasta Catedral) y BM Castillo de Lebrija (Catedral hasta Entrada)
foro-2019-josemariumb,Lunes Santo,BESO DE JUDAS,Paso de Misterio,1980,AM Santa Maria Magdalena de Arahal,1980-1992: AM Santa Maria Magdalena de Arahal
foro-2019-josemariumb,Lunes Santo,BESO DE JUDAS,Paso de Misterio,1981,AM Santa Maria Magdalena de Arahal,1980-1992: AM Santa Maria Magdalena de Arahal
foro-2019-josemariumb,Lunes Santo,BESO DE JUDAS,Paso de Misterio,1982,AM Santa Maria Magdalena de Arahal,1980-1992: AM Santa Maria Magdalena de Arahal
foro-2019-josemariumb,Lunes Santo,BESO DE JUDAS,Paso de Misterio,1983,AM Santa Maria Magdalena de Arahal,1980-1992: AM Santa Maria Magdalena de Arahal
foro-2019-josemariumb,Lunes Santo,BESO DE JUDAS,Paso de Misterio,1984,AM Santa Maria Magdalena de Arahal,1980-1992: AM Santa Maria Magdalena de Arahal
foro-2019-josemariumb,Lunes Santo,BESO DE JUDAS,Paso de Misterio,1985,AM Santa Maria Magdalena de Arahal,1980-1992: AM Santa Maria Magdalena de Arahal
foro-2019-josemariumb,Lunes Santo,BESO DE JUDAS,Paso de Misterio,1986,AM Santa Maria Magdalena de Arahal,1980-1992: AM Santa Maria Magdalena de Arahal
foro-2019-josemariumb,Lunes Santo,BESO DE JUDAS,Paso de Misterio,1987,AM Santa Maria Magdalena de Arahal,1980-1992: AM Santa Maria Magdalena de Arahal
foro-2019-josemariumb,Lunes Santo,BESO DE JUDAS,Paso de Misterio,1988,AM Santa Maria Magdalena de Arahal,1980-1992: AM Santa Maria Magdalena de Arahal
foro-2019-josemariumb,Lunes Santo,BESO DE JUDAS,Paso de Misterio,1989,AM Santa Maria Magdalena de Arahal,1980-1992: AM Santa Maria Magdalena de Arahal
foro-2019-josemariumb,Lunes Santo,BESO DE JUDAS,Paso de Misterio,1990,AM Santa Maria Magdalena de Arahal,1980-1992: AM Santa Maria Magdalena de Arahal
foro-2019-josemariumb,Lunes Santo,BESO DE JUDAS,Paso de Misterio,1991,AM Santa Maria Magdalena de Arahal,1980-1992: AM Santa Maria Magdalena de Arahal
foro-2019-josemariumb,Lunes Santo,BESO DE JUDAS,Paso de Misterio,1992,AM Santa Maria Magdalena de Arahal,1980-1992: AM Santa Maria Magdalena de Arahal
foro-2019-josemariumb,Lunes Santo,BESO DE JUDAS,Paso de Misterio,1993,AM Redencion,1993-2019: AM Redencion
foro-2019-josemariumb,Lunes Santo,BESO DE JUDAS,Paso de Misterio,1994,AM Redencion,1993-2019: AM Redencion
foro-2019-josemariumb,Lunes Santo,BESO DE JUDAS,Paso de Misterio,1995,AM Redencion,1993-2019: AM Redencion
foro-2019-josemariumb,Lunes Santo,BESO DE JUDAS,Paso de Misterio,1996,AM Redencion,1993-2019: AM Redencion
foro-2019-josemariumb,Lunes Santo,BESO DE JUDAS,Paso de Misterio,1997,AM Redencion,1993-2019: AM Redencion
foro-2019-josemariumb,Lunes Santo,BESO DE JUDAS,Paso de Misterio,1998,AM Redencion,1993-2019: AM Redencion
foro-2019-josemariumb,Lunes Santo,BESO DE JUDAS,Paso de Misterio,1999,AM Redencion,1993-2019: AM Redencion
foro-2019-josemariumb,Lunes Santo,BESO DE JUDAS,Paso de Misterio,2000,AM Redencion,1993-2019: AM Redencion
foro-2019-josemariumb,Lunes Santo,BESO DE JUDAS,Paso de Misterio,2001,AM Redencion,1993-2019: AM Redencion
foro-2019-josemariumb,Lunes Santo,BESO DE JUDAS,Paso de Misterio,2002,AM Redencion,1993-2019: AM Redencion
foro-2019-josemariumb,Lunes Santo,BESO DE JUDAS,Paso de Misterio,2003,AM Redencion,1993-2019: AM Redencion
foro-2019-josemariumb,Lunes Santo,BESO DE JUDAS,Paso de Misterio,2004,AM Redencion,1993-2019: AM Redencion
foro-2019-josemariumb,Lunes Santo,BESO DE JUDAS,Paso de Misterio,2005,AM Redencion,1993-2019: AM Redencion
foro-2019-josemariumb,Lunes Santo,BESO DE JUDAS,Paso de Misterio,2006,AM Redencion,1993-2019: AM Redencion
foro-2019-josemariumb,Lunes Santo,BESO DE JUDAS,Paso de Misterio,2007,AM Redencion,1993-2019: AM Redencion
foro-2019-josemariumb,Lunes Santo,BESO DE JUDAS,Paso de Misterio,2008,AM Redencion,1993-2019: AM Redencion
foro-2019-josemariumb,Lunes Santo,BESO DE JUDAS,Paso de Misterio,2009,AM Redencion,1993-2019: AM Redencion
foro-2019-josemariumb,Lunes Santo,BESO DE JUDAS,Paso de Misterio,2010,AM Redencion,1993-2019: AM Redencion
foro-2019-josemariumb,Lunes Santo,BESO DE JUDAS,Paso de Misterio,2011,AM Redencion,1993-2019: AM Redencion
foro-2019-josemariumb,Lunes Santo,BESO DE JUDAS,Paso de Misterio,2012,AM Redencion,1993-2019: AM Redencion
foro-2019-josemariumb,Lunes Santo,BESO DE JUDAS,Paso de Misterio,2013,AM Redencion,1993-2019: AM Redencion
foro-2019-josemariumb,Lunes Santo,BESO DE JUDAS,Paso de Misterio,2014,AM Redencion,1993-2019: AM Redencion
foro-2019-josemariumb,Lunes Santo,BESO DE JUDAS,Paso de Misterio,2015,AM Redencion,1993-2019: AM Redencion
foro-2019-josemariumb,Lunes Santo,BESO DE JUDAS,Paso de Misterio,2016,AM Redencion,1993-2019: AM Redencion
foro-2019-josemariumb,Lunes Santo,BESO DE JUDAS,Paso de Misterio,2017,AM Redencion,1993-2019: AM Redencion
foro-2019-josemariumb,Lunes Santo,BESO DE JUDAS,Paso de Misterio,2018,AM Redencion,1993-2019: AM Redencion
foro-2019-josemariumb,Lunes Santo,BESO DE JUDAS,Paso de Misterio,2019,AM Redencion,1993-2019: AM Redencion
foro-2019-josemariumb,Lunes Santo,BESO DE JUDAS,Paso de Palio,1980,BM Guillena,1980-1981: BM Guillena
foro-2019-josemariumb,Lunes Santo,BESO DE JUDAS,Paso de Palio,1981,BM Guillena,1980-1981: BM Guillena
foro-2019-josemariumb,Lunes Santo,BESO DE JUDAS,Paso de Palio,1982,BM Nuestra Senora de la Oliva de Salteras,1982-1984: BM Nuestra Senora de la Oliva de Salteras
foro-2019-josemariumb,Lunes Santo,BESO DE JUDAS,Paso de Palio,1983,BM Nuestra Senora de la Oliva de Salteras,1982-1984: BM Nuestra Senora de la Oliva de Salteras
foro-2019-josemariumb,Lunes Santo,BESO DE JUDAS,Paso de Palio,1984,BM Nuestra Senora de la Oliva de Salteras,1982-1984: BM Nuestra Senora de la Oliva de Salteras
foro-2019-josemariumb,Lunes Santo,BESO DE JUDAS,Paso de Palio,1985,BM Guillena,1985-1987: BM Guillena
foro-2019-josemariumb,Lunes Santo,BESO DE JUDAS,Paso de Palio,1986,BM Guillena,1985-1987: BM Guillena
foro-2019-josemariumb,Lunes Santo,BESO DE JUDAS,Paso de Palio,1987,BM Guillena,1985-1987: BM Guillena
foro-2019-josemariumb,Lunes Santo,BESO DE JUDAS,Paso de Palio,1988,BM Esperanza de Triana,1988-1993: BM Esperanza de Triana
foro-2019-josemariumb,Lunes Santo,BESO DE JUDAS,Paso de Palio,1989,BM Esperanza de Triana,1988-1993: BM Esperanza de Triana
foro-2019-josemariumb,Lunes Santo,BESO DE JUDAS,Paso de Palio,1990,BM Esperanza de Triana,1988-1993: BM Esperanza de Triana
foro-2019-josemariumb,Lunes Santo,BESO DE JUDAS,Paso de Palio,1991,BM Esperanza de Triana,1988-1993: BM Esperanza de Triana
foro-2019-josemariumb,Lunes Santo,BESO DE JUDAS,Paso de Palio,1992,BM Esperanza de Triana,1988-1993: BM Esperanza de Triana
foro-2019-josemariumb,Lunes Santo,BESO DE JUDAS,Paso de Palio,1993,BM Esperanza de Triana,1988-1993: BM Esperanza de Triana
foro-2019-josemariumb,Lunes Santo,BESO DE JUDAS,Paso de Palio,1994,BM Nuestra Senora del Rocio,1994-1995: BM Nuestra Senora del Rocio
foro-2019-josemariumb,Lunes Santo,BESO DE JUDAS,Paso de Palio,1995,BM Nuestra Senora del Rocio,1994-1995: BM Nuestra Senora del Rocio
foro-2019-josemariumb,Lunes Santo,BESO DE JUDAS,Paso de Palio,1996,Sociedad Filarmonica de Pilas,1996-2004: Sociedad Filarmonica de Pilas
foro-2019-josemariumb,Lunes Santo,BESO DE JUDAS,Paso de Palio,1997,Sociedad Filarmonica de Pilas,1996-2004: Sociedad Filarmonica de Pilas
foro-2019-josemariumb,Lunes Santo,BESO DE JUDAS,Paso de Palio,1998,Sociedad Filarmonica de Pilas,1996-2004: Sociedad Filarmonica de Pilas
foro-2019-josemariumb,Lunes Santo,BESO DE JUDAS,Paso de Palio,1999,Sociedad Filarmonica de Pilas,1996-2004: Sociedad Filarmonica de Pilas
foro-2019-josemariumb,Lunes Santo,BESO DE JUDAS,Paso de Palio,2000,Sociedad Filarmonica de Pilas,1996-2004: Sociedad Filarmonica de Pilas
foro-2019-josemariumb,Lunes Santo,BESO DE JUDAS,Paso de Palio,2001,Sociedad Filarmonica de Pilas,1996-2004: Sociedad Filarmonica de Pilas
foro-2019-josemariumb,Lunes Santo,BESO DE JUDAS,Paso de Palio,2002,Sociedad Filarmonica de Pilas,1996-2004: Sociedad Filarmonica de Pilas
foro-2019-josemariumb,Lunes Santo,BESO DE JUDAS,Paso de Palio,2003,Sociedad Filarmonica de Pilas,1996-2004: Sociedad Filarmonica de Pilas
foro-2019-josemariumb,Lunes Santo,BESO DE JUDAS,Paso de Palio,2004,Sociedad Filarmonica de Pilas,1996-2004: Sociedad Filarmonica de Pilas
foro-2019-josemariumb,Lunes Santo,BESO DE JUDAS,Paso de Palio,2005,BM Municipal de Mairena del Alcor,2005-2007: BM Municipal de Mairena del Alcor
foro-2019-josemariumb,Lunes Santo,BESO DE JUDAS,Paso de Palio,2006,BM Municipal de Mairena del Alcor,2005-2007: BM Municipal de Mairena del Alcor
foro-2019-josemariumb,Lunes Santo,BESO DE JUDAS,Paso de Palio,2007,BM Municipal de Mairena del Alcor,2005-2007: BM Municipal de Mairena del Alcor
foro-2019-josemariumb,Lunes Santo,BESO DE JUDAS,Paso de Palio,2008,BM Santa Maria de las Nieves,2008-2019: BM Santa Maria de las Nieves
foro-2019-josemariumb,Lunes Santo,BESO DE JUDAS,Paso de Palio,2009,BM Santa Maria de las Nieves,2008-2019: BM Santa Maria de las Nieves
foro-2019-josemariumb,Lunes Santo,BESO DE JUDAS,Paso de Palio,2010,BM Santa Maria de las Nieves,2008-2019: BM Santa Maria de las Nieves
foro-2019-josemariumb,Lunes Santo,BESO DE JUDAS,Paso de Palio,2011,BM Santa Maria de las Nieves,2008-2019: BM Santa Maria de las Nieves
foro-2019-josemariumb,Lunes Santo,BESO DE JUDAS,Paso de Palio,2012,BM Santa Maria de las Nieves,2008-2019: BM Santa Maria de las Nieves
foro-2019-josemariumb,Lunes Santo,BESO DE JUDAS,Paso de Palio,2013,BM Santa Maria de las Nieves,2008-2019: BM Santa Maria de las Nieves
foro-2019-josemariumb,Lunes Santo,BESO DE JUDAS,Paso de Palio,2014,BM Santa Maria de las Nieves,2008-2019: BM Santa Maria de las Nieves
foro-2019-josemariumb,Lunes Santo,BESO DE JUDAS,Paso de Palio,2015,BM Santa Maria de las Nieves,2008-2019: BM Santa Maria de las Nieves
foro-2019-josemariumb,Lunes Santo,BESO DE JUDAS,Paso de Palio,2016,BM Santa Maria de las Nieves,2008-2019: BM Santa Maria de las Nieves
foro-2019-josemariumb,Lunes Santo,BESO DE JUDAS,Paso de Palio,2017,BM Santa Maria de las Nieves,2008-2019: BM Santa Maria de las Nieves
foro-2019-josemariumb,Lunes Santo,BESO DE JUDAS,Paso de Palio,2018,BM Santa Maria de las Nieves,2008-2019: BM Santa Maria de las Nieves
foro-2019-josemariumb,Lunes Santo,BESO DE JUDAS,Paso de Palio,2019,BM Santa Maria de las Nieves,2008-2019: BM Santa Maria de las Nieves
foro-2019-josemariumb,Lunes Santo,SANTA GENOVEVA,Paso del Cautivo,1980,CCTT Maestro Paton,1980: CCTT Maestro Paton
foro-2019-josemariumb,Lunes Santo,SANTA GENOVEVA,Paso del Cautivo,1981,AM Victoria de Arahal,1981: AM Victoria de Arahal
foro-2019-josemariumb,Lunes Santo,SANTA GENOVEVA,Paso del Cautivo,1982,AM Ntra. Sra. De las Angustias,1982-1986: AM Ntra. Sra. De las Angustias
foro-2019-josemariumb,Lunes Santo,SANTA GENOVEVA,Paso del Cautivo,1983,AM Ntra. Sra. De las Angustias,1982-1986: AM Ntra. Sra. De las Angustias
foro-2019-josemariumb,Lunes Santo,SANTA GENOVEVA,Paso del Cautivo,1984,AM Ntra. Sra. De las Angustias,1982-1986: AM Ntra. Sra. De las Angustias
foro-2019-josemariumb,Lunes Santo,SANTA GENOVEVA,Paso del Cautivo,1985,AM Ntra. Sra. De las Angustias,1982-1986: AM Ntra. Sra. De las Angustias
foro-2019-josemariumb,Lunes Santo,SANTA GENOVEVA,Paso del Cautivo,1986,AM Ntra. Sra. De las Angustias,1982-1986: AM Ntra. Sra. De las Angustias
foro-2019-josemariumb,Lunes Santo,SANTA GENOVEVA,Paso del Cautivo,1987,AM Trinidad,1987-1990: AM Trinidad
foro-2019-josemariumb,Lunes Santo,SANTA GENOVEVA,Paso del Cautivo,1988,AM Trinidad,1987-1990: AM Trinidad
foro-2019-josemariumb,Lunes Santo,SANTA GENOVEVA,Paso del Cautivo,1989,AM Trinidad,1987-1990: AM Trinidad
foro-2019-josemariumb,Lunes Santo,SANTA GENOVEVA,Paso del Cautivo,1990,AM Trinidad,1987-1990: AM Trinidad
foro-2019-josemariumb,Lunes Santo,SANTA GENOVEVA,Paso del Cautivo,1991,CCTT Sol,1991-1993: CCTT Sol
foro-2019-josemariumb,Lunes Santo,SANTA GENOVEVA,Paso del Cautivo,1992,CCTT Sol,1991-1993: CCTT Sol
foro-2019-josemariumb,Lunes Santo,SANTA GENOVEVA,Paso del Cautivo,1993,CCTT Sol,1991-1993: CCTT Sol
foro-2019-josemariumb,Lunes Santo,SANTA GENOVEVA,Paso del Cautivo,1994,CCTT Tres Caidas,1994-2001: CCTT Tres Caidas
foro-2019-josemariumb,Lunes Santo,SANTA GENOVEVA,Paso del Cautivo,1995,CCTT Tres Caidas,1994-2001: CCTT Tres Caidas
foro-2019-josemariumb,Lunes Santo,SANTA GENOVEVA,Paso del Cautivo,1996,CCTT Tres Caidas,1994-2001: CCTT Tres Caidas
foro-2019-josemariumb,Lunes Santo,SANTA GENOVEVA,Paso del Cautivo,1997,CCTT Tres Caidas,1994-2001: CCTT Tres Caidas
foro-2019-josemariumb,Lunes Santo,SANTA GENOVEVA,Paso del Cautivo,1998,CCTT Tres Caidas,1994-2001: CCTT Tres Caidas
foro-2019-josemariumb,Lunes Santo,SANTA GENOVEVA,Paso del Cautivo,1999,CCTT Tres Caidas,1994-2001: CCTT Tres Caidas
foro-2019-josemariumb,Lunes Santo,SANTA GENOVEVA,Paso del Cautivo,2000,CCTT Tres Caidas,1994-2001: CCTT Tres Caidas
foro-2019-josemariumb,Lunes Santo,SANTA GENOVEVA,Paso del Cautivo,2001,CCTT Tres Caidas,1994-2001: CCTT Tres Caidas
foro-2019-josemariumb,Lunes Santo,SANTA GENOVEVA,Paso del Cautivo,2002,CCTT Jesus Cautivo,2002-2006: CCTT Jesus Cautivo
foro-2019-josemariumb,Lunes Santo,SANTA GENOVEVA,Paso del Cautivo,2003,CCTT Jesus Cautivo,2002-2006: CCTT Jesus Cautivo
foro-2019-josemariumb,Lunes Santo,SANTA GENOVEVA,Paso del Cautivo,2004,CCTT Jesus Cautivo,2002-2006: CCTT Jesus Cautivo
foro-2019-josemariumb,Lunes Santo,SANTA GENOVEVA,Paso del Cautivo,2005,CCTT Jesus Cautivo,2002-2006: CCTT Jesus Cautivo
foro-2019-josemariumb,Lunes Santo,SANTA GENOVEVA,Paso del Cautivo,2006,CCTT Jesus Cautivo,2002-2006: CCTT Jesus Cautivo
foro-2019-josemariumb,Lunes Santo,SANTA GENOVEVA,Paso del Cautivo,2007,CCTT Jesus Cautivo y Santiago Apostol (Sanlucar/Aznalcazar),2007-2010: CCTT Jesus Cautivo y Santiago Apostol (Sanlucar/Aznalcazar)
foro-2019-josemariumb,Lunes Santo,SANTA GENOVEVA,Paso del Cautivo,2008,CCTT Jesus Cautivo y Santiago Apostol (Sanlucar/Aznalcazar),2007-2010: CCTT Jesus Cautivo y Santiago Apostol (Sanlucar/Aznalcazar)
foro-2019-josemariumb,Lunes Santo,SANTA GENOVEVA,Paso del Cautivo,2009,CCTT Jesus Cautivo y Santiago Apostol (Sanlucar/Aznalcazar),2007-2010: CCTT Jesus Cautivo y Santiago Apostol (Sanlucar/Aznalcazar)
foro-2019-josemariumb,Lunes Santo,SANTA GENOVEVA,Paso del Cautivo,2010,CCTT Jesus Cautivo y Santiago Apostol (Sanlucar/Aznalcazar),2007-2010: CCTT Jesus Cautivo y Santiago Apostol (Sanlucar/Aznalcazar)
foro-2019-josemariumb,Lunes Santo,SANTA GENOVEVA,Paso del Cautivo,2011,CCTT Jesus Cautivo,2011-2018: CCTT Jesus Cautivo
foro-2019-josemariumb,Lunes Santo,SANTA GENOVEVA,Paso del Cautivo,2012,CCTT Jesus Cautivo,2011-2018: CCTT Jesus Cautivo
foro-2019-josemariumb,Lunes Santo,SANTA GENOVEVA,Paso del Cautivo,2013,CCTT Jesus Cautivo,2011-2018: CCTT Jesus Cautivo
foro-2019-josemariumb,Lunes Santo,SANTA GENOVEVA,Paso del Cautivo,2014,CCTT Jesus Cautivo,2011-2018: CCTT Jesus Cautivo
foro-2019-josemariumb,Lunes Santo,SANTA GENOVEVA,Paso del Cautivo,2015,CCTT Jesus Cautivo,2011-2018: CCTT Jesus Cautivo
foro-2019-josemariumb,Lunes Santo,SANTA GENOVEVA,Paso del Cautivo,2016,CCTT Jesus Cautivo,2011-2018: CCTT Jesus Cautivo
foro-2019-josemariumb,Lunes Santo,SANTA GENOVEVA,Paso del Cautivo,2017,CCTT Jesus Cautivo,2011-2018: CCTT Jesus Cautivo
foro-2019-josemariumb,Lunes Santo,SANTA GENOVEVA,Paso del Cautivo,2018,CCTT Jesus Cautivo,2011-2018: CCTT Jesus Cautivo
foro-2019-josemariumb,Lunes Santo,SANTA GENOVEVA,Paso del Cautivo,2019,AM Pasion de Linares,2019: AM Pasion de Linares
foro-2019-josemariumb,Lunes Santo,SANTA GENOVEVA,Paso de Palio,1980,BM Maestro Tejera,1980: BM Maestro Tejera
foro-2019-josemariumb,Lunes Santo,SANTA GENOVEVA,Paso de Palio,1981,BM Nuestra Senora del Carmen de Salteras,1981-2019: BM Nuestra Senora del Carmen de Salteras
foro-2019-josemariumb,Lunes Santo,SANTA GENOVEVA,Paso de Palio,1982,BM Nuestra Senora del Carmen de Salteras,1981-2019: BM Nuestra Senora del Carmen de Salteras
foro-2019-josemariumb,Lunes Santo,SANTA GENOVEVA,Paso de Palio,1983,BM Nuestra Senora del Carmen de Salteras,1981-2019: BM Nuestra Senora del Carmen de Salteras
foro-2019-josemariumb,Lunes Santo,SANTA GENOVEVA,Paso de Palio,1984,BM Nuestra Senora del Carmen de Salteras,1981-2019: BM Nuestra Senora del Carmen de Salteras
foro-2019-josemariumb,Lunes Santo,SANTA GENOVEVA,Paso de Palio,1985,BM Nuestra Senora del Carmen de Salteras,1981-2019: BM Nuestra Senora del Carmen de Salteras
foro-2019-josemariumb,Lunes Santo,SANTA GENOVEVA,Paso de Palio,1986,BM Nuestra Senora del Carmen de Salteras,1981-2019: BM Nuestra Senora del Carmen de Salteras
foro-2019-josemariumb,Lunes Santo,SANTA GENOVEVA,Paso de Palio,1987,BM Nuestra Senora del Carmen de Salteras,1981-2019: BM Nuestra Senora del Carmen de Salteras
foro-2019-josemariumb,Lunes Santo,SANTA GENOVEVA,Paso de Palio,1988,BM Nuestra Senora del Carmen de Salteras,1981-2019: BM Nuestra Senora del Carmen de Salteras
foro-2019-josemariumb,Lunes Santo,SANTA GENOVEVA,Paso de Palio,1989,BM Nuestra Senora del Carmen de Salteras,1981-2019: BM Nuestra Senora del Carmen de Salteras
foro-2019-josemariumb,Lunes Santo,SANTA GENOVEVA,Paso de Palio,1990,BM Nuestra Senora del Carmen de Salteras,1981-2019: BM Nuestra Senora del Carmen de Salteras
foro-2019-josemariumb,Lunes Santo,SANTA GENOVEVA,Paso de Palio,1991,BM Nuestra Senora del Carmen de Salteras,1981-2019: BM Nuestra Senora del Carmen de Salteras
foro-2019-josemariumb,Lunes Santo,SANTA GENOVEVA,Paso de Palio,1992,BM Nuestra Senora del Carmen de Salteras,1981-2019: BM Nuestra Senora del Carmen de Salteras
foro-2019-josemariumb,Lunes Santo,SANTA GENOVEVA,Paso de Palio,1993,BM Nuestra Senora del Carmen de Salteras,1981-2019: BM Nuestra Senora del Carmen de Salteras
foro-2019-josemariumb,Lunes Santo,SANTA GENOVEVA,Paso de Palio,1994,BM Nuestra Senora del Carmen de Salteras,1981-2019: BM Nuestra Senora del Carmen de Salteras
foro-2019-josemariumb,Lunes Santo,SANTA GENOVEVA,Paso de Palio,1995,BM Nuestra Senora del Carmen de Salteras,1981-2019: BM Nuestra Senora del Carmen de Salteras
foro-2019-josemariumb,Lunes Santo,SANTA GENOVEVA,Paso de Palio,1996,BM Nuestra Senora del Carmen de Salteras,1981-2019: BM Nuestra Senora del Carmen de Salteras
foro-2019-josemariumb,Lunes Santo,SANTA GENOVEVA,Paso de Palio,1997,BM Nuestra Senora del Carmen de Salteras,1981-2019: BM Nuestra Senora del Carmen de Salteras
foro-2019-josemariumb,Lunes Santo,SANTA GENOVEVA,Paso de Palio,1998,BM Nuestra Senora del Carmen de Salteras,1981-2019: BM Nuestra Senora del Carmen de Salteras
foro-2019-josemariumb,Lunes Santo,SANTA GENOVEVA,Paso de Palio,1999,BM Nuestra Senora del Carmen de Salteras,1981-2019: BM Nuestra Senora del Carmen de Salteras
foro-2019-josemariumb,Lunes Santo,SANTA GENOVEVA,Paso de Palio,2000,BM Nuestra Senora del Carmen de Salteras,1981-2019: BM Nuestra Senora del Carmen de Salteras
foro-2019-josemariumb,Lunes Santo,SANTA GENOVEVA,Paso de Palio,2001,BM Nuestra Senora del Carmen de Salteras,1981-2019: BM Nuestra Senora del Carmen de Salteras
foro-2019-josemariumb,Lunes Santo,SANTA GENOVEVA,Paso de Palio,2002,BM Nuestra Senora del Carmen de Salteras,1981-2019: BM Nuestra Senora del Carmen de Salteras
foro-2019-josemariumb,Lunes Santo,SANTA GENOVEVA,Paso de Palio,2003,BM Nuestra Senora del Carmen de Salteras,1981-2019: BM Nuestra Senora del Carmen de Salteras
foro-2019-josemariumb,Lunes Santo,SANTA GENOVEVA,Paso de Palio,2004,BM Nuestra Senora del Carmen de Salteras,1981-2019: BM Nuestra Senora del Carmen de Salteras
foro-2019-josemariumb,Lunes Santo,SANTA GENOVEVA,Paso de Palio,2005,BM Nuestra Senora del Carmen de Salteras,1981-2019: BM Nuestra Senora del Carmen de Salteras
foro-2019-josemariumb,Lunes Santo,SANTA GENOVEVA,Paso de Palio,2006,BM Nuestra Senora del Carmen de Salteras,1981-2019: BM Nuestra Senora del Carmen de Salteras
foro-2019-josemariumb,Lunes Santo,SANTA GENOVEVA,Paso de Palio,2007,BM Nuestra Senora del Carmen de Salteras,1981-2019: BM Nuestra Senora del Carmen de Salteras
foro-2019-josemariumb,Lunes Santo,SANTA GENOVEVA,Paso de Palio,2008,BM Nuestra Senora del Carmen de Salteras,1981-2019: BM Nuestra Senora del Carmen de Salteras
foro-2019-josemariumb,Lunes Santo,SANTA GENOVEVA,Paso de Palio,2009,BM Nuestra Senora del Carmen de Salteras,1981-2019: BM Nuestra Senora del Carmen de Salteras
foro-2019-josemariumb,Lunes Santo,SANTA GENOVEVA,Paso de Palio,2010,BM Nuestra Senora del Carmen de Salteras,1981-2019: BM Nuestra Senora del Carmen de Salteras
foro-2019-josemariumb,Lunes Santo,SANTA GENOVEVA,Paso de Palio,2011,BM Nuestra Senora del Carmen de Salteras,1981-2019: BM Nuestra Senora del Carmen de Salteras
foro-2019-josemariumb,Lunes Santo,SANTA GENOVEVA,Paso de Palio,2012,BM Nuestra Senora del Carmen de Salteras,1981-2019: BM Nuestra Senora del Carmen de Salteras
foro-2019-josemariumb,Lunes Santo,SANTA GENOVEVA,Paso de Palio,2013,BM Nuestra Senora del Carmen de Salteras,1981-2019: BM Nuestra Senora del Carmen de Salteras
foro-2019-josemariumb,Lunes Santo,SANTA GENOVEVA,Paso de Palio,2014,BM Nuestra Senora del Carmen de Salteras,1981-2019: BM Nuestra Senora del Carmen de Salteras
foro-2019-josemariumb,Lunes Santo,SANTA GENOVEVA,Paso de Palio,2015,BM Nuestra Senora del Carmen de Salteras,1981-2019: BM Nuestra Senora del Carmen de Salteras
foro-2019-josemariumb,Lunes Santo,SANTA GENOVEVA,Paso de Palio,2016,BM Nuestra Senora del Carmen de Salteras,1981-2019: BM Nuestra Senora del Carmen de Salteras
foro-2019-josemariumb,Lunes Santo,SANTA GENOVEVA,Paso de Palio,2017,BM Nuestra Senora del Carmen de Salteras,1981-2019: BM Nuestra Senora del Carmen de Salteras
foro-2019-josemariumb,Lunes Santo,SANTA GENOVEVA,Paso de Palio,2018,BM Nuestra Senora del Carmen de Salteras,1981-2019: BM Nuestra Senora del Carmen de Salteras
foro-2019-josemariumb,Lunes Santo,SANTA GENOVEVA,Paso de Palio,2019,BM Nuestra Senora del Carmen de Salteras,1981-2019: BM Nuestra Senora del Carmen de Salteras
foro-2019-josemariumb,Lunes Santo,SAN GONZALO,Paso de Misterio,1980,CCTT de la Policia Municipal,1980: CCTT de la Policia Municipal
foro-2019-josemariumb,Lunes Santo,SAN GONZALO,Paso de Misterio,1981,CCTT Las Cigarreras,1981-1983: CCTT Las Cigarreras
foro-2019-josemariumb,Lunes Santo,SAN GONZALO,Paso de Misterio,1982,CCTT Las Cigarreras,1981-1983: CCTT Las Cigarreras
foro-2019-josemariumb,Lunes Santo,SAN GONZALO,Paso de Misterio,1983,CCTT Las Cigarreras,1981-1983: CCTT Las Cigarreras
foro-2019-josemariumb,Lunes Santo,SAN GONZALO,Paso de Misterio,1984,CCTT Tres Caidas,1984: CCTT Tres Caidas
foro-2019-josemariumb,Lunes Santo,SAN GONZALO,Paso de Misterio,1985,CCTT Las Cigarreras,1985-2019: CCTT Las Cigarreras
foro-2019-josemariumb,Lunes Santo,SAN GONZALO,Paso de Misterio,1986,CCTT Las Cigarreras,1985-2019: CCTT Las Cigarreras
foro-2019-josemariumb,Lunes Santo,SAN GONZALO,Paso de Misterio,1987,CCTT Las Cigarreras,1985-2019: CCTT Las Cigarreras
foro-2019-josemariumb,Lunes Santo,SAN GONZALO,Paso de Misterio,1988,CCTT Las Cigarreras,1985-2019: CCTT Las Cigarreras
foro-2019-josemariumb,Lunes Santo,SAN GONZALO,Paso de Misterio,1989,CCTT Las Cigarreras,1985-2019: CCTT Las Cigarreras
foro-2019-josemariumb,Lunes Santo,SAN GONZALO,Paso de Misterio,1990,CCTT Las Cigarreras,1985-2019: CCTT Las Cigarreras
foro-2019-josemariumb,Lunes Santo,SAN GONZALO,Paso de Misterio,1991,CCTT Las Cigarreras,1985-2019: CCTT Las Cigarreras
foro-2019-josemariumb,Lunes Santo,SAN GONZALO,Paso de Misterio,1992,CCTT Las Cigarreras,1985-2019: CCTT Las Cigarreras
foro-2019-josemariumb,Lunes Santo,SAN GONZALO,Paso de Misterio,1993,CCTT Las Cigarreras,1985-2019: CCTT Las Cigarreras
foro-2019-josemariumb,Lunes Santo,SAN GONZALO,Paso de Misterio,1994,CCTT Las Cigarreras,1985-2019: CCTT Las Cigarreras
foro-2019-josemariumb,Lunes Santo,SAN GONZALO,Paso de Misterio,1995,CCTT Las Cigarreras,1985-2019: CCTT Las Cigarreras
foro-2019-josemariumb,Lunes Santo,SAN GONZALO,Paso de Misterio,1996,CCTT Las Cigarreras,1985-2019: CCTT Las Cigarreras
foro-2019-josemariumb,Lunes Santo,SAN GONZALO,Paso de Misterio,1997,CCTT Las Cigarreras,1985-2019: CCTT Las Cigarreras
foro-2019-josemariumb,Lunes Santo,SAN GONZALO,Paso de Misterio,1998,CCTT Las Cigarreras,1985-2019: CCTT Las Cigarreras
foro-2019-josemariumb,Lunes Santo,SAN GONZALO,Paso de Misterio,1999,CCTT Las Cigarreras,1985-2019: CCTT Las Cigarreras
foro-2019-josemariumb,Lunes Santo,SAN GONZALO,Paso de Misterio,2000,CCTT Las Cigarreras,1985-2019: CCTT Las Cigarreras
foro-2019-josemariumb,Lunes Santo,SAN GONZALO,Paso de Misterio,2001,CCTT Las Cigarreras,1985-2019: CCTT Las Cigarreras
foro-2019-josemariumb,Lunes Santo,SAN GONZALO,Paso de Misterio,2002,CCTT Las Cigarreras,1985-2019: CCTT Las Cigarreras
foro-2019-josemariumb,Lunes Santo,SAN GONZALO,Paso de Misterio,2003,CCTT Las Cigarreras,1985-2019: CCTT Las Cigarreras
foro-2019-josemariumb,Lunes Santo,SAN GONZALO,Paso de Misterio,2004,CCTT Las Cigarreras,1985-2019: CCTT Las Cigarreras
foro-2019-josemariumb,Lunes Santo,SAN GONZALO,Paso de Misterio,2005,CCTT Las Cigarreras,1985-2019: CCTT Las Cigarreras
foro-2019-josemariumb,Lunes Santo,SAN GONZALO,Paso de Misterio,2006,CCTT Las Cigarreras,1985-2019: CCTT Las Cigarreras
foro-2019-josemariumb,Lunes Santo,SAN GONZALO,Paso de Misterio,2007,CCTT Las Cigarreras,1985-2019: CCTT Las Cigarreras
foro-2019-josemariumb,Lunes Santo,SAN GONZALO,Paso de Misterio,2008,CCTT Las Cigarreras,1985-2019: CCTT Las Cigarreras
foro-2019-josemariumb,Lunes Santo,SAN GONZALO,Paso de Misterio,2009,CCTT Las Cigarreras,1985-2019: CCTT Las Cigarreras
foro-2019-josemariumb,Lunes Santo,SAN GONZALO,Paso de Misterio,2010,CCTT Las Cigarreras,1985-2019: CCTT Las Cigarreras
foro-2019-josemariumb,Lunes Santo,SAN GONZALO,Paso de Misterio,2011,CCTT Las Cigarreras,1985-2019: CCTT Las Cigarreras
foro-2019-josemariumb,Lunes Santo,SAN GONZALO,Paso de Misterio,2012,CCTT Las Cigarreras,1985-2019: CCTT Las Cigarreras
foro-2019-josemariumb,Lunes Santo,SAN GONZALO,Paso de Misterio,2013,CCTT Las Cigarreras,1985-2019: CCTT Las Cigarreras
foro-2019-josemariumb,Lunes Santo,SAN GONZALO,Paso de Misterio,2014,CCTT Las Cigarreras,1985-2019: CCTT Las Cigarreras
foro-2019-josemariumb,Lunes Santo,SAN GONZALO,Paso de Misterio,2015,CCTT Las Cigarreras,1985-2019: CCTT Las Cigarreras
foro-2019-josemariumb,Lunes Santo,SAN GONZALO,Paso de Misterio,2016,CCTT Las Cigarreras,1985-2019: CCTT Las Cigarreras
foro-2019-josemariumb,Lunes Santo,SAN GONZALO,Paso de Misterio,2017,CCTT Las Cigarreras,1985-2019: CCTT Las Cigarreras
foro-2019-josemariumb,Lunes Santo,SAN GONZALO,Paso de Misterio,2018,CCTT Las Cigarreras,1985-2019: CCTT Las Cigarreras
foro-2019-josemariumb,Lunes Santo,SAN GONZALO,Paso de Misterio,2019,CCTT Las Cigarreras,1985-2019: CCTT Las Cigarreras
foro-2019-josemariumb,Lunes Santo,SAN GONZALO,Paso de Palio,1980,BM Santa Cecilia,1980-1984: BM Santa Cecilia
foro-2019-josemariumb,Lunes Santo,SAN GONZALO,Paso de Palio,1981,BM Santa Cecilia,1980-1984: BM Santa Cecilia
foro-2019-josemariumb,Lunes Santo,SAN GONZALO,Paso de Palio,1982,BM Santa Cecilia,1980-1984: BM Santa Cecilia
foro-2019-josemariumb,Lunes Santo,SAN GONZALO,Paso de Palio,1983,BM Santa Cecilia,1980-1984: BM Santa Cecilia
foro-2019-josemariumb,Lunes Santo,SAN GONZALO,Paso de Palio,1984,BM Santa Cecilia,1980-1984: BM Santa Cecilia
foro-2019-josemariumb,Lunes Santo,SAN GONZALO,Paso de Palio,1985,BM Nuestra Senora de la Soledad de la Algaba,1985-1988: BM Nuestra Senora de la Soledad de la Algaba
foro-2019-josemariumb,Lunes Santo,SAN GONZALO,Paso de Palio,1986,BM Nuestra Senora de la Soledad de la Algaba,1985-1988: BM Nuestra Senora de la Soledad de la Algaba
foro-2019-josemariumb,Lunes Santo,SAN GONZALO,Paso de Palio,1987,BM Nuestra Senora de la Soledad de la Algaba,1985-1988: BM Nuestra Senora de la Soledad de la Algaba
foro-2019-josemariumb,Lunes Santo,SAN GONZALO,Paso de Palio,1988,BM Nuestra Senora de la Soledad de la Algaba,1985-1988: BM Nuestra Senora de la Soledad de la Algaba
foro-2019-josemariumb,Lunes Santo,SAN GONZALO,Paso de Palio,1989,BM Nuestra Senora de la Oliva de Salteras,1989-2004: BM Nuestra Senora de la Oliva de Salteras
foro-2019-josemariumb,Lunes Santo,SAN GONZALO,Paso de Palio,1990,BM Nuestra Senora de la Oliva de Salteras,1989-2004: BM Nuestra Senora de la Oliva de Salteras
foro-2019-josemariumb,Lunes Santo,SAN GONZALO,Paso de Palio,1991,BM Nuestra Senora de la Oliva de Salteras,1989-2004: BM Nuestra Senora de la Oliva de Salteras
foro-2019-josemariumb,Lunes Santo,SAN GONZALO,Paso de Palio,1992,BM Nuestra Senora de la Oliva de Salteras,1989-2004: BM Nuestra Senora de la Oliva de Salteras
foro-2019-josemariumb,Lunes Santo,SAN GONZALO,Paso de Palio,1993,BM Nuestra Senora de la Oliva de Salteras,1989-2004: BM Nuestra Senora de la Oliva de Salteras
foro-2019-josemariumb,Lunes Santo,SAN GONZALO,Paso de Palio,1994,BM Nuestra Senora de la Oliva de Salteras,1989-2004: BM Nuestra Senora de la Oliva de Salteras
foro-2019-josemariumb,Lunes Santo,SAN GONZALO,Paso de Palio,1995,BM Nuestra Senora de la Oliva de Salteras,1989-2004: BM Nuestra Senora de la Oliva de Salteras
foro-2019-josemariumb,Lunes Santo,SAN GONZALO,Paso de Palio,1996,BM Nuestra Senora de la Oliva de Salteras,1989-2004: BM Nuestra Senora de la Oliva de Salteras
foro-2019-josemariumb,Lunes Santo,SAN GONZALO,Paso de Palio,1997,BM Nuestra Senora de la Oliva de Salteras,1989-2004: BM Nuestra Senora de la Oliva de Salteras
foro-2019-josemariumb,Lunes Santo,SAN GONZALO,Paso de Palio,1998,BM Nuestra Senora de la Oliva de Salteras,1989-2004: BM Nuestra Senora de la Oliva de Salteras
foro-2019-josemariumb,Lunes Santo,SAN GONZALO,Paso de Palio,1999,BM Nuestra Senora de la Oliva de Salteras,1989-2004: BM Nuestra Senora de la Oliva de Salteras
foro-2019-josemariumb,Lunes Santo,SAN GONZALO,Paso de Palio,2000,BM Nuestra Senora de la Oliva de Salteras,1989-2004: BM Nuestra Senora de la Oliva de Salteras
foro-2019-josemariumb,Lunes Santo,SAN GONZALO,Paso de Palio,2001,BM Nuestra Senora de la Oliva de Salteras,1989-2004: BM Nuestra Senora de la Oliva de Salteras
foro-2019-josemariumb,Lunes Santo,SAN GONZALO,Paso de Palio,2002,BM Nuestra Senora de la Oliva de Salteras,1989-2004: BM Nuestra Senora de la Oliva de Salteras
foro-2019-josemariumb,Lunes Santo,SAN GONZALO,Paso de Palio,2003,BM Nuestra Senora de la Oliva de Salteras,1989-2004: BM Nuestra Senora de la Oliva de Salteras
foro-2019-josemariumb,Lunes Santo,SAN GONZALO,Paso de Palio,2004,BM Nuestra Senora de la Oliva de Salteras,1989-2004: BM Nuestra Senora de la Oliva de Salteras
foro-2019-josemariumb,Lunes Santo,SAN GONZALO,Paso de Palio,2005,BM Santa Ana,2005-2019: BM Santa Ana
foro-2019-josemariumb,Lunes Santo,SAN GONZALO,Paso de Palio,2006,BM Santa Ana,2005-2019: BM Santa Ana
foro-2019-josemariumb,Lunes Santo,SAN GONZALO,Paso de Palio,2007,BM Santa Ana,2005-2019: BM Santa Ana
foro-2019-josemariumb,Lunes Santo,SAN GONZALO,Paso de Palio,2008,BM Santa Ana,2005-2019: BM Santa Ana
foro-2019-josemariumb,Lunes Santo,SAN GONZALO,Paso de Palio,2009,BM Santa Ana,2005-2019: BM Santa Ana
foro-2019-josemariumb,Lunes Santo,SAN GONZALO,Paso de Palio,2010,BM Santa Ana,2005-2019: BM Santa Ana
foro-2019-josemariumb,Lunes Santo,SAN GONZALO,Paso de Palio,2011,BM Santa Ana,2005-2019: BM Santa Ana
foro-2019-josemariumb,Lunes Santo,SAN GONZALO,Paso de Palio,2012,BM Santa Ana,2005-2019: BM Santa Ana
foro-2019-josemariumb,Lunes Santo,SAN GONZALO,Paso de Palio,2013,BM Santa Ana,2005-2019: BM Santa Ana
foro-2019-josemariumb,Lunes Santo,SAN GONZALO,Paso de Palio,2014,BM Santa Ana,2005-2019: BM Santa Ana
foro-2019-josemariumb,Lunes Santo,SAN GONZALO,Paso de Palio,2015,BM Santa Ana,2005-2019: BM Santa Ana
foro-2019-josemariumb,Lunes Santo,SAN GONZALO,Paso de Palio,2016,BM Santa Ana,2005-2019: BM Santa Ana
foro-2019-josemariumb,Lunes Santo,SAN GONZALO,Paso de Palio,2017,BM Santa Ana,2005-2019: BM Santa Ana
foro-2019-josemariumb,Lunes Santo,SAN GONZALO,Paso de Palio,2018,BM Santa Ana,2005-2019: BM Santa Ana
foro-2019-josemariumb,Lunes Santo,SAN GONZALO,Paso de Palio,2019,BM Santa Ana,2005-2019: BM Santa Ana
foro-2019-josemariumb,Lunes Santo,LAS AGUAS,Paso de Misterio,1980,CCTT Centuria Macarena,1979-1998: CCTT Centuria Macarena
foro-2019-josemariumb,Lunes Santo,LAS AGUAS,Paso de Misterio,1981,CCTT Centuria Macarena,1979-1998: CCTT Centuria Macarena
foro-2019-josemariumb,Lunes Santo,LAS AGUAS,Paso de Misterio,1982,CCTT Centuria Macarena,1979-1998: CCTT Centuria Macarena
foro-2019-josemariumb,Lunes Santo,LAS AGUAS,Paso de Misterio,1983,CCTT Centuria Macarena,1979-1998: CCTT Centuria Macarena
foro-2019-josemariumb,Lunes Santo,LAS AGUAS,Paso de Misterio,1984,CCTT Centuria Macarena,1979-1998: CCTT Centuria Macarena
foro-2019-josemariumb,Lunes Santo,LAS AGUAS,Paso de Misterio,1985,CCTT Centuria Macarena,1979-1998: CCTT Centuria Macarena
foro-2019-josemariumb,Lunes Santo,LAS AGUAS,Paso de Misterio,1986,CCTT Centuria Macarena,1979-1998: CCTT Centuria Macarena
foro-2019-josemariumb,Lunes Santo,LAS AGUAS,Paso de Misterio,1987,CCTT Centuria Macarena,1979-1998: CCTT Centuria Macarena
foro-2019-josemariumb,Lunes Santo,LAS AGUAS,Paso de Misterio,1988,CCTT Centuria Macarena,1979-1998: CCTT Centuria Macarena
foro-2019-josemariumb,Lunes Santo,LAS AGUAS,Paso de Misterio,1989,CCTT Centuria Macarena,1979-1998: CCTT Centuria Macarena
foro-2019-josemariumb,Lunes Santo,LAS AGUAS,Paso de Misterio,1990,CCTT Centuria Macarena,1979-1998: CCTT Centuria Macarena
foro-2019-josemariumb,Lunes Santo,LAS AGUAS,Paso de Misterio,1991,CCTT Centuria Macarena,1979-1998: CCTT Centuria Macarena
foro-2019-josemariumb,Lunes Santo,LAS AGUAS,Paso de Misterio,1992,CCTT Centuria Macarena,1979-1998: CCTT Centuria Macarena
foro-2019-josemariumb,Lunes Santo,LAS AGUAS,Paso de Misterio,1993,CCTT Centuria Macarena,1979-1998: CCTT Centuria Macarena
foro-2019-josemariumb,Lunes Santo,LAS AGUAS,Paso de Misterio,1994,CCTT Centuria Macarena,1979-1998: CCTT Centuria Macarena
foro-2019-josemariumb,Lunes Santo,LAS AGUAS,Paso de Misterio,1995,CCTT Centuria Macarena,1979-1998: CCTT Centuria Macarena
foro-2019-josemariumb,Lunes Santo,LAS AGUAS,Paso de Misterio,1996,CCTT Centuria Macarena,1979-1998: CCTT Centuria Macarena
foro-2019-josemariumb,Lunes Santo,LAS AGUAS,Paso de Misterio,1997,CCTT Centuria Macarena,1979-1998: CCTT Centuria Macarena
foro-2019-josemariumb,Lunes Santo,LAS AGUAS,Paso de Misterio,1998,CCTT Centuria Macarena,1979-1998: CCTT Centuria Macarena
foro-2019-josemariumb,Lunes Santo,LAS AGUAS,Paso de Misterio,1999,CCTT Sol,1999-2012: CCTT Sol
foro-2019-josemariumb,Lunes Santo,LAS AGUAS,Paso de Misterio,2000,CCTT Sol,1999-2012: CCTT Sol
foro-2019-josemariumb,Lunes Santo,LAS AGUAS,Paso de Misterio,2001,CCTT Sol,1999-2012: CCTT Sol
foro-2019-josemariumb,Lunes Santo,LAS AGUAS,Paso de Misterio,2002,CCTT Sol,1999-2012: CCTT Sol
foro-2019-josemariumb,Lunes Santo,LAS AGUAS,Paso de Misterio,2003,CCTT Sol,1999-2012: CCTT Sol
foro-2019-josemariumb,Lunes Santo,LAS AGUAS,Paso de Misterio,2004,CCTT Sol,1999-2012: CCTT Sol
foro-2019-josemariumb,Lunes Santo,LAS AGUAS,Paso de Misterio,2005,CCTT Sol,1999-2012: CCTT Sol
foro-2019-josemariumb,Lunes Santo,LAS AGUAS,Paso de Misterio,2006,CCTT Sol,1999-2012: CCTT Sol
foro-2019-josemariumb,Lunes Santo,LAS AGUAS,Paso de Misterio,2007,CCTT Sol,1999-2012: CCTT Sol
foro-2019-josemariumb,Lunes Santo,LAS AGUAS,Paso de Misterio,2008,CCTT Sol,1999-2012: CCTT Sol
foro-2019-josemariumb,Lunes Santo,LAS AGUAS,Paso de Misterio,2009,CCTT Sol,1999-2012: CCTT Sol
foro-2019-josemariumb,Lunes Santo,LAS AGUAS,Paso de Misterio,2010,CCTT Sol,1999-2012: CCTT Sol
foro-2019-josemariumb,Lunes Santo,LAS AGUAS,Paso de Misterio,2011,CCTT Sol,1999-2012: CCTT Sol
foro-2019-josemariumb,Lunes Santo,LAS AGUAS,Paso de Misterio,2012,CCTT Sol,1999-2012: CCTT Sol
foro-2019-josemariumb,Lunes Santo,LAS AGUAS,Paso de Misterio,2013,CCTT Tres Caidas,2013-2018: CCTT Tres Caidas
foro-2019-josemariumb,Lunes Santo,LAS AGUAS,Paso de Misterio,2014,CCTT Tres Caidas,2013-2018: CCTT Tres Caidas
foro-2019-josemariumb,Lunes Santo,LAS AGUAS,Paso de Misterio,2015,CCTT Tres Caidas,2013-2018: CCTT Tres Caidas
foro-2019-josemariumb,Lunes Santo,LAS AGUAS,Paso de Misterio,2016,CCTT Tres Caidas,2013-2018: CCTT Tres Caidas
foro-2019-josemariumb,Lunes Santo,LAS AGUAS,Paso de Misterio,2017,CCTT Tres Caidas,2013-2018: CCTT Tres Caidas
foro-2019-josemariumb,Lunes Santo,LAS AGUAS,Paso de Misterio,2018,CCTT Tres Caidas,2013-2018: CCTT Tres Caidas
foro-2019-josemariumb,Lunes Santo,LAS AGUAS,Paso de Misterio,2019,CCTT Rosario de Cadiz,2019: CCTT Rosario de Cadiz
foro-2019-josemariumb,Lunes Santo,LAS AGUAS,Paso de Palio,1980,BM Nuestra Senora de la Hiniesta (Cruz Roja),1979-1980: BM Nuestra Senora de la Hiniesta (Cruz Roja)
foro-2019-josemariumb,Lunes Santo,LAS AGUAS,Paso de Palio,1981,BM Cruz Roja,1981-1998: BM Cruz Roja
foro-2019-josemariumb,Lunes Santo,LAS AGUAS,Paso de Palio,1982,BM Cruz Roja,1981-1998: BM Cruz Roja
foro-2019-josemariumb,Lunes Santo,LAS AGUAS,Paso de Palio,1983,BM Cruz Roja,1981-1998: BM Cruz Roja
foro-2019-josemariumb,Lunes Santo,LAS AGUAS,Paso de Palio,1984,BM Cruz Roja,1981-1998: BM Cruz Roja
foro-2019-josemariumb,Lunes Santo,LAS AGUAS,Paso de Palio,1985,BM Cruz Roja,1981-1998: BM Cruz Roja
foro-2019-josemariumb,Lunes Santo,LAS AGUAS,Paso de Palio,1986,BM Cruz Roja,1981-1998: BM Cruz Roja
foro-2019-josemariumb,Lunes Santo,LAS AGUAS,Paso de Palio,1987,BM Cruz Roja,1981-1998: BM Cruz Roja
foro-2019-josemariumb,Lunes Santo,LAS AGUAS,Paso de Palio,1988,BM Cruz Roja,1981-1998: BM Cruz Roja
foro-2019-josemariumb,Lunes Santo,LAS AGUAS,Paso de Palio,1989,BM Cruz Roja,1981-1998: BM Cruz Roja
foro-2019-josemariumb,Lunes Santo,LAS AGUAS,Paso de Palio,1990,BM Cruz Roja,1981-1998: BM Cruz Roja
foro-2019-josemariumb,Lunes Santo,LAS AGUAS,Paso de Palio,1991,BM Cruz Roja,1981-1998: BM Cruz Roja
foro-2019-josemariumb,Lunes Santo,LAS AGUAS,Paso de Palio,1992,BM Cruz Roja,1981-1998: BM Cruz Roja
foro-2019-josemariumb,Lunes Santo,LAS AGUAS,Paso de Palio,1993,BM Cruz Roja,1981-1998: BM Cruz Roja
foro-2019-josemariumb,Lunes Santo,LAS AGUAS,Paso de Palio,1994,BM Cruz Roja,1981-1998: BM Cruz Roja
foro-2019-josemariumb,Lunes Santo,LAS AGUAS,Paso de Palio,1995,BM Cruz Roja,1981-1998: BM Cruz Roja
foro-2019-josemariumb,Lunes Santo,LAS AGUAS,Paso de Palio,1996,BM Cruz Roja,1981-1998: BM Cruz Roja
foro-2019-josemariumb,Lunes Santo,LAS AGUAS,Paso de Palio,1997,BM Cruz Roja,1981-1998: BM Cruz Roja
foro-2019-josemariumb,Lunes Santo,LAS AGUAS,Paso de Palio,1998,BM Cruz Roja,1981-1998: BM Cruz Roja
foro-2019-josemariumb,Lunes Santo,LAS AGUAS,Paso de Palio,1999,BM Esperanza de Triana,1999-2003: BM Esperanza de Triana
foro-2019-josemariumb,Lunes Santo,LAS AGUAS,Paso de Palio,2000,BM Esperanza de Triana,1999-2003: BM Esperanza de Triana
foro-2019-josemariumb,Lunes Santo,LAS AGUAS,Paso de Palio,2001,BM Esperanza de Triana,1999-2003: BM Esperanza de Triana
foro-2019-josemariumb,Lunes Santo,LAS AGUAS,Paso de Palio,2002,BM Esperanza de Triana,1999-2003: BM Esperanza de Triana
foro-2019-josemariumb,Lunes Santo,LAS AGUAS,Paso de Palio,2003,BM Esperanza de Triana,1999-2003: BM Esperanza de Triana
foro-2019-josemariumb,Lunes Santo,LAS AGUAS,Paso de Palio,2004,BM Cruz Roja,2004-2007: BM Cruz Roja
foro-2019-josemariumb,Lunes Santo,LAS AGUAS,Paso de Palio,2005,BM Cruz Roja,2004-2007: BM Cruz Roja
foro-2019-josemariumb,Lunes Santo,LAS AGUAS,Paso de Palio,2006,BM Cruz Roja,2004-2007: BM Cruz Roja
foro-2019-josemariumb,Lunes Santo,LAS AGUAS,Paso de Palio,2007,BM Cruz Roja,2004-2007: BM Cruz Roja
foro-2019-josemariumb,Lunes Santo,LAS AGUAS,Paso de Palio,2008,Banda Municipal de La Puebla del Rio,2008-2012: Banda Municipal de La Puebla del Rio
foro-2019-josemariumb,Lunes Santo,LAS AGUAS,Paso de Palio,2009,Banda Municipal de La Puebla del Rio,2008-2012: Banda Municipal de La Puebla del Rio
foro-2019-josemariumb,Lunes Santo,LAS AGUAS,Paso de Palio,2010,Banda Municipal de La Puebla del Rio,2008-2012: Banda Municipal de La Puebla del Rio
foro-2019-josemariumb,Lunes Santo,LAS AGUAS,Paso de Palio,2011,Banda Municipal de La Puebla del Rio,2008-2012: Banda Municipal de La Puebla del Rio
foro-2019-josemariumb,Lunes Santo,LAS AGUAS,Paso de Palio,2012,Banda Municipal de La Puebla del Rio,2008-2012: Banda Municipal de La Puebla del Rio
foro-2019-josemariumb,Lunes Santo,LAS AGUAS,Paso de Palio,2013,Banda Municipal de Mairena del Alcor,2013-2019: Banda Municipal de Mairena del Alcor
foro-2019-josemariumb,Lunes Santo,LAS AGUAS,Paso de Palio,2014,Banda Municipal de Mairena del Alcor,2013-2019: Banda Municipal de Mairena del Alcor
foro-2019-josemariumb,Lunes Santo,LAS AGUAS,Paso de Palio,2015,Banda Municipal de Mairena del Alcor,2013-2019: Banda Municipal de Mairena del Alcor
foro-2019-josemariumb,Lunes Santo,LAS AGUAS,Paso de Palio,2016,Banda Municipal de Mairena del Alcor,2013-2019: Banda Municipal de Mairena del Alcor
foro-2019-josemariumb,Lunes Santo,LAS AGUAS,Paso de Palio,2017,Banda Municipal de Mairena del Alcor,2013-2019: Banda Municipal de Mairena del Alcor
foro-2019-josemariumb,Lunes Santo,LAS AGUAS,Paso de Palio,2018,Banda Municipal de Mairena del Alcor,2013-2019: Banda Municipal de Mairena del Alcor
foro-2019-josemariumb,Lunes Santo,LAS AGUAS,Paso de Palio,2019,Banda Municipal de Mairena del Alcor,2013-2019: Banda Municipal de Mairena del Alcor
foro-2019-josemariumb,Lunes Santo,MUSEO,Paso de Palio,1980,BM La Inmaculada (Soria 9),1979-1984: BM La Inmaculada (Soria 9)
foro-2019-josemariumb,Lunes Santo,MUSEO,Paso de Palio,1981,BM La Inmaculada (Soria 9),1979-1984: BM La Inmaculada (Soria 9)
foro-2019-josemariumb,Lunes Santo,MUSEO,Paso de Palio,1982,BM La Inmaculada (Soria 9),1979-1984: BM La Inmaculada (Soria 9)
foro-2019-josemariumb,Lunes Santo,MUSEO,Paso de Palio,1983,BM La Inmaculada (Soria 9),1979-1984: BM La Inmaculada (Soria 9)
foro-2019-josemariumb,Lunes Santo,MUSEO,Paso de Palio,1984,BM La Inmaculada (Soria 9),1979-1984: BM La Inmaculada (Soria 9)
foro-2019-josemariumb,Lunes Santo,MUSEO,Paso de Palio,1985,BM Mecanizada Guzman el Bueno (Soria 9),1985-1996: BM Mecanizada Guzman el Bueno (Soria 9)
foro-2019-josemariumb,Lunes Santo,MUSEO,Paso de Palio,1986,BM Mecanizada Guzman el Bueno (Soria 9),1985-1996: BM Mecanizada Guzman el Bueno (Soria 9)
foro-2019-josemariumb,Lunes Santo,MUSEO,Paso de Palio,1987,BM Mecanizada Guzman el Bueno (Soria 9),1985-1996: BM Mecanizada Guzman el Bueno (Soria 9)
foro-2019-josemariumb,Lunes Santo,MUSEO,Paso de Palio,1988,BM Mecanizada Guzman el Bueno (Soria 9),1985-1996: BM Mecanizada Guzman el Bueno (Soria 9)
foro-2019-josemariumb,Lunes Santo,MUSEO,Paso de Palio,1989,BM Mecanizada Guzman el Bueno (Soria 9),1985-1996: BM Mecanizada Guzman el Bueno (Soria 9)
foro-2019-josemariumb,Lunes Santo,MUSEO,Paso de Palio,1990,BM Mecanizada Guzman el Bueno (Soria 9),1985-1996: BM Mecanizada Guzman el Bueno (Soria 9)
foro-2019-josemariumb,Lunes Santo,MUSEO,Paso de Palio,1991,BM Mecanizada Guzman el Bueno (Soria 9),1985-1996: BM Mecanizada Guzman el Bueno (Soria 9)
foro-2019-josemariumb,Lunes Santo,MUSEO,Paso de Palio,1992,BM Mecanizada Guzman el Bueno (Soria 9),1985-1996: BM Mecanizada Guzman el Bueno (Soria 9)
foro-2019-josemariumb,Lunes Santo,MUSEO,Paso de Palio,1993,BM Mecanizada Guzman el Bueno (Soria 9),1985-1996: BM Mecanizada Guzman el Bueno (Soria 9)
foro-2019-josemariumb,Lunes Santo,MUSEO,Paso de Palio,1994,BM Mecanizada Guzman el Bueno (Soria 9),1985-1996: BM Mecanizada Guzman el Bueno (Soria 9)
foro-2019-josemariumb,Lunes Santo,MUSEO,Paso de Palio,1995,BM Mecanizada Guzman el Bueno (Soria 9),1985-1996: BM Mecanizada Guzman el Bueno (Soria 9)
foro-2019-josemariumb,Lunes Santo,MUSEO,Paso de Palio,1996,BM Mecanizada Guzman el Bueno (Soria 9),1985-1996: BM Mecanizada Guzman el Bueno (Soria 9)
foro-2019-josemariumb,Lunes Santo,MUSEO,Paso de Palio,1997,BM Cuartel General de la Region Sur (Soria 9),1997: BM Cuartel General de la Region Sur (Soria 9)
foro-2019-josemariumb,Lunes Santo,MUSEO,Paso de Palio,1998,BM Nuestra Senora de la Victoria (Cigarreras),1998-2005: BM Nuestra Senora de la Victoria (Cigarreras)
foro-2019-josemariumb,Lunes Santo,MUSEO,Paso de Palio,1999,BM Nuestra Senora de la Victoria (Cigarreras),1998-2005: BM Nuestra Senora de la Victoria (Cigarreras)
foro-2019-josemariumb,Lunes Santo,MUSEO,Paso de Palio,2000,BM Nuestra Senora de la Victoria (Cigarreras),1998-2005: BM Nuestra Senora de la Victoria (Cigarreras)
foro-2019-josemariumb,Lunes Santo,MUSEO,Paso de Palio,2001,BM Nuestra Senora de la Victoria (Cigarreras),1998-2005: BM Nuestra Senora de la Victoria (Cigarreras)
foro-2019-josemariumb,Lunes Santo,MUSEO,Paso de Palio,2002,BM Nuestra Senora de la Victoria (Cigarreras),1998-2005: BM Nuestra Senora de la Victoria (Cigarreras)
foro-2019-josemariumb,Lunes Santo,MUSEO,Paso de Palio,2003,BM Nuestra Senora de la Victoria (Cigarreras),1998-2005: BM Nuestra Senora de la Victoria (Cigarreras)
foro-2019-josemariumb,Lunes Santo,MUSEO,Paso de Palio,2004,BM Nuestra Senora de la Victoria (Cigarreras),1998-2005: BM Nuestra Senora de la Victoria (Cigarreras)
foro-2019-josemariumb,Lunes Santo,MUSEO,Paso de Palio,2005,BM Nuestra Senora de la Victoria (Cigarreras),1998-2005: BM Nuestra Senora de la Victoria (Cigarreras)
foro-2019-josemariumb,Lunes Santo,MUSEO,Paso de Palio,2006,Sociedad Filarmonica Nuestra Senora de la Oliva de Salteras,2006-2019: Sociedad Filarmonica Nuestra Senora de la Oliva de Salteras
foro-2019-josemariumb,Lunes Santo,MUSEO,Paso de Palio,2007,Sociedad Filarmonica Nuestra Senora de la Oliva de Salteras,2006-2019: Sociedad Filarmonica Nuestra Senora de la Oliva de Salteras
foro-2019-josemariumb,Lunes Santo,MUSEO,Paso de Palio,2008,Sociedad Filarmonica Nuestra Senora de la Oliva de Salteras,2006-2019: Sociedad Filarmonica Nuestra Senora de la Oliva de Salteras
foro-2019-josemariumb,Lunes Santo,MUSEO,Paso de Palio,2009,Sociedad Filarmonica Nuestra Senora de la Oliva de Salteras,2006-2019: Sociedad Filarmonica Nuestra Senora de la Oliva de Salteras
foro-2019-josemariumb,Lunes Santo,MUSEO,Paso de Palio,2010,Sociedad Filarmonica Nuestra Senora de la Oliva de Salteras,2006-2019: Sociedad Filarmonica Nuestra Senora de la Oliva de Salteras
foro-2019-josemariumb,Lunes Santo,MUSEO,Paso de Palio,2011,Sociedad Filarmonica Nuestra Senora de la Oliva de Salteras,2006-2019: Sociedad Filarmonica Nuestra Senora de la Oliva de Salteras
foro-2019-josemariumb,Lunes Santo,MUSEO,Paso de Palio,2012,Sociedad Filarmonica Nuestra Senora de la Oliva de Salteras,2006-2019: Sociedad Filarmonica Nuestra Senora de la Oliva de Salteras
foro-2019-josemariumb,Lunes Santo,MUSEO,Paso de Palio,2013,Sociedad Filarmonica Nuestra Senora de la Oliva de Salteras,2006-2019: Sociedad Filarmonica Nuestra Senora de la Oliva de Salteras
foro-2019-josemariumb,Lunes Santo,MUSEO,Paso de Palio,2014,Sociedad Filarmonica Nuestra Senora de la Oliva de Salteras,2006-2019: Sociedad Filarmonica Nuestra Senora de la Oliva de Salteras
foro-2019-josemariumb,Lunes Santo,MUSEO,Paso de Palio,2015,Sociedad Filarmonica Nuestra Senora de la Oliva de Salteras,2006-2019: Sociedad Filarmonica Nuestra Senora de la Oliva de Salteras
foro-2019-josemariumb,Lunes Santo,MUSEO,Paso de Palio,2016,Sociedad Filarmonica Nuestra Senora de la Oliva de Salteras,2006-2019: Sociedad Filarmonica Nuestra Senora de la Oliva de Salteras
foro-2019-josemariumb,Lunes Santo,MUSEO,Paso de Palio,2017,Sociedad Filarmonica Nuestra Senora de la Oliva de Salteras,2006-2019: Sociedad Filarmonica Nuestra Senora de la Oliva de Salteras
foro-2019-josemariumb,Lunes Santo,MUSEO,Paso de Palio,2018,Sociedad Filarmonica Nuestra Senora de la Oliva de Salteras,2006-2019: Sociedad Filarmonica Nuestra Senora de la Oliva de Salteras
foro-2019-josemariumb,Lunes Santo,MUSEO,Paso de Palio,2019,Sociedad Filarmonica Nuestra Senora de la Oliva de Salteras,2006-2019: Sociedad Filarmonica Nuestra Senora de la Oliva de Salteras
foro-2019-josemariumb,Martes Santo,EL CERRO,Paso de Misterio,1989,CCTT Tres Caidas,1989-1997: CCTT Tres Caidas
foro-2019-josemariumb,Martes Santo,EL CERRO,Paso de Misterio,1990,CCTT Tres Caidas,1989-1997: CCTT Tres Caidas
foro-2019-josemariumb,Martes Santo,EL CERRO,Paso de Misterio,1991,CCTT Tres Caidas,1989-1997: CCTT Tres Caidas
foro-2019-josemariumb,Martes Santo,EL CERRO,Paso de Misterio,1992,CCTT Tres Caidas,1989-1997: CCTT Tres Caidas
foro-2019-josemariumb,Martes Santo,EL CERRO,Paso de Misterio,1993,CCTT Tres Caidas,1989-1997: CCTT Tres Caidas
foro-2019-josemariumb,Martes Santo,EL CERRO,Paso de Misterio,1994,CCTT Tres Caidas,1989-1997: CCTT Tres Caidas
foro-2019-josemariumb,Martes Santo,EL CERRO,Paso de Misterio,1995,CCTT Tres Caidas,1989-1997: CCTT Tres Caidas
foro-2019-josemariumb,Martes Santo,EL CERRO,Paso de Misterio,1996,CCTT Tres Caidas,1989-1997: CCTT Tres Caidas
foro-2019-josemariumb,Martes Santo,EL CERRO,Paso de Misterio,1997,CCTT Tres Caidas,1989-1997: CCTT Tres Caidas
foro-2019-josemariumb,Martes Santo,EL CERRO,Paso de Misterio,1998,CCTT Corona de Espinas,1998-2006: CCTT Corona de Espinas
foro-2019-josemariumb,Martes Santo,EL CERRO,Paso de Misterio,1999,CCTT Corona de Espinas,1998-2006: CCTT Corona de Espinas
foro-2019-josemariumb,Martes Santo,EL CERRO,Paso de Misterio,2000,CCTT Corona de Espinas,1998-2006: CCTT Corona de Espinas
foro-2019-josemariumb,Martes Santo,EL CERRO,Paso de Misterio,2001,CCTT Corona de Espinas,1998-2006: CCTT Corona de Espinas
foro-2019-josemariumb,Martes Santo,EL CERRO,Paso de Misterio,2002,CCTT Corona de Espinas,1998-2006: CCTT Corona de Espinas
foro-2019-josemariumb,Martes Santo,EL CERRO,Paso de Misterio,2003,CCTT Corona de Espinas,1998-2006: CCTT Corona de Espinas
foro-2019-josemariumb,Martes Santo,EL CERRO,Paso de Misterio,2004,CCTT Corona de Espinas,1998-2006: CCTT Corona de Espinas
foro-2019-josemariumb,Martes Santo,EL CERRO,Paso de Misterio,2005,CCTT Corona de Espinas,1998-2006: CCTT Corona de Espinas
foro-2019-josemariumb,Martes Santo,EL CERRO,Paso de Misterio,2006,CCTT Corona de Espinas,1998-2006: CCTT Corona de Espinas
foro-2019-josemariumb,Martes Santo,EL CERRO,Paso de Misterio,2007,CCTT Sol,2007-2019: CCTT Sol
foro-2019-josemariumb,Martes Santo,EL CERRO,Paso de Misterio,2008,CCTT Sol,2007-2019: CCTT Sol
foro-2019-josemariumb,Martes Santo,EL CERRO,Paso de Misterio,2009,CCTT Sol,2007-2019: CCTT Sol
foro-2019-josemariumb,Martes Santo,EL CERRO,Paso de Misterio,2010,CCTT Sol,2007-2019: CCTT Sol
foro-2019-josemariumb,Martes Santo,EL CERRO,Paso de Misterio,2011,CCTT Sol,2007-2019: CCTT Sol
foro-2019-josemariumb,Martes Santo,EL CERRO,Paso de Misterio,2012,CCTT Sol,2007-2019: CCTT Sol
foro-2019-josemariumb,Martes Santo,EL CERRO,Paso de Misterio,2013,CCTT Sol,2007-2019: CCTT Sol
foro-2019-josemariumb,Martes Santo,EL CERRO,Paso de Misterio,2014,CCTT Sol,2007-2019: CCTT Sol
foro-2019-josemariumb,Martes Santo,EL CERRO,Paso de Misterio,2015,CCTT Sol,2007-2019: CCTT Sol
foro-2019-josemariumb,Martes Santo,EL CERRO,Paso de Misterio,2016,CCTT Sol,2007-2019: CCTT Sol
foro-2019-josemariumb,Martes Santo,EL CERRO,Paso de Misterio,2017,CCTT Sol,2007-2019: CCTT Sol
foro-2019-josemariumb,Martes Santo,EL CERRO,Paso de Misterio,2018,CCTT Sol,2007-2019: CCTT Sol
foro-2019-josemariumb,Martes Santo,EL CERRO,Paso de Misterio,2019,CCTT Sol,2007-2019: CCTT Sol
foro-2019-josemariumb,Martes Santo,EL CERRO,Paso de palio,1989,BM Alvarez Quintero de Utrera,1989-1990: BM Alvarez Quintero de Utrera
foro-2019-josemariumb,Martes Santo,EL CERRO,Paso de palio,1990,BM Alvarez Quintero de Utrera,1989-1990: BM Alvarez Quintero de Utrera
foro-2019-josemariumb,Martes Santo,EL CERRO,Paso de palio,1991,BM Santa Maria de las Nieves de Olivares,1991-2019: BM Santa Maria de las Nieves de Olivares
foro-2019-josemariumb,Martes Santo,EL CERRO,Paso de palio,1992,BM Santa Maria de las Nieves de Olivares,1991-2019: BM Santa Maria de las Nieves de Olivares
foro-2019-josemariumb,Martes Santo,EL CERRO,Paso de palio,1993,BM Santa Maria de las Nieves de Olivares,1991-2019: BM Santa Maria de las Nieves de Olivares
foro-2019-josemariumb,Martes Santo,EL CERRO,Paso de palio,1994,BM Santa Maria de las Nieves de Olivares,1991-2019: BM Santa Maria de las Nieves de Olivares
foro-2019-josemariumb,Martes Santo,EL CERRO,Paso de palio,1995,BM Santa Maria de las Nieves de Olivares,1991-2019: BM Santa Maria de las Nieves de Olivares
foro-2019-josemariumb,Martes Santo,EL CERRO,Paso de palio,1996,BM Santa Maria de las Nieves de Olivares,1991-2019: BM Santa Maria de las Nieves de Olivares
foro-2019-josemariumb,Martes Santo,EL CERRO,Paso de palio,1997,BM Santa Maria de las Nieves de Olivares,1991-2019: BM Santa Maria de las Nieves de Olivares
foro-2019-josemariumb,Martes Santo,EL CERRO,Paso de palio,1998,BM Santa Maria de las Nieves de Olivares,1991-2019: BM Santa Maria de las Nieves de Olivares
foro-2019-josemariumb,Martes Santo,EL CERRO,Paso de palio,1999,BM Santa Maria de las Nieves de Olivares,1991-2019: BM Santa Maria de las Nieves de Olivares
foro-2019-josemariumb,Martes Santo,EL CERRO,Paso de palio,2000,BM Santa Maria de las Nieves de Olivares,1991-2019: BM Santa Maria de las Nieves de Olivares
foro-2019-josemariumb,Martes Santo,EL CERRO,Paso de palio,2001,BM Santa Maria de las Nieves de Olivares,1991-2019: BM Santa Maria de las Nieves de Olivares
foro-2019-josemariumb,Martes Santo,EL CERRO,Paso de palio,2002,BM Santa Maria de las Nieves de Olivares,1991-2019: BM Santa Maria de las Nieves de Olivares
foro-2019-josemariumb,Martes Santo,EL CERRO,Paso de palio,2003,BM Santa Maria de las Nieves de Olivares,1991-2019: BM Santa Maria de las Nieves de Olivares
foro-2019-josemariumb,Martes Santo,EL CERRO,Paso de palio,2004,BM Santa Maria de las Nieves de Olivares,1991-2019: BM Santa Maria de las Nieves de Olivares
foro-2019-josemariumb,Martes Santo,EL CERRO,Paso de palio,2005,BM Santa Maria de las Nieves de Olivares,1991-2019: BM Santa Maria de las Nieves de Olivares
foro-2019-josemariumb,Martes Santo,EL CERRO,Paso de palio,2006,BM Santa Maria de las Nieves de Olivares,1991-2019: BM Santa Maria de las Nieves de Olivares
foro-2019-josemariumb,Martes Santo,EL CERRO,Paso de palio,2007,BM Santa Maria de las Nieves de Olivares,1991-2019: BM Santa Maria de las Nieves de Olivares
foro-2019-josemariumb,Martes Santo,EL CERRO,Paso de palio,2008,BM Santa Maria de las Nieves de Olivares,1991-2019: BM Santa Maria de las Nieves de Olivares
foro-2019-josemariumb,Martes Santo,EL CERRO,Paso de palio,2009,BM Santa Maria de las Nieves de Olivares,1991-2019: BM Santa Maria de las Nieves de Olivares
foro-2019-josemariumb,Martes Santo,EL CERRO,Paso de palio,2010,BM Santa Maria de las Nieves de Olivares,1991-2019: BM Santa Maria de las Nieves de Olivares
foro-2019-josemariumb,Martes Santo,EL CERRO,Paso de palio,2011,BM Santa Maria de las Nieves de Olivares,1991-2019: BM Santa Maria de las Nieves de Olivares
foro-2019-josemariumb,Martes Santo,EL CERRO,Paso de palio,2012,BM Santa Maria de las Nieves de Olivares,1991-2019: BM Santa Maria de las Nieves de Olivares
foro-2019-josemariumb,Martes Santo,EL CERRO,Paso de palio,2013,BM Santa Maria de las Nieves de Olivares,1991-2019: BM Santa Maria de las Nieves de Olivares
foro-2019-josemariumb,Martes Santo,EL CERRO,Paso de palio,2014,BM Santa Maria de las Nieves de Olivares,1991-2019: BM Santa Maria de las Nieves de Olivares
foro-2019-josemariumb,Martes Santo,EL CERRO,Paso de palio,2015,BM Santa Maria de las Nieves de Olivares,1991-2019: BM Santa Maria de las Nieves de Olivares
foro-2019-josemariumb,Martes Santo,EL CERRO,Paso de palio,2016,BM Santa Maria de las Nieves de Olivares,1991-2019: BM Santa Maria de las Nieves de Olivares
foro-2019-josemariumb,Martes Santo,EL CERRO,Paso de palio,2017,BM Santa Maria de las Nieves de Olivares,1991-2019: BM Santa Maria de las Nieves de Olivares
foro-2019-josemariumb,Martes Santo,EL CERRO,Paso de palio,2018,BM Santa Maria de las Nieves de Olivares,1991-2019: BM Santa Maria de las Nieves de Olivares
foro-2019-josemariumb,Martes Santo,EL CERRO,Paso de palio,2019,BM Santa Maria de las Nieves de Olivares,1991-2019: BM Santa Maria de las Nieves de Olivares
foro-2019-josemariumb,Martes Santo,LOS JAVIERES,Paso de palio,1980,BM Nuestra Senora de la Soledad de Cantillana,1980-1981: BM Nuestra Senora de la Soledad de Cantillana
foro-2019-josemariumb,Martes Santo,LOS JAVIERES,Paso de palio,1981,BM Nuestra Senora de la Soledad de Cantillana,1980-1981: BM Nuestra Senora de la Soledad de Cantillana
foro-2019-josemariumb,Martes Santo,LOS JAVIERES,Paso de palio,1982,BM Santa Cecilia,1982-1998: BM Santa Cecilia
foro-2019-josemariumb,Martes Santo,LOS JAVIERES,Paso de palio,1983,BM Santa Cecilia,1982-1998: BM Santa Cecilia
foro-2019-josemariumb,Martes Santo,LOS JAVIERES,Paso de palio,1984,BM Santa Cecilia,1982-1998: BM Santa Cecilia
foro-2019-josemariumb,Martes Santo,LOS JAVIERES,Paso de palio,1985,BM Santa Cecilia,1982-1998: BM Santa Cecilia
foro-2019-josemariumb,Martes Santo,LOS JAVIERES,Paso de palio,1986,BM Santa Cecilia,1982-1998: BM Santa Cecilia
foro-2019-josemariumb,Martes Santo,LOS JAVIERES,Paso de palio,1987,BM Santa Cecilia,1982-1998: BM Santa Cecilia
foro-2019-josemariumb,Martes Santo,LOS JAVIERES,Paso de palio,1988,BM Santa Cecilia,1982-1998: BM Santa Cecilia
foro-2019-josemariumb,Martes Santo,LOS JAVIERES,Paso de palio,1989,BM Santa Cecilia,1982-1998: BM Santa Cecilia
foro-2019-josemariumb,Martes Santo,LOS JAVIERES,Paso de palio,1990,BM Santa Cecilia,1982-1998: BM Santa Cecilia
foro-2019-josemariumb,Martes Santo,LOS JAVIERES,Paso de palio,1991,BM Santa Cecilia,1982-1998: BM Santa Cecilia
foro-2019-josemariumb,Martes Santo,LOS JAVIERES,Paso de palio,1992,BM Santa Cecilia,1982-1998: BM Santa Cecilia
foro-2019-josemariumb,Martes Santo,LOS JAVIERES,Paso de palio,1993,BM Santa Cecilia,1982-1998: BM Santa Cecilia
foro-2019-josemariumb,Martes Santo,LOS JAVIERES,Paso de palio,1994,BM Santa Cecilia,1982-1998: BM Santa Cecilia
foro-2019-josemariumb,Martes Santo,LOS JAVIERES,Paso de palio,1995,BM Santa Cecilia,1982-1998: BM Santa Cecilia
foro-2019-josemariumb,Martes Santo,LOS JAVIERES,Paso de palio,1996,BM Santa Cecilia,1982-1998: BM Santa Cecilia
foro-2019-josemariumb,Martes Santo,LOS JAVIERES,Paso de palio,1997,BM Santa Cecilia,1982-1998: BM Santa Cecilia
foro-2019-josemariumb,Martes Santo,LOS JAVIERES,Paso de palio,1998,BM Santa Cecilia,1982-1998: BM Santa Cecilia
foro-2019-josemariumb,Martes Santo,LOS JAVIERES,Paso de palio,1999,BM Filarmonica Julian Cerdan,1999-2019: BM Filarmonica Julian Cerdan
foro-2019-josemariumb,Martes Santo,LOS JAVIERES,Paso de palio,2000,BM Filarmonica Julian Cerdan,1999-2019: BM Filarmonica Julian Cerdan
foro-2019-josemariumb,Martes Santo,LOS JAVIERES,Paso de palio,2001,BM Filarmonica Julian Cerdan,1999-2019: BM Filarmonica Julian Cerdan
foro-2019-josemariumb,Martes Santo,LOS JAVIERES,Paso de palio,2002,BM Filarmonica Julian Cerdan,1999-2019: BM Filarmonica Julian Cerdan
foro-2019-josemariumb,Martes Santo,LOS JAVIERES,Paso de palio,2003,BM Filarmonica Julian Cerdan,1999-2019: BM Filarmonica Julian Cerdan
foro-2019-josemariumb,Martes Santo,LOS JAVIERES,Paso de palio,2004,BM Filarmonica Julian Cerdan,1999-2019: BM Filarmonica Julian Cerdan
foro-2019-josemariumb,Martes Santo,LOS JAVIERES,Paso de palio,2005,BM Filarmonica Julian Cerdan,1999-2019: BM Filarmonica Julian Cerdan
foro-2019-josemariumb,Martes Santo,LOS JAVIERES,Paso de palio,2006,BM Filarmonica Julian Cerdan,1999-2019: BM Filarmonica Julian Cerdan
foro-2019-josemariumb,Martes Santo,LOS JAVIERES,Paso de palio,2007,BM Filarmonica Julian Cerdan,1999-2019: BM Filarmonica Julian Cerdan
foro-2019-josemariumb,Martes Santo,LOS JAVIERES,Paso de palio,2008,BM Filarmonica Julian Cerdan,1999-2019: BM Filarmonica Julian Cerdan
foro-2019-josemariumb,Martes Santo,LOS JAVIERES,Paso de palio,2009,BM Filarmonica Julian Cerdan,1999-2019: BM Filarmonica Julian Cerdan
foro-2019-josemariumb,Martes Santo,LOS JAVIERES,Paso de palio,2010,BM Filarmonica Julian Cerdan,1999-2019: BM Filarmonica Julian Cerdan
foro-2019-josemariumb,Martes Santo,LOS JAVIERES,Paso de palio,2011,BM Filarmonica Julian Cerdan,1999-2019: BM Filarmonica Julian Cerdan
foro-2019-josemariumb,Martes Santo,LOS JAVIERES,Paso de palio,2012,BM Filarmonica Julian Cerdan,1999-2019: BM Filarmonica Julian Cerdan
foro-2019-josemariumb,Martes Santo,LOS JAVIERES,Paso de palio,2013,BM Filarmonica Julian Cerdan,1999-2019: BM Filarmonica Julian Cerdan
foro-2019-josemariumb,Martes Santo,LOS JAVIERES,Paso de palio,2014,BM Filarmonica Julian Cerdan,1999-2019: BM Filarmonica Julian Cerdan
foro-2019-josemariumb,Martes Santo,LOS JAVIERES,Paso de palio,2015,BM Filarmonica Julian Cerdan,1999-2019: BM Filarmonica Julian Cerdan
foro-2019-josemariumb,Martes Santo,LOS JAVIERES,Paso de palio,2016,BM Filarmonica Julian Cerdan,1999-2019: BM Filarmonica Julian Cerdan
foro-2019-josemariumb,Martes Santo,LOS JAVIERES,Paso de palio,2017,BM Filarmonica Julian Cerdan,1999-2019: BM Filarmonica Julian Cerdan
foro-2019-josemariumb,Martes Santo,LOS JAVIERES,Paso de palio,2018,BM Filarmonica Julian Cerdan,1999-2019: BM Filarmonica Julian Cerdan
foro-2019-josemariumb,Martes Santo,LOS JAVIERES,Paso de palio,2019,BM Filarmonica Julian Cerdan,1999-2019: BM Filarmonica Julian Cerdan
foro-2019-josemariumb,Martes Santo,SAN ESTEBAN,Paso de Misterio,1980,AM San Esteban,1980-1988: AM San Esteban
foro-2019-josemariumb,Martes Santo,SAN ESTEBAN,Paso de Misterio,1981,AM San Esteban,1980-1988: AM San Esteban
foro-2019-josemariumb,Martes Santo,SAN ESTEBAN,Paso de Misterio,1982,AM San Esteban,1980-1988: AM San Esteban
foro-2019-josemariumb,Martes Santo,SAN ESTEBAN,Paso de Misterio,1983,AM San Esteban,1980-1988: AM San Esteban
foro-2019-josemariumb,Martes Santo,SAN ESTEBAN,Paso de Misterio,1984,AM San Esteban,1980-1988: AM San Esteban
foro-2019-josemariumb,Martes Santo,SAN ESTEBAN,Paso de Misterio,1985,AM San Esteban,1980-1988: AM San Esteban
foro-2019-josemariumb,Martes Santo,SAN ESTEBAN,Paso de Misterio,1986,AM San Esteban,1980-1988: AM San Esteban
foro-2019-josemariumb,Martes Santo,SAN ESTEBAN,Paso de Misterio,1987,AM San Esteban,1980-1988: AM San Esteban
foro-2019-josemariumb,Martes Santo,SAN ESTEBAN,Paso de Misterio,1988,AM San Esteban,1980-1988: AM San Esteban
foro-2019-josemariumb,Martes Santo,SAN ESTEBAN,Paso de Misterio,1989,AM Jesus Despojado,1989-1991: AM Jesus Despojado
foro-2019-josemariumb,Martes Santo,SAN ESTEBAN,Paso de Misterio,1990,AM Jesus Despojado,1989-1991: AM Jesus Despojado
foro-2019-josemariumb,Martes Santo,SAN ESTEBAN,Paso de Misterio,1991,AM Jesus Despojado,1989-1991: AM Jesus Despojado
foro-2019-josemariumb,Martes Santo,SAN ESTEBAN,Paso de Misterio,1992,AM Virgen de los Reyes,1992-2009: AM Virgen de los Reyes
foro-2019-josemariumb,Martes Santo,SAN ESTEBAN,Paso de Misterio,1993,AM Virgen de los Reyes,1992-2009: AM Virgen de los Reyes
foro-2019-josemariumb,Martes Santo,SAN ESTEBAN,Paso de Misterio,1994,AM Virgen de los Reyes,1992-2009: AM Virgen de los Reyes
foro-2019-josemariumb,Martes Santo,SAN ESTEBAN,Paso de Misterio,1995,AM Virgen de los Reyes,1992-2009: AM Virgen de los Reyes
foro-2019-josemariumb,Martes Santo,SAN ESTEBAN,Paso de Misterio,1996,AM Virgen de los Reyes,1992-2009: AM Virgen de los Reyes
foro-2019-josemariumb,Martes Santo,SAN ESTEBAN,Paso de Misterio,1997,AM Virgen de los Reyes,1992-2009: AM Virgen de los Reyes
foro-2019-josemariumb,Martes Santo,SAN ESTEBAN,Paso de Misterio,1998,AM Virgen de los Reyes,1992-2009: AM Virgen de los Reyes
foro-2019-josemariumb,Martes Santo,SAN ESTEBAN,Paso de Misterio,1999,AM Virgen de los Reyes,1992-2009: AM Virgen de los Reyes
foro-2019-josemariumb,Martes Santo,SAN ESTEBAN,Paso de Misterio,2000,AM Virgen de los Reyes,1992-2009: AM Virgen de los Reyes
foro-2019-josemariumb,Martes Santo,SAN ESTEBAN,Paso de Misterio,2001,AM Virgen de los Reyes,1992-2009: AM Virgen de los Reyes
foro-2019-josemariumb,Martes Santo,SAN ESTEBAN,Paso de Misterio,2002,AM Virgen de los Reyes,1992-2009: AM Virgen de los Reyes
foro-2019-josemariumb,Martes Santo,SAN ESTEBAN,Paso de Misterio,2003,AM Virgen de los Reyes,1992-2009: AM Virgen de los Reyes
foro-2019-josemariumb,Martes Santo,SAN ESTEBAN,Paso de Misterio,2004,AM Virgen de los Reyes,1992-2009: AM Virgen de los Reyes
foro-2019-josemariumb,Martes Santo,SAN ESTEBAN,Paso de Misterio,2005,AM Virgen de los Reyes,1992-2009: AM Virgen de los Reyes
foro-2019-josemariumb,Martes Santo,SAN ESTEBAN,Paso de Misterio,2006,AM Virgen de los Reyes,1992-2009: AM Virgen de los Reyes
foro-2019-josemariumb,Martes Santo,SAN ESTEBAN,Paso de Misterio,2007,AM Virgen de los Reyes,1992-2009: AM Virgen de los Reyes
foro-2019-josemariumb,Martes Santo,SAN ESTEBAN,Paso de Misterio,2008,AM Virgen de los Reyes,1992-2009: AM Virgen de los Reyes
foro-2019-josemariumb,Martes Santo,SAN ESTEBAN,Paso de Misterio,2009,AM Virgen de los Reyes,1992-2009: AM Virgen de los Reyes
foro-2019-josemariumb,Martes Santo,SAN ESTEBAN,Paso de Misterio,2010,AM Redencion,2010-2019: AM Redencion
foro-2019-josemariumb,Martes Santo,SAN ESTEBAN,Paso de Misterio,2011,AM Redencion,2010-2019: AM Redencion
foro-2019-josemariumb,Martes Santo,SAN ESTEBAN,Paso de Misterio,2012,AM Redencion,2010-2019: AM Redencion
foro-2019-josemariumb,Martes Santo,SAN ESTEBAN,Paso de Misterio,2013,AM Redencion,2010-2019: AM Redencion
foro-2019-josemariumb,Martes Santo,SAN ESTEBAN,Paso de Misterio,2014,AM Redencion,2010-2019: AM Redencion
foro-2019-josemariumb,Martes Santo,SAN ESTEBAN,Paso de Misterio,2015,AM Redencion,2010-2019: AM Redencion
foro-2019-josemariumb,Martes Santo,SAN ESTEBAN,Paso de Misterio,2016,AM Redencion,2010-2019: AM Redencion
foro-2019-josemariumb,Martes Santo,SAN ESTEBAN,Paso de Misterio,2017,AM Redencion,2010-2019: AM Redencion
foro-2019-josemariumb,Martes Santo,SAN ESTEBAN,Paso de Misterio,2018,AM Redencion,2010-2019: AM Redencion
foro-2019-josemariumb,Martes Santo,SAN ESTEBAN,Paso de Misterio,2019,AM Redencion,2010-2019: AM Redencion
foro-2019-josemariumb,Martes Santo,SAN ESTEBAN,Paso de Palio,1980,BM Santa Cecilia,1980: BM Santa Cecilia
foro-2019-josemariumb,Martes Santo,SAN ESTEBAN,Paso de Palio,1981,BM Esperanza de Triana,1981-1983: BM Esperanza de Triana
foro-2019-josemariumb,Martes Santo,SAN ESTEBAN,Paso de Palio,1982,BM Esperanza de Triana,1981-1983: BM Esperanza de Triana
foro-2019-josemariumb,Martes Santo,SAN ESTEBAN,Paso de Palio,1983,BM Esperanza de Triana,1981-1983: BM Esperanza de Triana
foro-2019-josemariumb,Martes Santo,SAN ESTEBAN,Paso de Palio,1984,BM Nuestra Senora de la Soledad de Cantillana,1984: BM Nuestra Senora de la Soledad de Cantillana
foro-2019-josemariumb,Martes Santo,SAN ESTEBAN,Paso de Palio,1985,BM Esperanza de Triana,1985-1993: BM Esperanza de Triana
foro-2019-josemariumb,Martes Santo,SAN ESTEBAN,Paso de Palio,1986,BM Esperanza de Triana,1985-1993: BM Esperanza de Triana
foro-2019-josemariumb,Martes Santo,SAN ESTEBAN,Paso de Palio,1987,BM Esperanza de Triana,1985-1993: BM Esperanza de Triana
foro-2019-josemariumb,Martes Santo,SAN ESTEBAN,Paso de Palio,1988,BM Esperanza de Triana,1985-1993: BM Esperanza de Triana
foro-2019-josemariumb,Martes Santo,SAN ESTEBAN,Paso de Palio,1989,BM Esperanza de Triana,1985-1993: BM Esperanza de Triana
foro-2019-josemariumb,Martes Santo,SAN ESTEBAN,Paso de Palio,1990,BM Esperanza de Triana,1985-1993: BM Esperanza de Triana
foro-2019-josemariumb,Martes Santo,SAN ESTEBAN,Paso de Palio,1991,BM Esperanza de Triana,1985-1993: BM Esperanza de Triana
foro-2019-josemariumb,Martes Santo,SAN ESTEBAN,Paso de Palio,1992,BM Esperanza de Triana,1985-1993: BM Esperanza de Triana
foro-2019-josemariumb,Martes Santo,SAN ESTEBAN,Paso de Palio,1993,BM Esperanza de Triana,1985-1993: BM Esperanza de Triana
foro-2019-josemariumb,Martes Santo,SAN ESTEBAN,Paso de Palio,1994,BM Nuestra Senora del Rocio,1994-1995: BM Nuestra Senora del Rocio
foro-2019-josemariumb,Martes Santo,SAN ESTEBAN,Paso de Palio,1995,BM Nuestra Senora del Rocio,1994-1995: BM Nuestra Senora del Rocio
foro-2019-josemariumb,Martes Santo,SAN ESTEBAN,Paso de Palio,1996,Sociedad Filarmonica de Pilas,1996-2008: Sociedad Filarmonica de Pilas
foro-2019-josemariumb,Martes Santo,SAN ESTEBAN,Paso de Palio,1997,Sociedad Filarmonica de Pilas,1996-2008: Sociedad Filarmonica de Pilas
foro-2019-josemariumb,Martes Santo,SAN ESTEBAN,Paso de Palio,1998,Sociedad Filarmonica de Pilas,1996-2008: Sociedad Filarmonica de Pilas
foro-2019-josemariumb,Martes Santo,SAN ESTEBAN,Paso de Palio,1999,Sociedad Filarmonica de Pilas,1996-2008: Sociedad Filarmonica de Pilas
foro-2019-josemariumb,Martes Santo,SAN ESTEBAN,Paso de Palio,2000,Sociedad Filarmonica de Pilas,1996-2008: Sociedad Filarmonica de Pilas
foro-2019-josemariumb,Martes Santo,SAN ESTEBAN,Paso de Palio,2001,Sociedad Filarmonica de Pilas,1996-2008: Sociedad Filarmonica de Pilas
foro-2019-josemariumb,Martes Santo,SAN ESTEBAN,Paso de Palio,2002,Sociedad Filarmonica de Pilas,1996-2008: Sociedad Filarmonica de Pilas
foro-2019-josemariumb,Martes Santo,SAN ESTEBAN,Paso de Palio,2003,Sociedad Filarmonica de Pilas,1996-2008: Sociedad Filarmonica de Pilas
foro-2019-josemariumb,Martes Santo,SAN ESTEBAN,Paso de Palio,2004,Sociedad Filarmonica de Pilas,1996-2008: Sociedad Filarmonica de Pilas
foro-2019-josemariumb,Martes Santo,SAN ESTEBAN,Paso de Palio,2005,Sociedad Filarmonica de Pilas,1996-2008: Sociedad Filarmonica de Pilas
foro-2019-josemariumb,Martes Santo,SAN ESTEBAN,Paso de Palio,2006,Sociedad Filarmonica de Pilas,1996-2008: Sociedad Filarmonica de Pilas
foro-2019-josemariumb,Martes Santo,SAN ESTEBAN,Paso de Palio,2007,Sociedad Filarmonica de Pilas,1996-2008: Sociedad Filarmonica de Pilas
foro-2019-josemariumb,Martes Santo,SAN ESTEBAN,Paso de Palio,2008,Sociedad Filarmonica de Pilas,1996-2008: Sociedad Filarmonica de Pilas
foro-2019-josemariumb,Martes Santo,SAN ESTEBAN,Paso de Palio,2009,BM Las Cigarreras,2009-2019: BM Las Cigarreras
foro-2019-josemariumb,Martes Santo,SAN ESTEBAN,Paso de Palio,2010,BM Las Cigarreras,2009-2019: BM Las Cigarreras
foro-2019-josemariumb,Martes Santo,SAN ESTEBAN,Paso de Palio,2011,BM Las Cigarreras,2009-2019: BM Las Cigarreras
foro-2019-josemariumb,Martes Santo,SAN ESTEBAN,Paso de Palio,2012,BM Las Cigarreras,2009-2019: BM Las Cigarreras
foro-2019-josemariumb,Martes Santo,SAN ESTEBAN,Paso de Palio,2013,BM Las Cigarreras,2009-2019: BM Las Cigarreras
foro-2019-josemariumb,Martes Santo,SAN ESTEBAN,Paso de Palio,2014,BM Las Cigarreras,2009-2019: BM Las Cigarreras
foro-2019-josemariumb,Martes Santo,SAN ESTEBAN,Paso de Palio,2015,BM Las Cigarreras,2009-2019: BM Las Cigarreras
foro-2019-josemariumb,Martes Santo,SAN ESTEBAN,Paso de Palio,2016,BM Las Cigarreras,2009-2019: BM Las Cigarreras
foro-2019-josemariumb,Martes Santo,SAN ESTEBAN,Paso de Palio,2017,BM Las Cigarreras,2009-2019: BM Las Cigarreras
foro-2019-josemariumb,Martes Santo,SAN ESTEBAN,Paso de Palio,2018,BM Las Cigarreras,2009-2019: BM Las Cigarreras
foro-2019-josemariumb,Martes Santo,SAN ESTEBAN,Paso de Palio,2019,BM Las Cigarreras,2009-2019: BM Las Cigarreras
foro-2019-josemariumb,Martes Santo,SAN BENITO,Paso de Misterio,1980,AM La Estrella,1980-1981: AM La Estrella
foro-2019-josemariumb,Martes Santo,SAN BENITO,Paso de Misterio,1981,AM La Estrella,1980-1981: AM La Estrella
foro-2019-josemariumb,Martes Santo,SAN BENITO,Paso de Misterio,1982,AM San Benito,1982-1984: AM San Benito
foro-2019-josemariumb,Martes Santo,SAN BENITO,Paso de Misterio,1983,AM San Benito,1982-1984: AM San Benito
foro-2019-josemariumb,Martes Santo,SAN BENITO,Paso de Misterio,1984,AM San Benito,1982-1984: AM San Benito
foro-2019-josemariumb,Martes Santo,SAN BENITO,Paso de Misterio,1985,AM Santa Maria Magdalena de Arahal,1985-1994: AM Santa Maria Magdalena de Arahal
foro-2019-josemariumb,Martes Santo,SAN BENITO,Paso de Misterio,1986,AM Santa Maria Magdalena de Arahal,1985-1994: AM Santa Maria Magdalena de Arahal
foro-2019-josemariumb,Martes Santo,SAN BENITO,Paso de Misterio,1987,AM Santa Maria Magdalena de Arahal,1985-1994: AM Santa Maria Magdalena de Arahal
foro-2019-josemariumb,Martes Santo,SAN BENITO,Paso de Misterio,1988,AM Santa Maria Magdalena de Arahal,1985-1994: AM Santa Maria Magdalena de Arahal
foro-2019-josemariumb,Martes Santo,SAN BENITO,Paso de Misterio,1989,AM Santa Maria Magdalena de Arahal,1985-1994: AM Santa Maria Magdalena de Arahal
foro-2019-josemariumb,Martes Santo,SAN BENITO,Paso de Misterio,1990,AM Santa Maria Magdalena de Arahal,1985-1994: AM Santa Maria Magdalena de Arahal
foro-2019-josemariumb,Martes Santo,SAN BENITO,Paso de Misterio,1991,AM Santa Maria Magdalena de Arahal,1985-1994: AM Santa Maria Magdalena de Arahal
foro-2019-josemariumb,Martes Santo,SAN BENITO,Paso de Misterio,1992,AM Santa Maria Magdalena de Arahal,1985-1994: AM Santa Maria Magdalena de Arahal
foro-2019-josemariumb,Martes Santo,SAN BENITO,Paso de Misterio,1993,AM Santa Maria Magdalena de Arahal,1985-1994: AM Santa Maria Magdalena de Arahal
foro-2019-josemariumb,Martes Santo,SAN BENITO,Paso de Misterio,1994,AM Santa Maria Magdalena de Arahal,1985-1994: AM Santa Maria Magdalena de Arahal
foro-2019-josemariumb,Martes Santo,SAN BENITO,Paso de Misterio,1995,AM Nuestra Senora de la Encarnacion,1995-2019: AM Nuestra Senora de la Encarnacion
foro-2019-josemariumb,Martes Santo,SAN BENITO,Paso de Misterio,1996,AM Nuestra Senora de la Encarnacion,1995-2019: AM Nuestra Senora de la Encarnacion
foro-2019-josemariumb,Martes Santo,SAN BENITO,Paso de Misterio,1997,AM Nuestra Senora de la Encarnacion,1995-2019: AM Nuestra Senora de la Encarnacion
foro-2019-josemariumb,Martes Santo,SAN BENITO,Paso de Misterio,1998,AM Nuestra Senora de la Encarnacion,1995-2019: AM Nuestra Senora de la Encarnacion
foro-2019-josemariumb,Martes Santo,SAN BENITO,Paso de Misterio,1999,AM Nuestra Senora de la Encarnacion,1995-2019: AM Nuestra Senora de la Encarnacion
foro-2019-josemariumb,Martes Santo,SAN BENITO,Paso de Misterio,2000,AM Nuestra Senora de la Encarnacion,1995-2019: AM Nuestra Senora de la Encarnacion
foro-2019-josemariumb,Martes Santo,SAN BENITO,Paso de Misterio,2001,AM Nuestra Senora de la Encarnacion,1995-2019: AM Nuestra Senora de la Encarnacion
foro-2019-josemariumb,Martes Santo,SAN BENITO,Paso de Misterio,2002,AM Nuestra Senora de la Encarnacion,1995-2019: AM Nuestra Senora de la Encarnacion
foro-2019-josemariumb,Martes Santo,SAN BENITO,Paso de Misterio,2003,AM Nuestra Senora de la Encarnacion,1995-2019: AM Nuestra Senora de la Encarnacion
foro-2019-josemariumb,Martes Santo,SAN BENITO,Paso de Misterio,2004,AM Nuestra Senora de la Encarnacion,1995-2019: AM Nuestra Senora de la Encarnacion
foro-2019-josemariumb,Martes Santo,SAN BENITO,Paso de Misterio,2005,AM Nuestra Senora de la Encarnacion,1995-2019: AM Nuestra Senora de la Encarnacion
foro-2019-josemariumb,Martes Santo,SAN BENITO,Paso de Misterio,2006,AM Nuestra Senora de la Encarnacion,1995-2019: AM Nuestra Senora de la Encarnacion
foro-2019-josemariumb,Martes Santo,SAN BENITO,Paso de Misterio,2007,AM Nuestra Senora de la Encarnacion,1995-2019: AM Nuestra Senora de la Encarnacion
foro-2019-josemariumb,Martes Santo,SAN BENITO,Paso de Misterio,2008,AM Nuestra Senora de la Encarnacion,1995-2019: AM Nuestra Senora de la Encarnacion
foro-2019-josemariumb,Martes Santo,SAN BENITO,Paso de Misterio,2009,AM Nuestra Senora de la Encarnacion,1995-2019: AM Nuestra Senora de la Encarnacion
foro-2019-josemariumb,Martes Santo,SAN BENITO,Paso de Misterio,2010,AM Nuestra Senora de la Encarnacion,1995-2019: AM Nuestra Senora de la Encarnacion
foro-2019-josemariumb,Martes Santo,SAN BENITO,Paso de Misterio,2011,AM Nuestra Senora de la Encarnacion,1995-2019: AM Nuestra Senora de la Encarnacion
foro-2019-josemariumb,Martes Santo,SAN BENITO,Paso de Misterio,2012,AM Nuestra Senora de la Encarnacion,1995-2019: AM Nuestra Senora de la Encarnacion
foro-2019-josemariumb,Martes Santo,SAN BENITO,Paso de Misterio,2013,AM Nuestra Senora de la Encarnacion,1995-2019: AM Nuestra Senora de la Encarnacion
foro-2019-josemariumb,Martes Santo,SAN BENITO,Paso de Misterio,2014,AM Nuestra Senora de la Encarnacion,1995-2019: AM Nuestra Senora de la Encarnacion
foro-2019-josemariumb,Martes Santo,SAN BENITO,Paso de Misterio,2015,AM Nuestra Senora de la Encarnacion,1995-2019: AM Nuestra Senora de la Encarnacion
foro-2019-josemariumb,Martes Santo,SAN BENITO,Paso de Misterio,2016,AM Nuestra Senora de la Encarnacion,1995-2019: AM Nuestra Senora de la Encarnacion
foro-2019-josemariumb,Martes Santo,SAN BENITO,Paso de Misterio,2017,AM Nuestra Senora de la Encarnacion,1995-2019: AM Nuestra Senora de la Encarnacion
foro-2019-josemariumb,Martes Santo,SAN BENITO,Paso de Misterio,2018,AM Nuestra Senora de la Encarnacion,1995-2019: AM Nuestra Senora de la Encarnacion
foro-2019-josemariumb,Martes Santo,SAN BENITO,Paso de Misterio,2019,AM Nuestra Senora de la Encarnacion,1995-2019: AM Nuestra Senora de la Encarnacion
foro-2019-josemariumb,Martes Santo,SAN BENITO,Paso de Cristo,1980,CCTT Centuria Macarena,1980-1992: CCTT Centuria Macarena
foro-2019-josemariumb,Martes Santo,SAN BENITO,Paso de Cristo,1981,CCTT Centuria Macarena,1980-1992: CCTT Centuria Macarena
foro-2019-josemariumb,Martes Santo,SAN BENITO,Paso de Cristo,1982,CCTT Centuria Macarena,1980-1992: CCTT Centuria Macarena
foro-2019-josemariumb,Martes Santo,SAN BENITO,Paso de Cristo,1983,CCTT Centuria Macarena,1980-1992: CCTT Centuria Macarena
foro-2019-josemariumb,Martes Santo,SAN BENITO,Paso de Cristo,1984,CCTT Centuria Macarena,1980-1992: CCTT Centuria Macarena
foro-2019-josemariumb,Martes Santo,SAN BENITO,Paso de Cristo,1985,CCTT Centuria Macarena,1980-1992: CCTT Centuria Macarena
foro-2019-josemariumb,Martes Santo,SAN BENITO,Paso de Cristo,1986,CCTT Centuria Macarena,1980-1992: CCTT Centuria Macarena
foro-2019-josemariumb,Martes Santo,SAN BENITO,Paso de Cristo,1987,CCTT Centuria Macarena,1980-1992: CCTT Centuria Macarena
foro-2019-josemariumb,Martes Santo,SAN BENITO,Paso de Cristo,1988,CCTT Centuria Macarena,1980-1992: CCTT Centuria Macarena
foro-2019-josemariumb,Martes Santo,SAN BENITO,Paso de Cristo,1989,CCTT Centuria Macarena,1980-1992: CCTT Centuria Macarena
foro-2019-josemariumb,Martes Santo,SAN BENITO,Paso de Cristo,1990,CCTT Centuria Macarena,1980-1992: CCTT Centuria Macarena
foro-2019-josemariumb,Martes Santo,SAN BENITO,Paso de Cristo,1991,CCTT Centuria Macarena,1980-1992: CCTT Centuria Macarena
foro-2019-josemariumb,Martes Santo,SAN BENITO,Paso de Cristo,1992,CCTT Centuria Macarena,1980-1992: CCTT Centuria Macarena
foro-2019-josemariumb,Martes Santo,SAN BENITO,Paso de Cristo,1993,AM Ntra. Sra. De la Encarnacion,1993-1994: AM Ntra. Sra. De la Encarnacion
foro-2019-josemariumb,Martes Santo,SAN BENITO,Paso de Cristo,1994,AM Ntra. Sra. De la Encarnacion,1993-1994: AM Ntra. Sra. De la Encarnacion
foro-2019-josemariumb,Martes Santo,SAN BENITO,Paso de Cristo,1995,CCTT Presentacion al Pueblo,1995-1996: CCTT Presentacion al Pueblo
foro-2019-josemariumb,Martes Santo,SAN BENITO,Paso de Cristo,1996,CCTT Presentacion al Pueblo,1995-1996: CCTT Presentacion al Pueblo
foro-2019-josemariumb,Martes Santo,SAN BENITO,Paso de Cristo,1997,CCTT Cristo de la Sangre,1997-2019: CCTT Cristo de la Sangre
foro-2019-josemariumb,Martes Santo,SAN BENITO,Paso de Cristo,1998,CCTT Cristo de la Sangre,1997-2019: CCTT Cristo de la Sangre
foro-2019-josemariumb,Martes Santo,SAN BENITO,Paso de Cristo,1999,CCTT Cristo de la Sangre,1997-2019: CCTT Cristo de la Sangre
foro-2019-josemariumb,Martes Santo,SAN BENITO,Paso de Cristo,2000,CCTT Cristo de la Sangre,1997-2019: CCTT Cristo de la Sangre
foro-2019-josemariumb,Martes Santo,SAN BENITO,Paso de Cristo,2001,CCTT Cristo de la Sangre,1997-2019: CCTT Cristo de la Sangre
foro-2019-josemariumb,Martes Santo,SAN BENITO,Paso de Cristo,2002,CCTT Cristo de la Sangre,1997-2019: CCTT Cristo de la Sangre
foro-2019-josemariumb,Martes Santo,SAN BENITO,Paso de Cristo,2003,CCTT Cristo de la Sangre,1997-2019: CCTT Cristo de la Sangre
foro-2019-josemariumb,Martes Santo,SAN BENITO,Paso de Cristo,2004,CCTT Cristo de la Sangre,1997-2019: CCTT Cristo de la Sangre
foro-2019-josemariumb,Martes Santo,SAN BENITO,Paso de Cristo,2005,CCTT Cristo de la Sangre,1997-2019: CCTT Cristo de la Sangre
foro-2019-josemariumb,Martes Santo,SAN BENITO,Paso de Cristo,2006,CCTT Cristo de la Sangre,1997-2019: CCTT Cristo de la Sangre
foro-2019-josemariumb,Martes Santo,SAN BENITO,Paso de Cristo,2007,CCTT Cristo de la Sangre,1997-2019: CCTT Cristo de la Sangre
foro-2019-josemariumb,Martes Santo,SAN BENITO,Paso de Cristo,2008,CCTT Cristo de la Sangre,1997-2019: CCTT Cristo de la Sangre
foro-2019-josemariumb,Martes Santo,SAN BENITO,Paso de Cristo,2009,CCTT Cristo de la Sangre,1997-2019: CCTT Cristo de la Sangre
foro-2019-josemariumb,Martes Santo,SAN BENITO,Paso de Cristo,2010,CCTT Cristo de la Sangre,1997-2019: CCTT Cristo de la Sangre
foro-2019-josemariumb,Martes Santo,SAN BENITO,Paso de Cristo,2011,CCTT Cristo de la Sangre,1997-2019: CCTT Cristo de la Sangre
foro-2019-josemariumb,Martes Santo,SAN BENITO,Paso de Cristo,2012,CCTT Cristo de la Sangre,1997-2019: CCTT Cristo de la Sangre
foro-2019-josemariumb,Martes Santo,SAN BENITO,Paso de Cristo,2013,CCTT Cristo de la Sangre,1997-2019: CCTT Cristo de la Sangre
foro-2019-josemariumb,Martes Santo,SAN BENITO,Paso de Cristo,2014,CCTT Cristo de la Sangre,1997-2019: CCTT Cristo de la Sangre
foro-2019-josemariumb,Martes Santo,SAN BENITO,Paso de Cristo,2015,CCTT Cristo de la Sangre,1997-2019: CCTT Cristo de la Sangre
foro-2019-josemariumb,Martes Santo,SAN BENITO,Paso de Cristo,2016,CCTT Cristo de la Sangre,1997-2019: CCTT Cristo de la Sangre
foro-2019-josemariumb,Martes Santo,SAN BENITO,Paso de Cristo,2017,CCTT Cristo de la Sangre,1997-2019: CCTT Cristo de la Sangre
foro-2019-josemariumb,Martes Santo,SAN BENITO,Paso de Cristo,2018,CCTT Cristo de la Sangre,1997-2019: CCTT Cristo de la Sangre
foro-2019-josemariumb,Martes Santo,SAN BENITO,Paso de Cristo,2019,CCTT Cristo de la Sangre,1997-2019: CCTT Cristo de la Sangre
foro-2019-josemariumb,Martes Santo,SAN BENITO,Paso de Palio,1980,BM Santa Maria del Alcor,1980-1994: BM Santa Maria del Alcor
foro-2019-josemariumb,Martes Santo,SAN BENITO,Paso de Palio,1981,BM Santa Maria del Alcor,1980-1994: BM Santa Maria del Alcor
foro-2019-josemariumb,Martes Santo,SAN BENITO,Paso de Palio,1982,BM Santa Maria del Alcor,1980-1994: BM Santa Maria del Alcor
foro-2019-josemariumb,Martes Santo,SAN BENITO,Paso de Palio,1983,BM Santa Maria del Alcor,1980-1994: BM Santa Maria del Alcor
foro-2019-josemariumb,Martes Santo,SAN BENITO,Paso de Palio,1984,BM Santa Maria del Alcor,1980-1994: BM Santa Maria del Alcor
foro-2019-josemariumb,Martes Santo,SAN BENITO,Paso de Palio,1985,BM Santa Maria del Alcor,1980-1994: BM Santa Maria del Alcor
foro-2019-josemariumb,Martes Santo,SAN BENITO,Paso de Palio,1986,BM Santa Maria del Alcor,1980-1994: BM Santa Maria del Alcor
foro-2019-josemariumb,Martes Santo,SAN BENITO,Paso de Palio,1987,BM Santa Maria del Alcor,1980-1994: BM Santa Maria del Alcor
foro-2019-josemariumb,Martes Santo,SAN BENITO,Paso de Palio,1988,BM Santa Maria del Alcor,1980-1994: BM Santa Maria del Alcor
foro-2019-josemariumb,Martes Santo,SAN BENITO,Paso de Palio,1989,BM Santa Maria del Alcor,1980-1994: BM Santa Maria del Alcor
foro-2019-josemariumb,Martes Santo,SAN BENITO,Paso de Palio,1990,BM Santa Maria del Alcor,1980-1994: BM Santa Maria del Alcor
foro-2019-josemariumb,Martes Santo,SAN BENITO,Paso de Palio,1991,BM Santa Maria del Alcor,1980-1994: BM Santa Maria del Alcor
foro-2019-josemariumb,Martes Santo,SAN BENITO,Paso de Palio,1992,BM Santa Maria del Alcor,1980-1994: BM Santa Maria del Alcor
foro-2019-josemariumb,Martes Santo,SAN BENITO,Paso de Palio,1993,BM Santa Maria del Alcor,1980-1994: BM Santa Maria del Alcor
foro-2019-josemariumb,Martes Santo,SAN BENITO,Paso de Palio,1994,BM Santa Maria del Alcor,1980-1994: BM Santa Maria del Alcor
foro-2019-josemariumb,Martes Santo,SAN BENITO,Paso de Palio,1995,Banda Municipal de Guillena,1995-2000: Banda Municipal de Guillena
foro-2019-josemariumb,Martes Santo,SAN BENITO,Paso de Palio,1996,Banda Municipal de Guillena,1995-2000: Banda Municipal de Guillena
foro-2019-josemariumb,Martes Santo,SAN BENITO,Paso de Palio,1997,Banda Municipal de Guillena,1995-2000: Banda Municipal de Guillena
foro-2019-josemariumb,Martes Santo,SAN BENITO,Paso de Palio,1998,Banda Municipal de Guillena,1995-2000: Banda Municipal de Guillena
foro-2019-josemariumb,Martes Santo,SAN BENITO,Paso de Palio,1999,Banda Municipal de Guillena,1995-2000: Banda Municipal de Guillena
foro-2019-josemariumb,Martes Santo,SAN BENITO,Paso de Palio,2000,Banda Municipal de Guillena,1995-2000: Banda Municipal de Guillena
foro-2019-josemariumb,Martes Santo,SAN BENITO,Paso de Palio,2001,Banda Municipal de La Puebla del Rio,2001-2019: Banda Municipal de La Puebla del Rio
foro-2019-josemariumb,Martes Santo,SAN BENITO,Paso de Palio,2002,Banda Municipal de La Puebla del Rio,2001-2019: Banda Municipal de La Puebla del Rio
foro-2019-josemariumb,Martes Santo,SAN BENITO,Paso de Palio,2003,Banda Municipal de La Puebla del Rio,2001-2019: Banda Municipal de La Puebla del Rio
foro-2019-josemariumb,Martes Santo,SAN BENITO,Paso de Palio,2004,Banda Municipal de La Puebla del Rio,2001-2019: Banda Municipal de La Puebla del Rio
foro-2019-josemariumb,Martes Santo,SAN BENITO,Paso de Palio,2005,Banda Municipal de La Puebla del Rio,2001-2019: Banda Municipal de La Puebla del Rio
foro-2019-josemariumb,Martes Santo,SAN BENITO,Paso de Palio,2006,Banda Municipal de La Puebla del Rio,2001-2019: Banda Municipal de La Puebla del Rio
foro-2019-josemariumb,Martes Santo,SAN BENITO,Paso de Palio,2007,Banda Municipal de La Puebla del Rio,2001-2019: Banda Municipal de La Puebla del Rio
foro-2019-josemariumb,Martes Santo,SAN BENITO,Paso de Palio,2008,Banda Municipal de La Puebla del Rio,2001-2019: Banda Municipal de La Puebla del Rio
foro-2019-josemariumb,Martes Santo,SAN BENITO,Paso de Palio,2009,Banda Municipal de La Puebla del Rio,2001-2019: Banda Municipal de La Puebla del Rio
foro-2019-josemariumb,Martes Santo,SAN BENITO,Paso de Palio,2010,Banda Municipal de La Puebla del Rio,2001-2019: Banda Municipal de La Puebla del Rio
foro-2019-josemariumb,Martes Santo,SAN BENITO,Paso de Palio,2011,Banda Municipal de La Puebla del Rio,2001-2019: Banda Municipal de La Puebla del Rio
foro-2019-josemariumb,Martes Santo,SAN BENITO,Paso de Palio,2012,Banda Municipal de La Puebla del Rio,2001-2019: Banda Municipal de La Puebla del Rio
foro-2019-josemariumb,Martes Santo,SAN BENITO,Paso de Palio,2013,Banda Municipal de La Puebla del Rio,2001-2019: Banda Municipal de La Puebla del Rio
foro-2019-josemariumb,Martes Santo,SAN BENITO,Paso de Palio,2014,Banda Municipal de La Puebla del Rio,2001-2019: Banda Municipal de La Puebla del Rio
foro-2019-josemariumb,Martes Santo,SAN BENITO,Paso de Palio,2015,Banda Municipal de La Puebla del Rio,2001-2019: Banda Municipal de La Puebla del Rio
foro-2019-josemariumb,Martes Santo,SAN BENITO,Paso de Palio,2016,Banda Municipal de La Puebla del Rio,2001-2019: Banda Municipal de La Puebla del Rio
foro-2019-josemariumb,Martes Santo,SAN BENITO,Paso de Palio,2017,Banda Municipal de La Puebla del Rio,2001-2019: Banda Municipal de La Puebla del Rio
foro-2019-josemariumb,Martes Santo,SAN BENITO,Paso de Palio,2018,Banda Municipal de La Puebla del Rio,2001-2019: Banda Municipal de La Puebla del Rio
foro-2019-josemariumb,Martes Santo,SAN BENITO,Paso de Palio,2019,Banda Municipal de La Puebla del Rio,2001-2019: Banda Municipal de La Puebla del Rio
foro-2019-josemariumb,Martes Santo,CANDELARIA,Paso de Cristo,1980,CCTT Cruz Roja,1978-1980: CCTT Cruz Roja
foro-2019-josemariumb,Martes Santo,CANDELARIA,Paso de Cristo,1981,AM Ntra. Sra. De las Angustias,1981-1986: AM Ntra. Sra. De las Angustias
foro-2019-josemariumb,Martes Santo,CANDELARIA,Paso de Cristo,1982,AM Ntra. Sra. De las Angustias,1981-1986: AM Ntra. Sra. De las Angustias
foro-2019-josemariumb,Martes Santo,CANDELARIA,Paso de Cristo,1983,AM Ntra. Sra. De las Angustias,1981-1986: AM Ntra. Sra. De las Angustias
foro-2019-josemariumb,Martes Santo,CANDELARIA,Paso de Cristo,1984,AM Ntra. Sra. De las Angustias,1981-1986: AM Ntra. Sra. De las Angustias
foro-2019-josemariumb,Martes Santo,CANDELARIA,Paso de Cristo,1985,AM Ntra. Sra. De las Angustias,1981-1986: AM Ntra. Sra. De las Angustias
foro-2019-josemariumb,Martes Santo,CANDELARIA,Paso de Cristo,1986,AM Ntra. Sra. De las Angustias,1981-1986: AM Ntra. Sra. De las Angustias
foro-2019-josemariumb,Martes Santo,CANDELARIA,Paso de Cristo,1987,CCTT Sol,1987-1989: CCTT Sol
foro-2019-josemariumb,Martes Santo,CANDELARIA,Paso de Cristo,1988,CCTT Sol,1987-1989: CCTT Sol
foro-2019-josemariumb,Martes Santo,CANDELARIA,Paso de Cristo,1989,CCTT Sol,1987-1989: CCTT Sol
foro-2019-josemariumb,Martes Santo,CANDELARIA,Paso de Cristo,1990,CCTT Presentacion al Pueblo,1990: CCTT Presentacion al Pueblo
foro-2019-josemariumb,Martes Santo,CANDELARIA,Paso de Cristo,1991,CCTT Sol,1991-1997: CCTT Sol
foro-2019-josemariumb,Martes Santo,CANDELARIA,Paso de Cristo,1992,CCTT Sol,1991-1997: CCTT Sol
foro-2019-josemariumb,Martes Santo,CANDELARIA,Paso de Cristo,1993,CCTT Sol,1991-1997: CCTT Sol
foro-2019-josemariumb,Martes Santo,CANDELARIA,Paso de Cristo,1994,CCTT Sol,1991-1997: CCTT Sol
foro-2019-josemariumb,Martes Santo,CANDELARIA,Paso de Cristo,1995,CCTT Sol,1991-1997: CCTT Sol
foro-2019-josemariumb,Martes Santo,CANDELARIA,Paso de Cristo,1996,CCTT Sol,1991-1997: CCTT Sol
foro-2019-josemariumb,Martes Santo,CANDELARIA,Paso de Cristo,1997,CCTT Sol,1991-1997: CCTT Sol
foro-2019-josemariumb,Martes Santo,CANDELARIA,Paso de Cristo,1998,CCTT Centuria Macarena,1998-2000: CCTT Centuria Macarena
foro-2019-josemariumb,Martes Santo,CANDELARIA,Paso de Cristo,1999,CCTT Centuria Macarena,1998-2000: CCTT Centuria Macarena
foro-2019-josemariumb,Martes Santo,CANDELARIA,Paso de Cristo,2000,CCTT Centuria Macarena,1998-2000: CCTT Centuria Macarena
foro-2019-josemariumb,Martes Santo,CANDELARIA,Paso de Cristo,2001,CCTT Tres Caidas,2001-2019: CCTT Tres Caidas
foro-2019-josemariumb,Martes Santo,CANDELARIA,Paso de Cristo,2002,CCTT Tres Caidas,2001-2019: CCTT Tres Caidas
foro-2019-josemariumb,Martes Santo,CANDELARIA,Paso de Cristo,2003,CCTT Tres Caidas,2001-2019: CCTT Tres Caidas
foro-2019-josemariumb,Martes Santo,CANDELARIA,Paso de Cristo,2004,CCTT Tres Caidas,2001-2019: CCTT Tres Caidas
foro-2019-josemariumb,Martes Santo,CANDELARIA,Paso de Cristo,2005,CCTT Tres Caidas,2001-2019: CCTT Tres Caidas
foro-2019-josemariumb,Martes Santo,CANDELARIA,Paso de Cristo,2006,CCTT Tres Caidas,2001-2019: CCTT Tres Caidas
foro-2019-josemariumb,Martes Santo,CANDELARIA,Paso de Cristo,2007,CCTT Tres Caidas,2001-2019: CCTT Tres Caidas
foro-2019-josemariumb,Martes Santo,CANDELARIA,Paso de Cristo,2008,CCTT Tres Caidas,2001-2019: CCTT Tres Caidas
foro-2019-josemariumb,Martes Santo,CANDELARIA,Paso de Cristo,2009,CCTT Tres Caidas,2001-2019: CCTT Tres Caidas
foro-2019-josemariumb,Martes Santo,CANDELARIA,Paso de Cristo,2010,CCTT Tres Caidas,2001-2019: CCTT Tres Caidas
foro-2019-josemariumb,Martes Santo,CANDELARIA,Paso de Cristo,2011,CCTT Tres Caidas,2001-2019: CCTT Tres Caidas
foro-2019-josemariumb,Martes Santo,CANDELARIA,Paso de Cristo,2012,CCTT Tres Caidas,2001-2019: CCTT Tres Caidas
foro-2019-josemariumb,Martes Santo,CANDELARIA,Paso de Cristo,2013,CCTT Tres Caidas,2001-2019: CCTT Tres Caidas
foro-2019-josemariumb,Martes Santo,CANDELARIA,Paso de Cristo,2014,CCTT Tres Caidas,2001-2019: CCTT Tres Caidas
foro-2019-josemariumb,Martes Santo,CANDELARIA,Paso de Cristo,2015,CCTT Tres Caidas,2001-2019: CCTT Tres Caidas
foro-2019-josemariumb,Martes Santo,CANDELARIA,Paso de Cristo,2016,CCTT Tres Caidas,2001-2019: CCTT Tres Caidas
foro-2019-josemariumb,Martes Santo,CANDELARIA,Paso de Cristo,2017,CCTT Tres Caidas,2001-2019: CCTT Tres Caidas
foro-2019-josemariumb,Martes Santo,CANDELARIA,Paso de Cristo,2018,CCTT Tres Caidas,2001-2019: CCTT Tres Caidas
foro-2019-josemariumb,Martes Santo,CANDELARIA,Paso de Cristo,2019,CCTT Tres Caidas,2001-2019: CCTT Tres Caidas
foro-2019-josemariumb,Martes Santo,CANDELARIA,Paso de Palio,1980,BM Municipal de Guillena,1980-1983: BM Municipal de Guillena
foro-2019-josemariumb,Martes Santo,CANDELARIA,Paso de Palio,1981,BM Municipal de Guillena,1980-1983: BM Municipal de Guillena
foro-2019-josemariumb,Martes Santo,CANDELARIA,Paso de Palio,1982,BM Municipal de Guillena,1980-1983: BM Municipal de Guillena
foro-2019-josemariumb,Martes Santo,CANDELARIA,Paso de Palio,1983,BM Municipal de Guillena,1980-1983: BM Municipal de Guillena
foro-2019-josemariumb,Martes Santo,CANDELARIA,Paso de Palio,1984,BM Cruz Roja,1984-2019: BM Cruz Roja
foro-2019-josemariumb,Martes Santo,CANDELARIA,Paso de Palio,1985,BM Cruz Roja,1984-2019: BM Cruz Roja
foro-2019-josemariumb,Martes Santo,CANDELARIA,Paso de Palio,1986,BM Cruz Roja,1984-2019: BM Cruz Roja
foro-2019-josemariumb,Martes Santo,CANDELARIA,Paso de Palio,1987,BM Cruz Roja,1984-2019: BM Cruz Roja
foro-2019-josemariumb,Martes Santo,CANDELARIA,Paso de Palio,1988,BM Cruz Roja,1984-2019: BM Cruz Roja
foro-2019-josemariumb,Martes Santo,CANDELARIA,Paso de Palio,1989,BM Cruz Roja,1984-2019: BM Cruz Roja
foro-2019-josemariumb,Martes Santo,CANDELARIA,Paso de Palio,1990,BM Cruz Roja,1984-2019: BM Cruz Roja
foro-2019-josemariumb,Martes Santo,CANDELARIA,Paso de Palio,1991,BM Cruz Roja,1984-2019: BM Cruz Roja
foro-2019-josemariumb,Martes Santo,CANDELARIA,Paso de Palio,1992,BM Cruz Roja,1984-2019: BM Cruz Roja
foro-2019-josemariumb,Martes Santo,CANDELARIA,Paso de Palio,1993,BM Cruz Roja,1984-2019: BM Cruz Roja
foro-2019-josemariumb,Martes Santo,CANDELARIA,Paso de Palio,1994,BM Cruz Roja,1984-2019: BM Cruz Roja
foro-2019-josemariumb,Martes Santo,CANDELARIA,Paso de Palio,1995,BM Cruz Roja,1984-2019: BM Cruz Roja
foro-2019-josemariumb,Martes Santo,CANDELARIA,Paso de Palio,1996,BM Cruz Roja,1984-2019: BM Cruz Roja
foro-2019-josemariumb,Martes Santo,CANDELARIA,Paso de Palio,1997,BM Cruz Roja,1984-2019: BM Cruz Roja
foro-2019-josemariumb,Martes Santo,CANDELARIA,Paso de Palio,1998,BM Cruz Roja,1984-2019: BM Cruz Roja
foro-2019-josemariumb,Martes Santo,CANDELARIA,Paso de Palio,1999,BM Cruz Roja,1984-2019: BM Cruz Roja
foro-2019-josemariumb,Martes Santo,CANDELARIA,Paso de Palio,2000,BM Cruz Roja,1984-2019: BM Cruz Roja
foro-2019-josemariumb,Martes Santo,CANDELARIA,Paso de Palio,2001,BM Cruz Roja,1984-2019: BM Cruz Roja
foro-2019-josemariumb,Martes Santo,CANDELARIA,Paso de Palio,2002,BM Cruz Roja,1984-2019: BM Cruz Roja
foro-2019-josemariumb,Martes Santo,CANDELARIA,Paso de Palio,2003,BM Cruz Roja,1984-2019: BM Cruz Roja
foro-2019-josemariumb,Martes Santo,CANDELARIA,Paso de Palio,2004,BM Cruz Roja,1984-2019: BM Cruz Roja
foro-2019-josemariumb,Martes Santo,CANDELARIA,Paso de Palio,2005,BM Cruz Roja,1984-2019: BM Cruz Roja
foro-2019-josemariumb,Martes Santo,CANDELARIA,Paso de Palio,2006,BM Cruz Roja,1984-2019: BM Cruz Roja
foro-2019-josemariumb,Martes Santo,CANDELARIA,Paso de Palio,2007,BM Cruz Roja,1984-2019: BM Cruz Roja
foro-2019-josemariumb,Martes Santo,CANDELARIA,Paso de Palio,2008,BM Cruz Roja,1984-2019: BM Cruz Roja
foro-2019-josemariumb,Martes Santo,CANDELARIA,Paso de Palio,2009,BM Cruz Roja,1984-2019: BM Cruz Roja
foro-2019-josemariumb,Martes Santo,CANDELARIA,Paso de Palio,2010,BM Cruz Roja,1984-2019: BM Cruz Roja
foro-2019-josemariumb,Martes Santo,CANDELARIA,Paso de Palio,2011,BM Cruz Roja,1984-2019: BM Cruz Roja
foro-2019-josemariumb,Martes Santo,CANDELARIA,Paso de Palio,2012,BM Cruz Roja,1984-2019: BM Cruz Roja
foro-2019-josemariumb,Martes Santo,CANDELARIA,Paso de Palio,2013,BM Cruz Roja,1984-2019: BM Cruz Roja
foro-2019-josemariumb,Martes Santo,CANDELARIA,Paso de Palio,2014,BM Cruz Roja,1984-2019: BM Cruz Roja
foro-2019-josemariumb,Martes Santo,CANDELARIA,Paso de Palio,2015,BM Cruz Roja,1984-2019: BM Cruz Roja
foro-2019-josemariumb,Martes Santo,CANDELARIA,Paso de Palio,2016,BM Cruz Roja,1984-2019: BM Cruz Roja
foro-2019-josemariumb,Martes Santo,CANDELARIA,Paso de Palio,2017,BM Cruz Roja,1984-2019: BM Cruz Roja
foro-2019-josemariumb,Martes Santo,CANDELARIA,Paso de Palio,2018,BM Cruz Roja,1984-2019: BM Cruz Roja
foro-2019-josemariumb,Martes Santo,CANDELARIA,Paso de Palio,2019,BM Cruz Roja,1984-2019: BM Cruz Roja
foro-2019-josemariumb,Martes Santo,DULCE NOMBRE,Paso de Misterio,1980,CCTT Policia Municipal,1980-1981: CCTT Policia Municipal
foro-2019-josemariumb,Martes Santo,DULCE NOMBRE,Paso de Misterio,1981,CCTT Policia Municipal,1980-1981: CCTT Policia Municipal
foro-2019-josemariumb,Martes Santo,DULCE NOMBRE,Paso de Misterio,1982,CCTT Las Cigarreras,1982-2019: CCTT Las Cigarreras
foro-2019-josemariumb,Martes Santo,DULCE NOMBRE,Paso de Misterio,1983,CCTT Las Cigarreras,1982-2019: CCTT Las Cigarreras
foro-2019-josemariumb,Martes Santo,DULCE NOMBRE,Paso de Misterio,1984,CCTT Las Cigarreras,1982-2019: CCTT Las Cigarreras
foro-2019-josemariumb,Martes Santo,DULCE NOMBRE,Paso de Misterio,1985,CCTT Las Cigarreras,1982-2019: CCTT Las Cigarreras
foro-2019-josemariumb,Martes Santo,DULCE NOMBRE,Paso de Misterio,1986,CCTT Las Cigarreras,1982-2019: CCTT Las Cigarreras
foro-2019-josemariumb,Martes Santo,DULCE NOMBRE,Paso de Misterio,1987,CCTT Las Cigarreras,1982-2019: CCTT Las Cigarreras
foro-2019-josemariumb,Martes Santo,DULCE NOMBRE,Paso de Misterio,1988,CCTT Las Cigarreras,1982-2019: CCTT Las Cigarreras
foro-2019-josemariumb,Martes Santo,DULCE NOMBRE,Paso de Misterio,1989,CCTT Las Cigarreras,1982-2019: CCTT Las Cigarreras
foro-2019-josemariumb,Martes Santo,DULCE NOMBRE,Paso de Misterio,1990,CCTT Las Cigarreras,1982-2019: CCTT Las Cigarreras
foro-2019-josemariumb,Martes Santo,DULCE NOMBRE,Paso de Misterio,1991,CCTT Las Cigarreras,1982-2019: CCTT Las Cigarreras
foro-2019-josemariumb,Martes Santo,DULCE NOMBRE,Paso de Misterio,1992,CCTT Las Cigarreras,1982-2019: CCTT Las Cigarreras
foro-2019-josemariumb,Martes Santo,DULCE NOMBRE,Paso de Misterio,1993,CCTT Las Cigarreras,1982-2019: CCTT Las Cigarreras
foro-2019-josemariumb,Martes Santo,DULCE NOMBRE,Paso de Misterio,1994,CCTT Las Cigarreras,1982-2019: CCTT Las Cigarreras
foro-2019-josemariumb,Martes Santo,DULCE NOMBRE,Paso de Misterio,1995,CCTT Las Cigarreras,1982-2019: CCTT Las Cigarreras
foro-2019-josemariumb,Martes Santo,DULCE NOMBRE,Paso de Misterio,1996,CCTT Las Cigarreras,1982-2019: CCTT Las Cigarreras
foro-2019-josemariumb,Martes Santo,DULCE NOMBRE,Paso de Misterio,1997,CCTT Las Cigarreras,1982-2019: CCTT Las Cigarreras
foro-2019-josemariumb,Martes Santo,DULCE NOMBRE,Paso de Misterio,1998,CCTT Las Cigarreras,1982-2019: CCTT Las Cigarreras
foro-2019-josemariumb,Martes Santo,DULCE NOMBRE,Paso de Misterio,1999,CCTT Las Cigarreras,1982-2019: CCTT Las Cigarreras
foro-2019-josemariumb,Martes Santo,DULCE NOMBRE,Paso de Misterio,2000,CCTT Las Cigarreras,1982-2019: CCTT Las Cigarreras
foro-2019-josemariumb,Martes Santo,DULCE NOMBRE,Paso de Misterio,2001,CCTT Las Cigarreras,1982-2019: CCTT Las Cigarreras
foro-2019-josemariumb,Martes Santo,DULCE NOMBRE,Paso de Misterio,2002,CCTT Las Cigarreras,1982-2019: CCTT Las Cigarreras
foro-2019-josemariumb,Martes Santo,DULCE NOMBRE,Paso de Misterio,2003,CCTT Las Cigarreras,1982-2019: CCTT Las Cigarreras
foro-2019-josemariumb,Martes Santo,DULCE NOMBRE,Paso de Misterio,2004,CCTT Las Cigarreras,1982-2019: CCTT Las Cigarreras
foro-2019-josemariumb,Martes Santo,DULCE NOMBRE,Paso de Misterio,2005,CCTT Las Cigarreras,1982-2019: CCTT Las Cigarreras
foro-2019-josemariumb,Martes Santo,DULCE NOMBRE,Paso de Misterio,2006,CCTT Las Cigarreras,1982-2019: CCTT Las Cigarreras
foro-2019-josemariumb,Martes Santo,DULCE NOMBRE,Paso de Misterio,2007,CCTT Las Cigarreras,1982-2019: CCTT Las Cigarreras
foro-2019-josemariumb,Martes Santo,DULCE NOMBRE,Paso de Misterio,2008,CCTT Las Cigarreras,1982-2019: CCTT Las Cigarreras
foro-2019-josemariumb,Martes Santo,DULCE NOMBRE,Paso de Misterio,2009,CCTT Las Cigarreras,1982-2019: CCTT Las Cigarreras
foro-2019-josemariumb,Martes Santo,DULCE NOMBRE,Paso de Misterio,2010,CCTT Las Cigarreras,1982-2019: CCTT Las Cigarreras
foro-2019-josemariumb,Martes Santo,DULCE NOMBRE,Paso de Misterio,2011,CCTT Las Cigarreras,1982-2019: CCTT Las Cigarreras
foro-2019-josemariumb,Martes Santo,DULCE NOMBRE,Paso de Misterio,2012,CCTT Las Cigarreras,1982-2019: CCTT Las Cigarreras
foro-2019-josemariumb,Martes Santo,DULCE NOMBRE,Paso de Misterio,2013,CCTT Las Cigarreras,1982-2019: CCTT Las Cigarreras
foro-2019-josemariumb,Martes Santo,DULCE NOMBRE,Paso de Misterio,2014,CCTT Las Cigarreras,1982-2019: CCTT Las Cigarreras
foro-2019-josemariumb,Martes Santo,DULCE NOMBRE,Paso de Misterio,2015,CCTT Las Cigarreras,1982-2019: CCTT Las Cigarreras
foro-2019-josemariumb,Martes Santo,DULCE NOMBRE,Paso de Misterio,2016,CCTT Las Cigarreras,1982-2019: CCTT Las Cigarreras
foro-2019-josemariumb,Martes Santo,DULCE NOMBRE,Paso de Misterio,2017,CCTT Las Cigarreras,1982-2019: CCTT Las Cigarreras
foro-2019-josemariumb,Martes Santo,DULCE NOMBRE,Paso de Misterio,2018,CCTT Las Cigarreras,1982-2019: CCTT Las Cigarreras
foro-2019-josemariumb,Martes Santo,DULCE NOMBRE,Paso de Misterio,2019,CCTT Las Cigarreras,1982-2019: CCTT Las Cigarreras
foro-2019-josemariumb,Martes Santo,DULCE NOMBRE,Paso de Palio,1980,BM Inmaculada (Soria 9),1980-1984: BM Inmaculada (Soria 9)
foro-2019-josemariumb,Martes Santo,DULCE NOMBRE,Paso de Palio,1981,BM Inmaculada (Soria 9),1980-1984: BM Inmaculada (Soria 9)
foro-2019-josemariumb,Martes Santo,DULCE NOMBRE,Paso de Palio,1982,BM Inmaculada (Soria 9),1980-1984: BM Inmaculada (Soria 9)
foro-2019-josemariumb,Martes Santo,DULCE NOMBRE,Paso de Palio,1983,BM Inmaculada (Soria 9),1980-1984: BM Inmaculada (Soria 9)
foro-2019-josemariumb,Martes Santo,DULCE NOMBRE,Paso de Palio,1984,BM Inmaculada (Soria 9),1980-1984: BM Inmaculada (Soria 9)
foro-2019-josemariumb,Martes Santo,DULCE NOMBRE,Paso de Palio,1985,BM Agrupacion de Guillena,1985-1988: BM Agrupacion de Guillena
foro-2019-josemariumb,Martes Santo,DULCE NOMBRE,Paso de Palio,1986,BM Agrupacion de Guillena,1985-1988: BM Agrupacion de Guillena
foro-2019-josemariumb,Martes Santo,DULCE NOMBRE,Paso de Palio,1987,BM Agrupacion de Guillena,1985-1988: BM Agrupacion de Guillena
foro-2019-josemariumb,Martes Santo,DULCE NOMBRE,Paso de Palio,1988,BM Agrupacion de Guillena,1985-1988: BM Agrupacion de Guillena
foro-2019-josemariumb,Martes Santo,DULCE NOMBRE,Paso de Palio,1989,BM Nuestra Senora de la Oliva de Salteras,1989-1996: BM Nuestra Senora de la Oliva de Salteras
foro-2019-josemariumb,Martes Santo,DULCE NOMBRE,Paso de Palio,1990,BM Nuestra Senora de la Oliva de Salteras,1989-1996: BM Nuestra Senora de la Oliva de Salteras
foro-2019-josemariumb,Martes Santo,DULCE NOMBRE,Paso de Palio,1991,BM Nuestra Senora de la Oliva de Salteras,1989-1996: BM Nuestra Senora de la Oliva de Salteras
foro-2019-josemariumb,Martes Santo,DULCE NOMBRE,Paso de Palio,1992,BM Nuestra Senora de la Oliva de Salteras,1989-1996: BM Nuestra Senora de la Oliva de Salteras
foro-2019-josemariumb,Martes Santo,DULCE NOMBRE,Paso de Palio,1993,BM Nuestra Senora de la Oliva de Salteras,1989-1996: BM Nuestra Senora de la Oliva de Salteras
foro-2019-josemariumb,Martes Santo,DULCE NOMBRE,Paso de Palio,1994,BM Nuestra Senora de la Oliva de Salteras,1989-1996: BM Nuestra Senora de la Oliva de Salteras
foro-2019-josemariumb,Martes Santo,DULCE NOMBRE,Paso de Palio,1995,BM Nuestra Senora de la Oliva de Salteras,1989-1996: BM Nuestra Senora de la Oliva de Salteras
foro-2019-josemariumb,Martes Santo,DULCE NOMBRE,Paso de Palio,1996,BM Nuestra Senora de la Oliva de Salteras,1989-1996: BM Nuestra Senora de la Oliva de Salteras
foro-2019-josemariumb,Martes Santo,DULCE NOMBRE,Paso de Palio,1997,BM Nuestra Senora de la Victoria (Cigarreras),1997-2005: BM Nuestra Senora de la Victoria (Cigarreras)
foro-2019-josemariumb,Martes Santo,DULCE NOMBRE,Paso de Palio,1998,BM Nuestra Senora de la Victoria (Cigarreras),1997-2005: BM Nuestra Senora de la Victoria (Cigarreras)
foro-2019-josemariumb,Martes Santo,DULCE NOMBRE,Paso de Palio,1999,BM Nuestra Senora de la Victoria (Cigarreras),1997-2005: BM Nuestra Senora de la Victoria (Cigarreras)
foro-2019-josemariumb,Martes Santo,DULCE NOMBRE,Paso de Palio,2000,BM Nuestra Senora de la Victoria (Cigarreras),1997-2005: BM Nuestra Senora de la Victoria (Cigarreras)
foro-2019-josemariumb,Martes Santo,DULCE NOMBRE,Paso de Palio,2001,BM Nuestra Senora de la Victoria (Cigarreras),1997-2005: BM Nuestra Senora de la Victoria (Cigarreras)
foro-2019-josemariumb,Martes Santo,DULCE NOMBRE,Paso de Palio,2002,BM Nuestra Senora de la Victoria (Cigarreras),1997-2005: BM Nuestra Senora de la Victoria (Cigarreras)
foro-2019-josemariumb,Martes Santo,DULCE NOMBRE,Paso de Palio,2003,BM Nuestra Senora de la Victoria (Cigarreras),1997-2005: BM Nuestra Senora de la Victoria (Cigarreras)
foro-2019-josemariumb,Martes Santo,DULCE NOMBRE,Paso de Palio,2004,BM Nuestra Senora de la Victoria (Cigarreras),1997-2005: BM Nuestra Senora de la Victoria (Cigarreras)
foro-2019-josemariumb,Martes Santo,DULCE NOMBRE,Paso de Palio,2005,BM Nuestra Senora de la Victoria (Cigarreras),1997-2005: BM Nuestra Senora de la Victoria (Cigarreras)
foro-2019-josemariumb,Martes Santo,DULCE NOMBRE,Paso de Palio,2006,Sociedad Filarmonica Nuestra Senora de la Oliva de Salteras,2006-2019: Sociedad Filarmonica Nuestra Senora de la Oliva de Salteras
foro-2019-josemariumb,Martes Santo,DULCE NOMBRE,Paso de Palio,2007,Sociedad Filarmonica Nuestra Senora de la Oliva de Salteras,2006-2019: Sociedad Filarmonica Nuestra Senora de la Oliva de Salteras
foro-2019-josemariumb,Martes Santo,DULCE NOMBRE,Paso de Palio,2008,Sociedad Filarmonica Nuestra Senora de la Oliva de Salteras,2006-2019: Sociedad Filarmonica Nuestra Senora de la Oliva de Salteras
foro-2019-josemariumb,Martes Santo,DULCE NOMBRE,Paso de Palio,2009,Sociedad Filarmonica Nuestra Senora de la Oliva de Salteras,2006-2019: Sociedad Filarmonica Nuestra Senora de la Oliva de Salteras
foro-2019-josemariumb,Martes Santo,DULCE NOMBRE,Paso de Palio,2010,Sociedad Filarmonica Nuestra Senora de la Oliva de Salteras,2006-2019: Sociedad Filarmonica Nuestra Senora de la Oliva de Salteras
foro-2019-josemariumb,Martes Santo,DULCE NOMBRE,Paso de Palio,2011,Sociedad Filarmonica Nuestra Senora de la Oliva de Salteras,2006-2019: Sociedad Filarmonica Nuestra Senora de la Oliva de Salteras
foro-2019-josemariumb,Martes Santo,DULCE NOMBRE,Paso de Palio,2012,Sociedad Filarmonica Nuestra Senora de la Oliva de Salteras,2006-2019: Sociedad Filarmonica Nuestra Senora de la Oliva de Salteras
foro-2019-josemariumb,Martes Santo,DULCE NOMBRE,Paso de Palio,2013,Sociedad Filarmonica Nuestra Senora de la Oliva de Salteras,2006-2019: Sociedad Filarmonica Nuestra Senora de la Oliva de Salteras
foro-2019-josemariumb,Martes Santo,DULCE NOMBRE,Paso de Palio,2014,Sociedad Filarmonica Nuestra Senora de la Oliva de Salteras,2006-2019: Sociedad Filarmonica Nuestra Senora de la Oliva de Salteras
foro-2019-josemariumb,Martes Santo,DULCE NOMBRE,Paso de Palio,2015,Sociedad Filarmonica Nuestra Senora de la Oliva de Salteras,2006-2019: Sociedad Filarmonica Nuestra Senora de la Oliva de Salteras
foro-2019-josemariumb,Martes Santo,DULCE NOMBRE,Paso de Palio,2016,Sociedad Filarmonica Nuestra Senora de la Oliva de Salteras,2006-2019: Sociedad Filarmonica Nuestra Senora de la Oliva de Salteras
foro-2019-josemariumb,Martes Santo,DULCE NOMBRE,Paso de Palio,2017,Sociedad Filarmonica Nuestra Senora de la Oliva de Salteras,2006-2019: Sociedad Filarmonica Nuestra Senora de la Oliva de Salteras
foro-2019-josemariumb,Martes Santo,DULCE NOMBRE,Paso de Palio,2018,Sociedad Filarmonica Nuestra Senora de la Oliva de Salteras,2006-2019: Sociedad Filarmonica Nuestra Senora de la Oliva de Salteras
foro-2019-josemariumb,Martes Santo,DULCE NOMBRE,Paso de Palio,2019,Sociedad Filarmonica Nuestra Senora de la Oliva de Salteras,2006-2019: Sociedad Filarmonica Nuestra Senora de la Oliva de Salteras
foro-2019-josemariumb,Martes Santo,SANTA CRUZ,Paso de Palio,1980,BM Maestro Tejera,1980-1984: BM Maestro Tejera
foro-2019-josemariumb,Martes Santo,SANTA CRUZ,Paso de Palio,1981,BM Maestro Tejera,1980-1984: BM Maestro Tejera
foro-2019-josemariumb,Martes Santo,SANTA CRUZ,Paso de Palio,1982,BM Maestro Tejera,1980-1984: BM Maestro Tejera
foro-2019-josemariumb,Martes Santo,SANTA CRUZ,Paso de Palio,1983,BM Maestro Tejera,1980-1984: BM Maestro Tejera
foro-2019-josemariumb,Martes Santo,SANTA CRUZ,Paso de Palio,1984,BM Maestro Tejera,1980-1984: BM Maestro Tejera
foro-2019-josemariumb,Martes Santo,SANTA CRUZ,Paso de Palio,1985,BM Ntra. Sra. Del Aguila de Alcala de Guadaira,1985-1986: BM Ntra. Sra. Del Aguila de Alcala de Guadaira
foro-2019-josemariumb,Martes Santo,SANTA CRUZ,Paso de Palio,1986,BM Ntra. Sra. Del Aguila de Alcala de Guadaira,1985-1986: BM Ntra. Sra. Del Aguila de Alcala de Guadaira
foro-2019-josemariumb,Martes Santo,SANTA CRUZ,Paso de Palio,1987,BM Maestro Tejera,1987-2019: BM Maestro Tejera
foro-2019-josemariumb,Martes Santo,SANTA CRUZ,Paso de Palio,1988,BM Maestro Tejera,1987-2019: BM Maestro Tejera
foro-2019-josemariumb,Martes Santo,SANTA CRUZ,Paso de Palio,1989,BM Maestro Tejera,1987-2019: BM Maestro Tejera
foro-2019-josemariumb,Martes Santo,SANTA CRUZ,Paso de Palio,1990,BM Maestro Tejera,1987-2019: BM Maestro Tejera
foro-2019-josemariumb,Martes Santo,SANTA CRUZ,Paso de Palio,1991,BM Maestro Tejera,1987-2019: BM Maestro Tejera
foro-2019-josemariumb,Martes Santo,SANTA CRUZ,Paso de Palio,1992,BM Maestro Tejera,1987-2019: BM Maestro Tejera
foro-2019-josemariumb,Martes Santo,SANTA CRUZ,Paso de Palio,1993,BM Maestro Tejera,1987-2019: BM Maestro Tejera
foro-2019-josemariumb,Martes Santo,SANTA CRUZ,Paso de Palio,1994,BM Maestro Tejera,1987-2019: BM Maestro Tejera
foro-2019-josemariumb,Martes Santo,SANTA CRUZ,Paso de Palio,1995,BM Maestro Tejera,1987-2019: BM Maestro Tejera
foro-2019-josemariumb,Martes Santo,SANTA CRUZ,Paso de Palio,1996,BM Maestro Tejera,1987-2019: BM Maestro Tejera
foro-2019-josemariumb,Martes Santo,SANTA CRUZ,Paso de Palio,1997,BM Maestro Tejera,1987-2019: BM Maestro Tejera
foro-2019-josemariumb,Martes Santo,SANTA CRUZ,Paso de Palio,1998,BM Maestro Tejera,1987-2019: BM Maestro Tejera
foro-2019-josemariumb,Martes Santo,SANTA CRUZ,Paso de Palio,1999,BM Maestro Tejera,1987-2019: BM Maestro Tejera
foro-2019-josemariumb,Martes Santo,SANTA CRUZ,Paso de Palio,2000,BM Maestro Tejera,1987-2019: BM Maestro Tejera
foro-2019-josemariumb,Martes Santo,SANTA CRUZ,Paso de Palio,2001,BM Maestro Tejera,1987-2019: BM Maestro Tejera
foro-2019-josemariumb,Martes Santo,SANTA CRUZ,Paso de Palio,2002,BM Maestro Tejera,1987-2019: BM Maestro Tejera
foro-2019-josemariumb,Martes Santo,SANTA CRUZ,Paso de Palio,2003,BM Maestro Tejera,1987-2019: BM Maestro Tejera
foro-2019-josemariumb,Martes Santo,SANTA CRUZ,Paso de Palio,2004,BM Maestro Tejera,1987-2019: BM Maestro Tejera
foro-2019-josemariumb,Martes Santo,SANTA CRUZ,Paso de Palio,2005,BM Maestro Tejera,1987-2019: BM Maestro Tejera
foro-2019-josemariumb,Martes Santo,SANTA CRUZ,Paso de Palio,2006,BM Maestro Tejera,1987-2019: BM Maestro Tejera
foro-2019-josemariumb,Martes Santo,SANTA CRUZ,Paso de Palio,2007,BM Maestro Tejera,1987-2019: BM Maestro Tejera
foro-2019-josemariumb,Martes Santo,SANTA CRUZ,Paso de Palio,2008,BM Maestro Tejera,1987-2019: BM Maestro Tejera
foro-2019-josemariumb,Martes Santo,SANTA CRUZ,Paso de Palio,2009,BM Maestro Tejera,1987-2019: BM Maestro Tejera
foro-2019-josemariumb,Martes Santo,SANTA CRUZ,Paso de Palio,2010,BM Maestro Tejera,1987-2019: BM Maestro Tejera
foro-2019-josemariumb,Martes Santo,SANTA CRUZ,Paso de Palio,2011,BM Maestro Tejera,1987-2019: BM Maestro Tejera
foro-2019-josemariumb,Martes Santo,SANTA CRUZ,Paso de Palio,2012,BM Maestro Tejera,1987-2019: BM Maestro Tejera
foro-2019-josemariumb,Martes Santo,SANTA CRUZ,Paso de Palio,2013,BM Maestro Tejera,1987-2019: BM Maestro Tejera
foro-2019-josemariumb,Martes Santo,SANTA CRUZ,Paso de Palio,2014,BM Maestro Tejera,1987-2019: BM Maestro Tejera
foro-2019-josemariumb,Martes Santo,SANTA CRUZ,Paso de Palio,2015,BM Maestro Tejera,1987-2019: BM Maestro Tejera
foro-2019-josemariumb,Martes Santo,SANTA CRUZ,Paso de Palio,2016,BM Maestro Tejera,1987-2019: BM Maestro Tejera
foro-2019-josemariumb,Martes Santo,SANTA CRUZ,Paso de Palio,2017,BM Maestro Tejera,1987-2019: BM Maestro Tejera
foro-2019-josemariumb,Martes Santo,SANTA CRUZ,Paso de Palio,2018,BM Maestro Tejera,1987-2019: BM Maestro Tejera
foro-2019-josemariumb,Martes Santo,SANTA CRUZ,Paso de Palio,2019,BM Maestro Tejera,1987-2019: BM Maestro Tejera
foro-2019-josemariumb,Miercoles Santo,EL CARMEN,Paso de Misterio,1993,CCTT Presentacion al Pueblo de Dos Hermanas,1993-1996: CCTT Presentacion al Pueblo de Dos Hermanas
foro-2019-josemariumb,Miercoles Santo,EL CARMEN,Paso de Misterio,1994,CCTT Presentacion al Pueblo de Dos Hermanas,1993-1996: CCTT Presentacion al Pueblo de Dos Hermanas
foro-2019-josemariumb,Miercoles Santo,EL CARMEN,Paso de Misterio,1995,CCTT Presentacion al Pueblo de Dos Hermanas,1993-1996: CCTT Presentacion al Pueblo de Dos Hermanas
foro-2019-josemariumb,Miercoles Santo,EL CARMEN,Paso de Misterio,1996,CCTT Presentacion al Pueblo de Dos Hermanas,1993-1996: CCTT Presentacion al Pueblo de Dos Hermanas
foro-2019-josemariumb,Miercoles Santo,EL CARMEN,Paso de Misterio,1997,BM Centuria Macarena,1997-1998: BM Centuria Macarena
foro-2019-josemariumb,Miercoles Santo,EL CARMEN,Paso de Misterio,1998,BM Centuria Macarena,1997-1998: BM Centuria Macarena
foro-2019-josemariumb,Miercoles Santo,EL CARMEN,Paso de Misterio,1999,CCTT Juvenil Las Cigarreras,1999-2002: CCTT Juvenil Las Cigarreras
foro-2019-josemariumb,Miercoles Santo,EL CARMEN,Paso de Misterio,2000,CCTT Juvenil Las Cigarreras,1999-2002: CCTT Juvenil Las Cigarreras
foro-2019-josemariumb,Miercoles Santo,EL CARMEN,Paso de Misterio,2001,CCTT Juvenil Las Cigarreras,1999-2002: CCTT Juvenil Las Cigarreras
foro-2019-josemariumb,Miercoles Santo,EL CARMEN,Paso de Misterio,2002,CCTT Juvenil Las Cigarreras,1999-2002: CCTT Juvenil Las Cigarreras
foro-2019-josemariumb,Miercoles Santo,EL CARMEN,Paso de Misterio,2003,CCTT Juvenil Las Cigarreras,2003: CCTT Juvenil Las Cigarreras
foro-2019-josemariumb,Miercoles Santo,EL CARMEN,Paso de Misterio,2004,CCTT Jesus Cautivo (Sanlucar la Mayor),2004-2006: CCTT Jesus Cautivo (Sanlucar la Mayor)
foro-2019-josemariumb,Miercoles Santo,EL CARMEN,Paso de Misterio,2005,CCTT Jesus Cautivo (Sanlucar la Mayor),2004-2006: CCTT Jesus Cautivo (Sanlucar la Mayor)
foro-2019-josemariumb,Miercoles Santo,EL CARMEN,Paso de Misterio,2006,CCTT Jesus Cautivo (Sanlucar la Mayor),2004-2006: CCTT Jesus Cautivo (Sanlucar la Mayor)
foro-2019-josemariumb,Miercoles Santo,EL CARMEN,Paso de Misterio,2007,CCTT Jesus Cautivo y Santiago (Sanlucar / Aznalcazar),2007-2012: CCTT Jesus Cautivo y Santiago (Sanlucar / Aznalcazar)
foro-2019-josemariumb,Miercoles Santo,EL CARMEN,Paso de Misterio,2008,CCTT Jesus Cautivo y Santiago (Sanlucar / Aznalcazar),2007-2012: CCTT Jesus Cautivo y Santiago (Sanlucar / Aznalcazar)
foro-2019-josemariumb,Miercoles Santo,EL CARMEN,Paso de Misterio,2009,CCTT Jesus Cautivo y Santiago (Sanlucar / Aznalcazar),2007-2012: CCTT Jesus Cautivo y Santiago (Sanlucar / Aznalcazar)
foro-2019-josemariumb,Miercoles Santo,EL CARMEN,Paso de Misterio,2010,CCTT Jesus Cautivo y Santiago (Sanlucar / Aznalcazar),2007-2012: CCTT Jesus Cautivo y Santiago (Sanlucar / Aznalcazar)
foro-2019-josemariumb,Miercoles Santo,EL CARMEN,Paso de Misterio,2011,CCTT Jesus Cautivo y Santiago (Sanlucar / Aznalcazar),2007-2012: CCTT Jesus Cautivo y Santiago (Sanlucar / Aznalcazar)
foro-2019-josemariumb,Miercoles Santo,EL CARMEN,Paso de Misterio,2012,CCTT Jesus Cautivo y Santiago (Sanlucar / Aznalcazar),2007-2012: CCTT Jesus Cautivo y Santiago (Sanlucar / Aznalcazar)
foro-2019-josemariumb,Miercoles Santo,EL CARMEN,Paso de Misterio,2013,AM Virgen de los Reyes,2013-2019: AM Virgen de los Reyes
foro-2019-josemariumb,Miercoles Santo,EL CARMEN,Paso de Misterio,2014,AM Virgen de los Reyes,2013-2019: AM Virgen de los Reyes
foro-2019-josemariumb,Miercoles Santo,EL CARMEN,Paso de Misterio,2015,AM Virgen de los Reyes,2013-2019: AM Virgen de los Reyes
foro-2019-josemariumb,Miercoles Santo,EL CARMEN,Paso de Misterio,2016,AM Virgen de los Reyes,2013-2019: AM Virgen de los Reyes
foro-2019-josemariumb,Miercoles Santo,EL CARMEN,Paso de Misterio,2017,AM Virgen de los Reyes,2013-2019: AM Virgen de los Reyes
foro-2019-josemariumb,Miercoles Santo,EL CARMEN,Paso de Misterio,2018,AM Virgen de los Reyes,2013-2019: AM Virgen de los Reyes
foro-2019-josemariumb,Miercoles Santo,EL CARMEN,Paso de Misterio,2019,AM Virgen de los Reyes,2013-2019: AM Virgen de los Reyes
foro-2019-josemariumb,Miercoles Santo,EL CARMEN,Paso de palio,2009,BM Guadalrosal de Los Rosales,2009-2012: BM Guadalrosal de Los Rosales
foro-2019-josemariumb,Miercoles Santo,EL CARMEN,Paso de palio,2010,BM Guadalrosal de Los Rosales,2009-2012: BM Guadalrosal de Los Rosales
foro-2019-josemariumb,Miercoles Santo,EL CARMEN,Paso de palio,2011,BM Guadalrosal de Los Rosales,2009-2012: BM Guadalrosal de Los Rosales
foro-2019-josemariumb,Miercoles Santo,EL CARMEN,Paso de palio,2012,BM Guadalrosal de Los Rosales,2009-2012: BM Guadalrosal de Los Rosales
foro-2019-josemariumb,Miercoles Santo,EL CARMEN,Paso de palio,2013,BM Municipal de Aznalcollar,2013-2019: BM Municipal de Aznalcollar
foro-2019-josemariumb,Miercoles Santo,EL CARMEN,Paso de palio,2014,BM Municipal de Aznalcollar,2013-2019: BM Municipal de Aznalcollar
foro-2019-josemariumb,Miercoles Santo,EL CARMEN,Paso de palio,2015,BM Municipal de Aznalcollar,2013-2019: BM Municipal de Aznalcollar
foro-2019-josemariumb,Miercoles Santo,EL CARMEN,Paso de palio,2016,BM Municipal de Aznalcollar,2013-2019: BM Municipal de Aznalcollar
foro-2019-josemariumb,Miercoles Santo,EL CARMEN,Paso de palio,2017,BM Municipal de Aznalcollar,2013-2019: BM Municipal de Aznalcollar
foro-2019-josemariumb,Miercoles Santo,EL CARMEN,Paso de palio,2018,BM Municipal de Aznalcollar,2013-2019: BM Municipal de Aznalcollar
foro-2019-josemariumb,Miercoles Santo,EL CARMEN,Paso de palio,2019,BM Municipal de Aznalcollar,2013-2019: BM Municipal de Aznalcollar
foro-2019-josemariumb,Miercoles Santo,LA SED,Paso de Cristo,1983,AM Jesus Despojado,1983: AM Jesus Despojado
foro-2019-josemariumb,Miercoles Santo,LA SED,Paso de Cristo,1984,CCTT Ntro. Padre Jesus de los Remedios de Castilleja de la Cuesta,1984-1986: CCTT Ntro. Padre Jesus de los Remedios de Castilleja de la Cuesta
foro-2019-josemariumb,Miercoles Santo,LA SED,Paso de Cristo,1985,CCTT Ntro. Padre Jesus de los Remedios de Castilleja de la Cuesta,1984-1986: CCTT Ntro. Padre Jesus de los Remedios de Castilleja de la Cuesta
foro-2019-josemariumb,Miercoles Santo,LA SED,Paso de Cristo,1986,CCTT Ntro. Padre Jesus de los Remedios de Castilleja de la Cuesta,1984-1986: CCTT Ntro. Padre Jesus de los Remedios de Castilleja de la Cuesta
foro-2019-josemariumb,Miercoles Santo,LA SED,Paso de Cristo,1987,AM San Julian,1987-1991: AM San Julian
foro-2019-josemariumb,Miercoles Santo,LA SED,Paso de Cristo,1988,AM San Julian,1987-1991: AM San Julian
foro-2019-josemariumb,Miercoles Santo,LA SED,Paso de Cristo,1989,AM San Julian,1987-1991: AM San Julian
foro-2019-josemariumb,Miercoles Santo,LA SED,Paso de Cristo,1990,AM San Julian,1987-1991: AM San Julian
foro-2019-josemariumb,Miercoles Santo,LA SED,Paso de Cristo,1991,AM San Julian,1987-1991: AM San Julian
foro-2019-josemariumb,Miercoles Santo,LA SED,Paso de Cristo,1992,CCTT Cristo de la Sed,1992-1995: CCTT Cristo de la Sed
foro-2019-josemariumb,Miercoles Santo,LA SED,Paso de Cristo,1993,CCTT Cristo de la Sed,1992-1995: CCTT Cristo de la Sed
foro-2019-josemariumb,Miercoles Santo,LA SED,Paso de Cristo,1994,CCTT Cristo de la Sed,1992-1995: CCTT Cristo de la Sed
foro-2019-josemariumb,Miercoles Santo,LA SED,Paso de Cristo,1995,CCTT Cristo de la Sed,1992-1995: CCTT Cristo de la Sed
foro-2019-josemariumb,Miercoles Santo,LA SED,Paso de Cristo,1996,CCTT San Francisco Javier,1996: CCTT San Francisco Javier
foro-2019-josemariumb,Miercoles Santo,LA SED,Paso de Cristo,1997,CCTT Ntra. Sra. de la Salud de Utrera,1997-2002: CCTT Ntra. Sra. de la Salud de Utrera
foro-2019-josemariumb,Miercoles Santo,LA SED,Paso de Cristo,1998,CCTT Ntra. Sra. de la Salud de Utrera,1997-2002: CCTT Ntra. Sra. de la Salud de Utrera
foro-2019-josemariumb,Miercoles Santo,LA SED,Paso de Cristo,1999,CCTT Ntra. Sra. de la Salud de Utrera,1997-2002: CCTT Ntra. Sra. de la Salud de Utrera
foro-2019-josemariumb,Miercoles Santo,LA SED,Paso de Cristo,2000,CCTT Ntra. Sra. de la Salud de Utrera,1997-2002: CCTT Ntra. Sra. de la Salud de Utrera
foro-2019-josemariumb,Miercoles Santo,LA SED,Paso de Cristo,2001,CCTT Ntra. Sra. de la Salud de Utrera,1997-2002: CCTT Ntra. Sra. de la Salud de Utrera
foro-2019-josemariumb,Miercoles Santo,LA SED,Paso de Cristo,2002,CCTT Ntra. Sra. de la Salud de Utrera,1997-2002: CCTT Ntra. Sra. de la Salud de Utrera
foro-2019-josemariumb,Miercoles Santo,LA SED,Paso de Cristo,2003,CCTT Cristo de la Sed (hasta la Encarnacion) / CCTT Nuestra Senora de la Salud de Utrera (desde la Encarnacion),2003: CCTT Cristo de la Sed (hasta la Encarnacion) / CCTT Nuestra Senora de la Salud de Utrera (desde la Encarnacion)
foro-2019-josemariumb,Miercoles Santo,LA SED,Paso de Cristo,2004,CCTT Nuestra Senora de la Salud de Utrera,2004-2006: CCTT Nuestra Senora de la Salud de Utrera
foro-2019-josemariumb,Miercoles Santo,LA SED,Paso de Cristo,2005,CCTT Nuestra Senora de la Salud de Utrera,2004-2006: CCTT Nuestra Senora de la Salud de Utrera
foro-2019-josemariumb,Miercoles Santo,LA SED,Paso de Cristo,2006,CCTT Nuestra Senora de la Salud de Utrera,2004-2006: CCTT Nuestra Senora de la Salud de Utrera
foro-2019-josemariumb,Miercoles Santo,LA SED,Paso de Cristo,2007,CCTT Corona de Espinas,2007-2008: CCTT Corona de Espinas
foro-2019-josemariumb,Miercoles Santo,LA SED,Paso de Cristo,2008,CCTT Corona de Espinas,2007-2008: CCTT Corona de Espinas
foro-2019-josemariumb,Miercoles Santo,LA SED,Paso de Cristo,2009,CCTT San Juan Evangelista,2009-2016: CCTT San Juan Evangelista
foro-2019-josemariumb,Miercoles Santo,LA SED,Paso de Cristo,2010,CCTT San Juan Evangelista,2009-2016: CCTT San Juan Evangelista
foro-2019-josemariumb,Miercoles Santo,LA SED,Paso de Cristo,2011,CCTT San Juan Evangelista,2009-2016: CCTT San Juan Evangelista
foro-2019-josemariumb,Miercoles Santo,LA SED,Paso de Cristo,2012,CCTT San Juan Evangelista,2009-2016: CCTT San Juan Evangelista
foro-2019-josemariumb,Miercoles Santo,LA SED,Paso de Cristo,2013,CCTT San Juan Evangelista,2009-2016: CCTT San Juan Evangelista
foro-2019-josemariumb,Miercoles Santo,LA SED,Paso de Cristo,2014,CCTT San Juan Evangelista,2009-2016: CCTT San Juan Evangelista
foro-2019-josemariumb,Miercoles Santo,LA SED,Paso de Cristo,2015,CCTT San Juan Evangelista,2009-2016: CCTT San Juan Evangelista
foro-2019-josemariumb,Miercoles Santo,LA SED,Paso de Cristo,2016,CCTT San Juan Evangelista,2009-2016: CCTT San Juan Evangelista
foro-2019-josemariumb,Miercoles Santo,LA SED,Paso de Cristo,2017,CCTT Rosario de Cadiz,2017-2019: CCTT Rosario de Cadiz
foro-2019-josemariumb,Miercoles Santo,LA SED,Paso de Cristo,2018,CCTT Rosario de Cadiz,2017-2019: CCTT Rosario de Cadiz
foro-2019-josemariumb,Miercoles Santo,LA SED,Paso de Cristo,2019,CCTT Rosario de Cadiz,2017-2019: CCTT Rosario de Cadiz
foro-2019-josemariumb,Miercoles Santo,LA SED,Paso de Palio,1980,BM Nuestra Senora de la Soledad de Cantillana,1980-1981: BM Nuestra Senora de la Soledad de Cantillana
foro-2019-josemariumb,Miercoles Santo,LA SED,Paso de Palio,1981,BM Nuestra Senora de la Soledad de Cantillana,1980-1981: BM Nuestra Senora de la Soledad de Cantillana
foro-2019-josemariumb,Miercoles Santo,LA SED,Paso de Palio,1982,BM Cruz Roja,1982-1983: BM Cruz Roja
foro-2019-josemariumb,Miercoles Santo,LA SED,Paso de Palio,1983,BM Cruz Roja,1982-1983: BM Cruz Roja
foro-2019-josemariumb,Miercoles Santo,LA SED,Paso de Palio,1984,BM Municipal de Huevar,1984: BM Municipal de Huevar
foro-2019-josemariumb,Miercoles Santo,LA SED,Paso de Palio,1985,BM Municipal de Carrion de los Cespedes,1985: BM Municipal de Carrion de los Cespedes
foro-2019-josemariumb,Miercoles Santo,LA SED,Paso de Palio,1986,BM Cruz Roja,1986-1997: BM Cruz Roja
foro-2019-josemariumb,Miercoles Santo,LA SED,Paso de Palio,1987,BM Cruz Roja,1986-1997: BM Cruz Roja
foro-2019-josemariumb,Miercoles Santo,LA SED,Paso de Palio,1988,BM Cruz Roja,1986-1997: BM Cruz Roja
foro-2019-josemariumb,Miercoles Santo,LA SED,Paso de Palio,1989,BM Cruz Roja,1986-1997: BM Cruz Roja
foro-2019-josemariumb,Miercoles Santo,LA SED,Paso de Palio,1990,BM Cruz Roja,1986-1997: BM Cruz Roja
foro-2019-josemariumb,Miercoles Santo,LA SED,Paso de Palio,1991,BM Cruz Roja,1986-1997: BM Cruz Roja
foro-2019-josemariumb,Miercoles Santo,LA SED,Paso de Palio,1992,BM Cruz Roja,1986-1997: BM Cruz Roja
foro-2019-josemariumb,Miercoles Santo,LA SED,Paso de Palio,1993,BM Cruz Roja,1986-1997: BM Cruz Roja
foro-2019-josemariumb,Miercoles Santo,LA SED,Paso de Palio,1994,BM Cruz Roja,1986-1997: BM Cruz Roja
foro-2019-josemariumb,Miercoles Santo,LA SED,Paso de Palio,1995,BM Cruz Roja,1986-1997: BM Cruz Roja
foro-2019-josemariumb,Miercoles Santo,LA SED,Paso de Palio,1996,BM Cruz Roja,1986-1997: BM Cruz Roja
foro-2019-josemariumb,Miercoles Santo,LA SED,Paso de Palio,1997,BM Cruz Roja,1986-1997: BM Cruz Roja
foro-2019-josemariumb,Miercoles Santo,LA SED,Paso de Palio,1998,BM Municipal de Puebla del Rio,1998-2002: BM Municipal de Puebla del Rio
foro-2019-josemariumb,Miercoles Santo,LA SED,Paso de Palio,1999,BM Municipal de Puebla del Rio,1998-2002: BM Municipal de Puebla del Rio
foro-2019-josemariumb,Miercoles Santo,LA SED,Paso de Palio,2000,BM Municipal de Puebla del Rio,1998-2002: BM Municipal de Puebla del Rio
foro-2019-josemariumb,Miercoles Santo,LA SED,Paso de Palio,2001,BM Municipal de Puebla del Rio,1998-2002: BM Municipal de Puebla del Rio
foro-2019-josemariumb,Miercoles Santo,LA SED,Paso de Palio,2002,BM Municipal de Puebla del Rio,1998-2002: BM Municipal de Puebla del Rio
foro-2019-josemariumb,Miercoles Santo,LA SED,Paso de Palio,2003,Sociedad Filarmonica Nuestra Senora de la Oliva de Salteras hasta la Catedral y Banda Municipal de Mairena del Alcor desde la Catedral,2003-2019: Sociedad Filarmonica Nuestra Senora de la Oliva de Salteras hasta la Catedral y Banda Municipal de Mairena del Alcor desde la Catedral
foro-2019-josemariumb,Miercoles Santo,LA SED,Paso de Palio,2004,Sociedad Filarmonica Nuestra Senora de la Oliva de Salteras hasta la Catedral y Banda Municipal de Mairena del Alcor desde la Catedral,2003-2019: Sociedad Filarmonica Nuestra Senora de la Oliva de Salteras hasta la Catedral y Banda Municipal de Mairena del Alcor desde la Catedral
foro-2019-josemariumb,Miercoles Santo,LA SED,Paso de Palio,2005,Sociedad Filarmonica Nuestra Senora de la Oliva de Salteras hasta la Catedral y Banda Municipal de Mairena del Alcor desde la Catedral,2003-2019: Sociedad Filarmonica Nuestra Senora de la Oliva de Salteras hasta la Catedral y Banda Municipal de Mairena del Alcor desde la Catedral
foro-2019-josemariumb,Miercoles Santo,LA SED,Paso de Palio,2006,Sociedad Filarmonica Nuestra Senora de la Oliva de Salteras hasta la Catedral y Banda Municipal de Mairena del Alcor desde la Catedral,2003-2019: Sociedad Filarmonica Nuestra Senora de la Oliva de Salteras hasta la Catedral y Banda Municipal de Mairena del Alcor desde la Catedral
foro-2019-josemariumb,Miercoles Santo,LA SED,Paso de Palio,2007,Sociedad Filarmonica Nuestra Senora de la Oliva de Salteras hasta la Catedral y Banda Municipal de Mairena del Alcor desde la Catedral,2003-2019: Sociedad Filarmonica Nuestra Senora de la Oliva de Salteras hasta la Catedral y Banda Municipal de Mairena del Alcor desde la Catedral
foro-2019-josemariumb,Miercoles Santo,LA SED,Paso de Palio,2008,Sociedad Filarmonica Nuestra Senora de la Oliva de Salteras hasta la Catedral y Banda Municipal de Mairena del Alcor desde la Catedral,2003-2019: Sociedad Filarmonica Nuestra Senora de la Oliva de Salteras hasta la Catedral y Banda Municipal de Mairena del Alcor desde la Catedral
foro-2019-josemariumb,Miercoles Santo,LA SED,Paso de Palio,2009,Sociedad Filarmonica Nuestra Senora de la Oliva de Salteras hasta la Catedral y Banda Municipal de Mairena del Alcor desde la Catedral,2003-2019: Sociedad Filarmonica Nuestra Senora de la Oliva de Salteras hasta la Catedral y Banda Municipal de Mairena del Alcor desde la Catedral
foro-2019-josemariumb,Miercoles Santo,LA SED,Paso de Palio,2010,Sociedad Filarmonica Nuestra Senora de la Oliva de Salteras hasta la Catedral y Banda Municipal de Mairena del Alcor desde la Catedral,2003-2019: Sociedad Filarmonica Nuestra Senora de la Oliva de Salteras hasta la Catedral y Banda Municipal de Mairena del Alcor desde la Catedral
foro-2019-josemariumb,Miercoles Santo,LA SED,Paso de Palio,2011,Sociedad Filarmonica Nuestra Senora de la Oliva de Salteras hasta la Catedral y Banda Municipal de Mairena del Alcor desde la Catedral,2003-2019: Sociedad Filarmonica Nuestra Senora de la Oliva de Salteras hasta la Catedral y Banda Municipal de Mairena del Alcor desde la Catedral
foro-2019-josemariumb,Miercoles Santo,LA SED,Paso de Palio,2012,Sociedad Filarmonica Nuestra Senora de la Oliva de Salteras hasta la Catedral y Banda Municipal de Mairena del Alcor desde la Catedral,2003-2019: Sociedad Filarmonica Nuestra Senora de la Oliva de Salteras hasta la Catedral y Banda Municipal de Mairena del Alcor desde la Catedral
foro-2019-josemariumb,Miercoles Santo,LA SED,Paso de Palio,2013,Sociedad Filarmonica Nuestra Senora de la Oliva de Salteras hasta la Catedral y Banda Municipal de Mairena del Alcor desde la Catedral,2003-2019: Sociedad Filarmonica Nuestra Senora de la Oliva de Salteras hasta la Catedral y Banda Municipal de Mairena del Alcor desde la Catedral
foro-2019-josemariumb,Miercoles Santo,LA SED,Paso de Palio,2014,Sociedad Filarmonica Nuestra Senora de la Oliva de Salteras hasta la Catedral y Banda Municipal de Mairena del Alcor desde la Catedral,2003-2019: Sociedad Filarmonica Nuestra Senora de la Oliva de Salteras hasta la Catedral y Banda Municipal de Mairena del Alcor desde la Catedral
foro-2019-josemariumb,Miercoles Santo,LA SED,Paso de Palio,2015,Sociedad Filarmonica Nuestra Senora de la Oliva de Salteras hasta la Catedral y Banda Municipal de Mairena del Alcor desde la Catedral,2003-2019: Sociedad Filarmonica Nuestra Senora de la Oliva de Salteras hasta la Catedral y Banda Municipal de Mairena del Alcor desde la Catedral
foro-2019-josemariumb,Miercoles Santo,LA SED,Paso de Palio,2016,Sociedad Filarmonica Nuestra Senora de la Oliva de Salteras hasta la Catedral y Banda Municipal de Mairena del Alcor desde la Catedral,2003-2019: Sociedad Filarmonica Nuestra Senora de la Oliva de Salteras hasta la Catedral y Banda Municipal de Mairena del Alcor desde la Catedral
foro-2019-josemariumb,Miercoles Santo,LA SED,Paso de Palio,2017,Sociedad Filarmonica Nuestra Senora de la Oliva de Salteras hasta la Catedral y Banda Municipal de Mairena del Alcor desde la Catedral,2003-2019: Sociedad Filarmonica Nuestra Senora de la Oliva de Salteras hasta la Catedral y Banda Municipal de Mairena del Alcor desde la Catedral
foro-2019-josemariumb,Miercoles Santo,LA SED,Paso de Palio,2018,Sociedad Filarmonica Nuestra Senora de la Oliva de Salteras hasta la Catedral y Banda Municipal de Mairena del Alcor desde la Catedral,2003-2019: Sociedad Filarmonica Nuestra Senora de la Oliva de Salteras hasta la Catedral y Banda Municipal de Mairena del Alcor desde la Catedral
foro-2019-josemariumb,Miercoles Santo,LA SED,Paso de Palio,2019,Sociedad Filarmonica Nuestra Senora de la Oliva de Salteras hasta la Catedral y Banda Municipal de Mairena del Alcor desde la Catedral,2003-2019: Sociedad Filarmonica Nuestra Senora de la Oliva de Salteras hasta la Catedral y Banda Municipal de Mairena del Alcor desde la Catedral
foro-2019-josemariumb,Miercoles Santo,SAN BERNARDO,Paso de Cristo,1980,AM Santa Maria Magdalena de Arahal,1980-1993: AM Santa Maria Magdalena de Arahal
foro-2019-josemariumb,Miercoles Santo,SAN BERNARDO,Paso de Cristo,1981,AM Santa Maria Magdalena de Arahal,1980-1993: AM Santa Maria Magdalena de Arahal
foro-2019-josemariumb,Miercoles Santo,SAN BERNARDO,Paso de Cristo,1982,AM Santa Maria Magdalena de Arahal,1980-1993: AM Santa Maria Magdalena de Arahal
foro-2019-josemariumb,Miercoles Santo,SAN BERNARDO,Paso de Cristo,1983,AM Santa Maria Magdalena de Arahal,1980-1993: AM Santa Maria Magdalena de Arahal
foro-2019-josemariumb,Miercoles Santo,SAN BERNARDO,Paso de Cristo,1984,AM Santa Maria Magdalena de Arahal,1980-1993: AM Santa Maria Magdalena de Arahal
foro-2019-josemariumb,Miercoles Santo,SAN BERNARDO,Paso de Cristo,1985,AM Santa Maria Magdalena de Arahal,1980-1993: AM Santa Maria Magdalena de Arahal
foro-2019-josemariumb,Miercoles Santo,SAN BERNARDO,Paso de Cristo,1986,AM Santa Maria Magdalena de Arahal,1980-1993: AM Santa Maria Magdalena de Arahal
foro-2019-josemariumb,Miercoles Santo,SAN BERNARDO,Paso de Cristo,1987,AM Santa Maria Magdalena de Arahal,1980-1993: AM Santa Maria Magdalena de Arahal
foro-2019-josemariumb,Miercoles Santo,SAN BERNARDO,Paso de Cristo,1988,AM Santa Maria Magdalena de Arahal,1980-1993: AM Santa Maria Magdalena de Arahal
foro-2019-josemariumb,Miercoles Santo,SAN BERNARDO,Paso de Cristo,1989,AM Santa Maria Magdalena de Arahal,1980-1993: AM Santa Maria Magdalena de Arahal
foro-2019-josemariumb,Miercoles Santo,SAN BERNARDO,Paso de Cristo,1990,AM Santa Maria Magdalena de Arahal,1980-1993: AM Santa Maria Magdalena de Arahal
foro-2019-josemariumb,Miercoles Santo,SAN BERNARDO,Paso de Cristo,1991,AM Santa Maria Magdalena de Arahal,1980-1993: AM Santa Maria Magdalena de Arahal
foro-2019-josemariumb,Miercoles Santo,SAN BERNARDO,Paso de Cristo,1992,AM Santa Maria Magdalena de Arahal,1980-1993: AM Santa Maria Magdalena de Arahal
foro-2019-josemariumb,Miercoles Santo,SAN BERNARDO,Paso de Cristo,1993,AM Santa Maria Magdalena de Arahal,1980-1993: AM Santa Maria Magdalena de Arahal
foro-2019-josemariumb,Miercoles Santo,SAN BERNARDO,Paso de Cristo,1994,CCTT Las Cigarreras,1994-2002: CCTT Las Cigarreras
foro-2019-josemariumb,Miercoles Santo,SAN BERNARDO,Paso de Cristo,1995,CCTT Las Cigarreras,1994-2002: CCTT Las Cigarreras
foro-2019-josemariumb,Miercoles Santo,SAN BERNARDO,Paso de Cristo,1996,CCTT Las Cigarreras,1994-2002: CCTT Las Cigarreras
foro-2019-josemariumb,Miercoles Santo,SAN BERNARDO,Paso de Cristo,1997,CCTT Las Cigarreras,1994-2002: CCTT Las Cigarreras
foro-2019-josemariumb,Miercoles Santo,SAN BERNARDO,Paso de Cristo,1998,CCTT Las Cigarreras,1994-2002: CCTT Las Cigarreras
foro-2019-josemariumb,Miercoles Santo,SAN BERNARDO,Paso de Cristo,1999,CCTT Las Cigarreras,1994-2002: CCTT Las Cigarreras
foro-2019-josemariumb,Miercoles Santo,SAN BERNARDO,Paso de Cristo,2000,CCTT Las Cigarreras,1994-2002: CCTT Las Cigarreras
foro-2019-josemariumb,Miercoles Santo,SAN BERNARDO,Paso de Cristo,2001,CCTT Las Cigarreras,1994-2002: CCTT Las Cigarreras
foro-2019-josemariumb,Miercoles Santo,SAN BERNARDO,Paso de Cristo,2002,CCTT Las Cigarreras,1994-2002: CCTT Las Cigarreras
foro-2019-josemariumb,Miercoles Santo,SAN BERNARDO,Paso de Cristo,2003,CCTT Corona de Espinas,2003-2006: CCTT Corona de Espinas
foro-2019-josemariumb,Miercoles Santo,SAN BERNARDO,Paso de Cristo,2004,CCTT Corona de Espinas,2003-2006: CCTT Corona de Espinas
foro-2019-josemariumb,Miercoles Santo,SAN BERNARDO,Paso de Cristo,2005,CCTT Corona de Espinas,2003-2006: CCTT Corona de Espinas
foro-2019-josemariumb,Miercoles Santo,SAN BERNARDO,Paso de Cristo,2006,CCTT Corona de Espinas,2003-2006: CCTT Corona de Espinas
foro-2019-josemariumb,Miercoles Santo,SAN BERNARDO,Paso de Cristo,2007,CCTT Presentacion al Pueblo de Dos Hermanas,2007-2019: CCTT Presentacion al Pueblo de Dos Hermanas
foro-2019-josemariumb,Miercoles Santo,SAN BERNARDO,Paso de Cristo,2008,CCTT Presentacion al Pueblo de Dos Hermanas,2007-2019: CCTT Presentacion al Pueblo de Dos Hermanas
foro-2019-josemariumb,Miercoles Santo,SAN BERNARDO,Paso de Cristo,2009,CCTT Presentacion al Pueblo de Dos Hermanas,2007-2019: CCTT Presentacion al Pueblo de Dos Hermanas
foro-2019-josemariumb,Miercoles Santo,SAN BERNARDO,Paso de Cristo,2010,CCTT Presentacion al Pueblo de Dos Hermanas,2007-2019: CCTT Presentacion al Pueblo de Dos Hermanas
foro-2019-josemariumb,Miercoles Santo,SAN BERNARDO,Paso de Cristo,2011,CCTT Presentacion al Pueblo de Dos Hermanas,2007-2019: CCTT Presentacion al Pueblo de Dos Hermanas
foro-2019-josemariumb,Miercoles Santo,SAN BERNARDO,Paso de Cristo,2012,CCTT Presentacion al Pueblo de Dos Hermanas,2007-2019: CCTT Presentacion al Pueblo de Dos Hermanas
foro-2019-josemariumb,Miercoles Santo,SAN BERNARDO,Paso de Cristo,2013,CCTT Presentacion al Pueblo de Dos Hermanas,2007-2019: CCTT Presentacion al Pueblo de Dos Hermanas
foro-2019-josemariumb,Miercoles Santo,SAN BERNARDO,Paso de Cristo,2014,CCTT Presentacion al Pueblo de Dos Hermanas,2007-2019: CCTT Presentacion al Pueblo de Dos Hermanas
foro-2019-josemariumb,Miercoles Santo,SAN BERNARDO,Paso de Cristo,2015,CCTT Presentacion al Pueblo de Dos Hermanas,2007-2019: CCTT Presentacion al Pueblo de Dos Hermanas
foro-2019-josemariumb,Miercoles Santo,SAN BERNARDO,Paso de Cristo,2016,CCTT Presentacion al Pueblo de Dos Hermanas,2007-2019: CCTT Presentacion al Pueblo de Dos Hermanas
foro-2019-josemariumb,Miercoles Santo,SAN BERNARDO,Paso de Cristo,2017,CCTT Presentacion al Pueblo de Dos Hermanas,2007-2019: CCTT Presentacion al Pueblo de Dos Hermanas
foro-2019-josemariumb,Miercoles Santo,SAN BERNARDO,Paso de Cristo,2018,CCTT Presentacion al Pueblo de Dos Hermanas,2007-2019: CCTT Presentacion al Pueblo de Dos Hermanas
foro-2019-josemariumb,Miercoles Santo,SAN BERNARDO,Paso de Cristo,2019,CCTT Presentacion al Pueblo de Dos Hermanas,2007-2019: CCTT Presentacion al Pueblo de Dos Hermanas
foro-2019-josemariumb,Miercoles Santo,SAN BERNARDO,Paso de Palio,1982,BM Maestro Tejera,1982-1989: BM Maestro Tejera
foro-2019-josemariumb,Miercoles Santo,SAN BERNARDO,Paso de Palio,1983,BM Maestro Tejera,1982-1989: BM Maestro Tejera
foro-2019-josemariumb,Miercoles Santo,SAN BERNARDO,Paso de Palio,1984,BM Maestro Tejera,1982-1989: BM Maestro Tejera
foro-2019-josemariumb,Miercoles Santo,SAN BERNARDO,Paso de Palio,1985,BM Maestro Tejera,1982-1989: BM Maestro Tejera
foro-2019-josemariumb,Miercoles Santo,SAN BERNARDO,Paso de Palio,1986,BM Maestro Tejera,1982-1989: BM Maestro Tejera
foro-2019-josemariumb,Miercoles Santo,SAN BERNARDO,Paso de Palio,1987,BM Maestro Tejera,1982-1989: BM Maestro Tejera
foro-2019-josemariumb,Miercoles Santo,SAN BERNARDO,Paso de Palio,1988,BM Maestro Tejera,1982-1989: BM Maestro Tejera
foro-2019-josemariumb,Miercoles Santo,SAN BERNARDO,Paso de Palio,1989,BM Maestro Tejera,1982-1989: BM Maestro Tejera
foro-2019-josemariumb,Miercoles Santo,SAN BERNARDO,Paso de Palio,1990,BM Nuestra Senora de la Soledad de Cantillana,1990: BM Nuestra Senora de la Soledad de Cantillana
foro-2019-josemariumb,Miercoles Santo,SAN BERNARDO,Paso de Palio,1991,BM Nuestra Senora de las Mercedes de Bollullos Par del Condado,1991-1997: BM Nuestra Senora de las Mercedes de Bollullos Par del Condado
foro-2019-josemariumb,Miercoles Santo,SAN BERNARDO,Paso de Palio,1992,BM Nuestra Senora de las Mercedes de Bollullos Par del Condado,1991-1997: BM Nuestra Senora de las Mercedes de Bollullos Par del Condado
foro-2019-josemariumb,Miercoles Santo,SAN BERNARDO,Paso de Palio,1993,BM Nuestra Senora de las Mercedes de Bollullos Par del Condado,1991-1997: BM Nuestra Senora de las Mercedes de Bollullos Par del Condado
foro-2019-josemariumb,Miercoles Santo,SAN BERNARDO,Paso de Palio,1994,BM Nuestra Senora de las Mercedes de Bollullos Par del Condado,1991-1997: BM Nuestra Senora de las Mercedes de Bollullos Par del Condado
foro-2019-josemariumb,Miercoles Santo,SAN BERNARDO,Paso de Palio,1995,BM Nuestra Senora de las Mercedes de Bollullos Par del Condado,1991-1997: BM Nuestra Senora de las Mercedes de Bollullos Par del Condado
foro-2019-josemariumb,Miercoles Santo,SAN BERNARDO,Paso de Palio,1996,BM Nuestra Senora de las Mercedes de Bollullos Par del Condado,1991-1997: BM Nuestra Senora de las Mercedes de Bollullos Par del Condado
foro-2019-josemariumb,Miercoles Santo,SAN BERNARDO,Paso de Palio,1997,BM Nuestra Senora de las Mercedes de Bollullos Par del Condado,1991-1997: BM Nuestra Senora de las Mercedes de Bollullos Par del Condado
foro-2019-josemariumb,Miercoles Santo,SAN BERNARDO,Paso de Palio,1998,BM Cruz Roja,1998-2019: BM Cruz Roja
foro-2019-josemariumb,Miercoles Santo,SAN BERNARDO,Paso de Palio,1999,BM Cruz Roja,1998-2019: BM Cruz Roja
foro-2019-josemariumb,Miercoles Santo,SAN BERNARDO,Paso de Palio,2000,BM Cruz Roja,1998-2019: BM Cruz Roja
foro-2019-josemariumb,Miercoles Santo,SAN BERNARDO,Paso de Palio,2001,BM Cruz Roja,1998-2019: BM Cruz Roja
foro-2019-josemariumb,Miercoles Santo,SAN BERNARDO,Paso de Palio,2002,BM Cruz Roja,1998-2019: BM Cruz Roja
foro-2019-josemariumb,Miercoles Santo,SAN BERNARDO,Paso de Palio,2003,BM Cruz Roja,1998-2019: BM Cruz Roja
foro-2019-josemariumb,Miercoles Santo,SAN BERNARDO,Paso de Palio,2004,BM Cruz Roja,1998-2019: BM Cruz Roja
foro-2019-josemariumb,Miercoles Santo,SAN BERNARDO,Paso de Palio,2005,BM Cruz Roja,1998-2019: BM Cruz Roja
foro-2019-josemariumb,Miercoles Santo,SAN BERNARDO,Paso de Palio,2006,BM Cruz Roja,1998-2019: BM Cruz Roja
foro-2019-josemariumb,Miercoles Santo,SAN BERNARDO,Paso de Palio,2007,BM Cruz Roja,1998-2019: BM Cruz Roja
foro-2019-josemariumb,Miercoles Santo,SAN BERNARDO,Paso de Palio,2008,BM Cruz Roja,1998-2019: BM Cruz Roja
foro-2019-josemariumb,Miercoles Santo,SAN BERNARDO,Paso de Palio,2009,BM Cruz Roja,1998-2019: BM Cruz Roja
foro-2019-josemariumb,Miercoles Santo,SAN BERNARDO,Paso de Palio,2010,BM Cruz Roja,1998-2019: BM Cruz Roja
foro-2019-josemariumb,Miercoles Santo,SAN BERNARDO,Paso de Palio,2011,BM Cruz Roja,1998-2019: BM Cruz Roja
foro-2019-josemariumb,Miercoles Santo,SAN BERNARDO,Paso de Palio,2012,BM Cruz Roja,1998-2019: BM Cruz Roja
foro-2019-josemariumb,Miercoles Santo,SAN BERNARDO,Paso de Palio,2013,BM Cruz Roja,1998-2019: BM Cruz Roja
foro-2019-josemariumb,Miercoles Santo,SAN BERNARDO,Paso de Palio,2014,BM Cruz Roja,1998-2019: BM Cruz Roja
foro-2019-josemariumb,Miercoles Santo,SAN BERNARDO,Paso de Palio,2015,BM Cruz Roja,1998-2019: BM Cruz Roja
foro-2019-josemariumb,Miercoles Santo,SAN BERNARDO,Paso de Palio,2016,BM Cruz Roja,1998-2019: BM Cruz Roja
foro-2019-josemariumb,Miercoles Santo,SAN BERNARDO,Paso de Palio,2017,BM Cruz Roja,1998-2019: BM Cruz Roja
foro-2019-josemariumb,Miercoles Santo,SAN BERNARDO,Paso de Palio,2018,BM Cruz Roja,1998-2019: BM Cruz Roja
foro-2019-josemariumb,Miercoles Santo,SAN BERNARDO,Paso de Palio,2019,BM Cruz Roja,1998-2019: BM Cruz Roja
foro-2019-josemariumb,Miercoles Santo,BUEN FIN,Paso de Cristo,1980,AM Estrella de Alcala de Guadaira,1980-1982: AM Estrella de Alcala de Guadaira
foro-2019-josemariumb,Miercoles Santo,BUEN FIN,Paso de Cristo,1981,AM Estrella de Alcala de Guadaira,1980-1982: AM Estrella de Alcala de Guadaira
foro-2019-josemariumb,Miercoles Santo,BUEN FIN,Paso de Cristo,1982,AM Estrella de Alcala de Guadaira,1980-1982: AM Estrella de Alcala de Guadaira
foro-2019-josemariumb,Miercoles Santo,BUEN FIN,Paso de Cristo,1983,CCTT Cruz Roja,1983: CCTT Cruz Roja
foro-2019-josemariumb,Miercoles Santo,BUEN FIN,Paso de Cristo,1984,CCTT Maestro Paton,1984-1991: CCTT Maestro Paton
foro-2019-josemariumb,Miercoles Santo,BUEN FIN,Paso de Cristo,1985,CCTT Maestro Paton,1984-1991: CCTT Maestro Paton
foro-2019-josemariumb,Miercoles Santo,BUEN FIN,Paso de Cristo,1986,CCTT Maestro Paton,1984-1991: CCTT Maestro Paton
foro-2019-josemariumb,Miercoles Santo,BUEN FIN,Paso de Cristo,1987,CCTT Maestro Paton,1984-1991: CCTT Maestro Paton
foro-2019-josemariumb,Miercoles Santo,BUEN FIN,Paso de Cristo,1988,CCTT Maestro Paton,1984-1991: CCTT Maestro Paton
foro-2019-josemariumb,Miercoles Santo,BUEN FIN,Paso de Cristo,1989,CCTT Maestro Paton,1984-1991: CCTT Maestro Paton
foro-2019-josemariumb,Miercoles Santo,BUEN FIN,Paso de Cristo,1990,CCTT Maestro Paton,1984-1991: CCTT Maestro Paton
foro-2019-josemariumb,Miercoles Santo,BUEN FIN,Paso de Cristo,1991,CCTT Maestro Paton,1984-1991: CCTT Maestro Paton
foro-2019-josemariumb,Miercoles Santo,BUEN FIN,Paso de Cristo,1992,CCTT Centuria Macarena,1992-2019: CCTT Centuria Macarena
foro-2019-josemariumb,Miercoles Santo,BUEN FIN,Paso de Cristo,1993,CCTT Centuria Macarena,1992-2019: CCTT Centuria Macarena
foro-2019-josemariumb,Miercoles Santo,BUEN FIN,Paso de Cristo,1994,CCTT Centuria Macarena,1992-2019: CCTT Centuria Macarena
foro-2019-josemariumb,Miercoles Santo,BUEN FIN,Paso de Cristo,1995,CCTT Centuria Macarena,1992-2019: CCTT Centuria Macarena
foro-2019-josemariumb,Miercoles Santo,BUEN FIN,Paso de Cristo,1996,CCTT Centuria Macarena,1992-2019: CCTT Centuria Macarena
foro-2019-josemariumb,Miercoles Santo,BUEN FIN,Paso de Cristo,1997,CCTT Centuria Macarena,1992-2019: CCTT Centuria Macarena
foro-2019-josemariumb,Miercoles Santo,BUEN FIN,Paso de Cristo,1998,CCTT Centuria Macarena,1992-2019: CCTT Centuria Macarena
foro-2019-josemariumb,Miercoles Santo,BUEN FIN,Paso de Cristo,1999,CCTT Centuria Macarena,1992-2019: CCTT Centuria Macarena
foro-2019-josemariumb,Miercoles Santo,BUEN FIN,Paso de Cristo,2000,CCTT Centuria Macarena,1992-2019: CCTT Centuria Macarena
foro-2019-josemariumb,Miercoles Santo,BUEN FIN,Paso de Cristo,2001,CCTT Centuria Macarena,1992-2019: CCTT Centuria Macarena
foro-2019-josemariumb,Miercoles Santo,BUEN FIN,Paso de Cristo,2002,CCTT Centuria Macarena,1992-2019: CCTT Centuria Macarena
foro-2019-josemariumb,Miercoles Santo,BUEN FIN,Paso de Cristo,2003,CCTT Centuria Macarena,1992-2019: CCTT Centuria Macarena
foro-2019-josemariumb,Miercoles Santo,BUEN FIN,Paso de Cristo,2004,CCTT Centuria Macarena,1992-2019: CCTT Centuria Macarena
foro-2019-josemariumb,Miercoles Santo,BUEN FIN,Paso de Cristo,2005,CCTT Centuria Macarena,1992-2019: CCTT Centuria Macarena
foro-2019-josemariumb,Miercoles Santo,BUEN FIN,Paso de Cristo,2006,CCTT Centuria Macarena,1992-2019: CCTT Centuria Macarena
foro-2019-josemariumb,Miercoles Santo,BUEN FIN,Paso de Cristo,2007,CCTT Centuria Macarena,1992-2019: CCTT Centuria Macarena
foro-2019-josemariumb,Miercoles Santo,BUEN FIN,Paso de Cristo,2008,CCTT Centuria Macarena,1992-2019: CCTT Centuria Macarena
foro-2019-josemariumb,Miercoles Santo,BUEN FIN,Paso de Cristo,2009,CCTT Centuria Macarena,1992-2019: CCTT Centuria Macarena
foro-2019-josemariumb,Miercoles Santo,BUEN FIN,Paso de Cristo,2010,CCTT Centuria Macarena,1992-2019: CCTT Centuria Macarena
foro-2019-josemariumb,Miercoles Santo,BUEN FIN,Paso de Cristo,2011,CCTT Centuria Macarena,1992-2019: CCTT Centuria Macarena
foro-2019-josemariumb,Miercoles Santo,BUEN FIN,Paso de Cristo,2012,CCTT Centuria Macarena,1992-2019: CCTT Centuria Macarena
foro-2019-josemariumb,Miercoles Santo,BUEN FIN,Paso de Cristo,2013,CCTT Centuria Macarena,1992-2019: CCTT Centuria Macarena
foro-2019-josemariumb,Miercoles Santo,BUEN FIN,Paso de Cristo,2014,CCTT Centuria Macarena,1992-2019: CCTT Centuria Macarena
foro-2019-josemariumb,Miercoles Santo,BUEN FIN,Paso de Cristo,2015,CCTT Centuria Macarena,1992-2019: CCTT Centuria Macarena
foro-2019-josemariumb,Miercoles Santo,BUEN FIN,Paso de Cristo,2016,CCTT Centuria Macarena,1992-2019: CCTT Centuria Macarena
foro-2019-josemariumb,Miercoles Santo,BUEN FIN,Paso de Cristo,2017,CCTT Centuria Macarena,1992-2019: CCTT Centuria Macarena
foro-2019-josemariumb,Miercoles Santo,BUEN FIN,Paso de Cristo,2018,CCTT Centuria Macarena,1992-2019: CCTT Centuria Macarena
foro-2019-josemariumb,Miercoles Santo,BUEN FIN,Paso de Cristo,2019,CCTT Centuria Macarena,1992-2019: CCTT Centuria Macarena
foro-2019-josemariumb,Miercoles Santo,BUEN FIN,Paso de Palio,1980,BM Maestro Tejera,1980-1981: BM Maestro Tejera
foro-2019-josemariumb,Miercoles Santo,BUEN FIN,Paso de Palio,1981,BM Maestro Tejera,1980-1981: BM Maestro Tejera
foro-2019-josemariumb,Miercoles Santo,BUEN FIN,Paso de Palio,1982,BM Santa Maria del Alcor,1982-1992: BM Santa Maria del Alcor
foro-2019-josemariumb,Miercoles Santo,BUEN FIN,Paso de Palio,1983,BM Santa Maria del Alcor,1982-1992: BM Santa Maria del Alcor
foro-2019-josemariumb,Miercoles Santo,BUEN FIN,Paso de Palio,1984,BM Santa Maria del Alcor,1982-1992: BM Santa Maria del Alcor
foro-2019-josemariumb,Miercoles Santo,BUEN FIN,Paso de Palio,1985,BM Santa Maria del Alcor,1982-1992: BM Santa Maria del Alcor
foro-2019-josemariumb,Miercoles Santo,BUEN FIN,Paso de Palio,1986,BM Santa Maria del Alcor,1982-1992: BM Santa Maria del Alcor
foro-2019-josemariumb,Miercoles Santo,BUEN FIN,Paso de Palio,1987,BM Santa Maria del Alcor,1982-1992: BM Santa Maria del Alcor
foro-2019-josemariumb,Miercoles Santo,BUEN FIN,Paso de Palio,1988,BM Santa Maria del Alcor,1982-1992: BM Santa Maria del Alcor
foro-2019-josemariumb,Miercoles Santo,BUEN FIN,Paso de Palio,1989,BM Santa Maria del Alcor,1982-1992: BM Santa Maria del Alcor
foro-2019-josemariumb,Miercoles Santo,BUEN FIN,Paso de Palio,1990,BM Santa Maria del Alcor,1982-1992: BM Santa Maria del Alcor
foro-2019-josemariumb,Miercoles Santo,BUEN FIN,Paso de Palio,1991,BM Santa Maria del Alcor,1982-1992: BM Santa Maria del Alcor
foro-2019-josemariumb,Miercoles Santo,BUEN FIN,Paso de Palio,1992,BM Santa Maria del Alcor,1982-1992: BM Santa Maria del Alcor
foro-2019-josemariumb,Miercoles Santo,BUEN FIN,Paso de Palio,1993,BM Santa Maria de las Nieves de Olivares,1993-2019: BM Santa Maria de las Nieves de Olivares
foro-2019-josemariumb,Miercoles Santo,BUEN FIN,Paso de Palio,1994,BM Santa Maria de las Nieves de Olivares,1993-2019: BM Santa Maria de las Nieves de Olivares
foro-2019-josemariumb,Miercoles Santo,BUEN FIN,Paso de Palio,1995,BM Santa Maria de las Nieves de Olivares,1993-2019: BM Santa Maria de las Nieves de Olivares
foro-2019-josemariumb,Miercoles Santo,BUEN FIN,Paso de Palio,1996,BM Santa Maria de las Nieves de Olivares,1993-2019: BM Santa Maria de las Nieves de Olivares
foro-2019-josemariumb,Miercoles Santo,BUEN FIN,Paso de Palio,1997,BM Santa Maria de las Nieves de Olivares,1993-2019: BM Santa Maria de las Nieves de Olivares
foro-2019-josemariumb,Miercoles Santo,BUEN FIN,Paso de Palio,1998,BM Santa Maria de las Nieves de Olivares,1993-2019: BM Santa Maria de las Nieves de Olivares
foro-2019-josemariumb,Miercoles Santo,BUEN FIN,Paso de Palio,1999,BM Santa Maria de las Nieves de Olivares,1993-2019: BM Santa Maria de las Nieves de Olivares
foro-2019-josemariumb,Miercoles Santo,BUEN FIN,Paso de Palio,2000,BM Santa Maria de las Nieves de Olivares,1993-2019: BM Santa Maria de las Nieves de Olivares
foro-2019-josemariumb,Miercoles Santo,BUEN FIN,Paso de Palio,2001,BM Santa Maria de las Nieves de Olivares,1993-2019: BM Santa Maria de las Nieves de Olivares
foro-2019-josemariumb,Miercoles Santo,BUEN FIN,Paso de Palio,2002,BM Santa Maria de las Nieves de Olivares,1993-2019: BM Santa Maria de las Nieves de Olivares
foro-2019-josemariumb,Miercoles Santo,BUEN FIN,Paso de Palio,2003,BM Santa Maria de las Nieves de Olivares,1993-2019: BM Santa Maria de las Nieves de Olivares
foro-2019-josemariumb,Miercoles Santo,BUEN FIN,Paso de Palio,2004,BM Santa Maria de las Nieves de Olivares,1993-2019: BM Santa Maria de las Nieves de Olivares
foro-2019-josemariumb,Miercoles Santo,BUEN FIN,Paso de Palio,2005,BM Santa Maria de las Nieves de Olivares,1993-2019: BM Santa Maria de las Nieves de Olivares
foro-2019-josemariumb,Miercoles Santo,BUEN FIN,Paso de Palio,2006,BM Santa Maria de las Nieves de Olivares,1993-2019: BM Santa Maria de las Nieves de Olivares
foro-2019-josemariumb,Miercoles Santo,BUEN FIN,Paso de Palio,2007,BM Santa Maria de las Nieves de Olivares,1993-2019: BM Santa Maria de las Nieves de Olivares
foro-2019-josemariumb,Miercoles Santo,BUEN FIN,Paso de Palio,2008,BM Santa Maria de las Nieves de Olivares,1993-2019: BM Santa Maria de las Nieves de Olivares
foro-2019-josemariumb,Miercoles Santo,BUEN FIN,Paso de Palio,2009,BM Santa Maria de las Nieves de Olivares,1993-2019: BM Santa Maria de las Nieves de Olivares
foro-2019-josemariumb,Miercoles Santo,BUEN FIN,Paso de Palio,2010,BM Santa Maria de las Nieves de Olivares,1993-2019: BM Santa Maria de las Nieves de Olivares
foro-2019-josemariumb,Miercoles Santo,BUEN FIN,Paso de Palio,2011,BM Santa Maria de las Nieves de Olivares,1993-2019: BM Santa Maria de las Nieves de Olivares
foro-2019-josemariumb,Miercoles Santo,BUEN FIN,Paso de Palio,2012,BM Santa Maria de las Nieves de Olivares,1993-2019: BM Santa Maria de las Nieves de Olivares
foro-2019-josemariumb,Miercoles Santo,BUEN FIN,Paso de Palio,2013,BM Santa Maria de las Nieves de Olivares,1993-2019: BM Santa Maria de las Nieves de Olivares
foro-2019-josemariumb,Miercoles Santo,BUEN FIN,Paso de Palio,2014,BM Santa Maria de las Nieves de Olivares,1993-2019: BM Santa Maria de las Nieves de Olivares
foro-2019-josemariumb,Miercoles Santo,BUEN FIN,Paso de Palio,2015,BM Santa Maria de las Nieves de Olivares,1993-2019: BM Santa Maria de las Nieves de Olivares
foro-2019-josemariumb,Miercoles Santo,BUEN FIN,Paso de Palio,2016,BM Santa Maria de las Nieves de Olivares,1993-2019: BM Santa Maria de las Nieves de Olivares
foro-2019-josemariumb,Miercoles Santo,BUEN FIN,Paso de Palio,2017,BM Santa Maria de las Nieves de Olivares,1993-2019: BM Santa Maria de las Nieves de Olivares
foro-2019-josemariumb,Miercoles Santo,BUEN FIN,Paso de Palio,2018,BM Santa Maria de las Nieves de Olivares,1993-2019: BM Santa Maria de las Nieves de Olivares
foro-2019-josemariumb,Miercoles Santo,BUEN FIN,Paso de Palio,2019,BM Santa Maria de las Nieves de Olivares,1993-2019: BM Santa Maria de las Nieves de Olivares
foro-2019-josemariumb,Miercoles Santo,LA LANZADA,Paso de Misterio,1980,AM Sagrada Lanzada,1979-1986: AM Sagrada Lanzada
foro-2019-josemariumb,Miercoles Santo,LA LANZADA,Paso de Misterio,1981,AM Sagrada Lanzada,1979-1986: AM Sagrada Lanzada
foro-2019-josemariumb,Miercoles Santo,LA LANZADA,Paso de Misterio,1982,AM Sagrada Lanzada,1979-1986: AM Sagrada Lanzada
foro-2019-josemariumb,Miercoles Santo,LA LANZADA,Paso de Misterio,1983,AM Sagrada Lanzada,1979-1986: AM Sagrada Lanzada
foro-2019-josemariumb,Miercoles Santo,LA LANZADA,Paso de Misterio,1984,AM Sagrada Lanzada,1979-1986: AM Sagrada Lanzada
foro-2019-josemariumb,Miercoles Santo,LA LANZADA,Paso de Misterio,1985,AM Sagrada Lanzada,1979-1986: AM Sagrada Lanzada
foro-2019-josemariumb,Miercoles Santo,LA LANZADA,Paso de Misterio,1986,AM Sagrada Lanzada,1979-1986: AM Sagrada Lanzada
foro-2019-josemariumb,Miercoles Santo,LA LANZADA,Paso de Misterio,1987,CCTT Centuria Macarena,1987-1989: CCTT Centuria Macarena
foro-2019-josemariumb,Miercoles Santo,LA LANZADA,Paso de Misterio,1988,CCTT Centuria Macarena,1987-1989: CCTT Centuria Macarena
foro-2019-josemariumb,Miercoles Santo,LA LANZADA,Paso de Misterio,1989,CCTT Centuria Macarena,1987-1989: CCTT Centuria Macarena
foro-2019-josemariumb,Miercoles Santo,LA LANZADA,Paso de Misterio,1990,CCTT Tres Caidas,1990-2019: CCTT Tres Caidas
foro-2019-josemariumb,Miercoles Santo,LA LANZADA,Paso de Misterio,1991,CCTT Tres Caidas,1990-2019: CCTT Tres Caidas
foro-2019-josemariumb,Miercoles Santo,LA LANZADA,Paso de Misterio,1992,CCTT Tres Caidas,1990-2019: CCTT Tres Caidas
foro-2019-josemariumb,Miercoles Santo,LA LANZADA,Paso de Misterio,1993,CCTT Tres Caidas,1990-2019: CCTT Tres Caidas
foro-2019-josemariumb,Miercoles Santo,LA LANZADA,Paso de Misterio,1994,CCTT Tres Caidas,1990-2019: CCTT Tres Caidas
foro-2019-josemariumb,Miercoles Santo,LA LANZADA,Paso de Misterio,1995,CCTT Tres Caidas,1990-2019: CCTT Tres Caidas
foro-2019-josemariumb,Miercoles Santo,LA LANZADA,Paso de Misterio,1996,CCTT Tres Caidas,1990-2019: CCTT Tres Caidas
foro-2019-josemariumb,Miercoles Santo,LA LANZADA,Paso de Misterio,1997,CCTT Tres Caidas,1990-2019: CCTT Tres Caidas
foro-2019-josemariumb,Miercoles Santo,LA LANZADA,Paso de Misterio,1998,CCTT Tres Caidas,1990-2019: CCTT Tres Caidas
foro-2019-josemariumb,Miercoles Santo,LA LANZADA,Paso de Misterio,1999,CCTT Tres Caidas,1990-2019: CCTT Tres Caidas
foro-2019-josemariumb,Miercoles Santo,LA LANZADA,Paso de Misterio,2000,CCTT Tres Caidas,1990-2019: CCTT Tres Caidas
foro-2019-josemariumb,Miercoles Santo,LA LANZADA,Paso de Misterio,2001,CCTT Tres Caidas,1990-2019: CCTT Tres Caidas
foro-2019-josemariumb,Miercoles Santo,LA LANZADA,Paso de Misterio,2002,CCTT Tres Caidas,1990-2019: CCTT Tres Caidas
foro-2019-josemariumb,Miercoles Santo,LA LANZADA,Paso de Misterio,2003,CCTT Tres Caidas,1990-2019: CCTT Tres Caidas
foro-2019-josemariumb,Miercoles Santo,LA LANZADA,Paso de Misterio,2004,CCTT Tres Caidas,1990-2019: CCTT Tres Caidas
foro-2019-josemariumb,Miercoles Santo,LA LANZADA,Paso de Misterio,2005,CCTT Tres Caidas,1990-2019: CCTT Tres Caidas
foro-2019-josemariumb,Miercoles Santo,LA LANZADA,Paso de Misterio,2006,CCTT Tres Caidas,1990-2019: CCTT Tres Caidas
foro-2019-josemariumb,Miercoles Santo,LA LANZADA,Paso de Misterio,2007,CCTT Tres Caidas,1990-2019: CCTT Tres Caidas
foro-2019-josemariumb,Miercoles Santo,LA LANZADA,Paso de Misterio,2008,CCTT Tres Caidas,1990-2019: CCTT Tres Caidas
foro-2019-josemariumb,Miercoles Santo,LA LANZADA,Paso de Misterio,2009,CCTT Tres Caidas,1990-2019: CCTT Tres Caidas
foro-2019-josemariumb,Miercoles Santo,LA LANZADA,Paso de Misterio,2010,CCTT Tres Caidas,1990-2019: CCTT Tres Caidas
foro-2019-josemariumb,Miercoles Santo,LA LANZADA,Paso de Misterio,2011,CCTT Tres Caidas,1990-2019: CCTT Tres Caidas
foro-2019-josemariumb,Miercoles Santo,LA LANZADA,Paso de Misterio,2012,CCTT Tres Caidas,1990-2019: CCTT Tres Caidas
foro-2019-josemariumb,Miercoles Santo,LA LANZADA,Paso de Misterio,2013,CCTT Tres Caidas,1990-2019: CCTT Tres Caidas
foro-2019-josemariumb,Miercoles Santo,LA LANZADA,Paso de Misterio,2014,CCTT Tres Caidas,1990-2019: CCTT Tres Caidas
foro-2019-josemariumb,Miercoles Santo,LA LANZADA,Paso de Misterio,2015,CCTT Tres Caidas,1990-2019: CCTT Tres Caidas
foro-2019-josemariumb,Miercoles Santo,LA LANZADA,Paso de Misterio,2016,CCTT Tres Caidas,1990-2019: CCTT Tres Caidas
foro-2019-josemariumb,Miercoles Santo,LA LANZADA,Paso de Misterio,2017,CCTT Tres Caidas,1990-2019: CCTT Tres Caidas
foro-2019-josemariumb,Miercoles Santo,LA LANZADA,Paso de Misterio,2018,CCTT Tres Caidas,1990-2019: CCTT Tres Caidas
foro-2019-josemariumb,Miercoles Santo,LA LANZADA,Paso de Misterio,2019,CCTT Tres Caidas,1990-2019: CCTT Tres Caidas
foro-2019-josemariumb,Miercoles Santo,LA LANZADA,Paso de Palio,1980,BM Inmaculada (Soria 9),1980-1984: BM Inmaculada (Soria 9)
foro-2019-josemariumb,Miercoles Santo,LA LANZADA,Paso de Palio,1981,BM Inmaculada (Soria 9),1980-1984: BM Inmaculada (Soria 9)
foro-2019-josemariumb,Miercoles Santo,LA LANZADA,Paso de Palio,1982,BM Inmaculada (Soria 9),1980-1984: BM Inmaculada (Soria 9)
foro-2019-josemariumb,Miercoles Santo,LA LANZADA,Paso de Palio,1983,BM Inmaculada (Soria 9),1980-1984: BM Inmaculada (Soria 9)
foro-2019-josemariumb,Miercoles Santo,LA LANZADA,Paso de Palio,1984,BM Inmaculada (Soria 9),1980-1984: BM Inmaculada (Soria 9)
foro-2019-josemariumb,Miercoles Santo,LA LANZADA,Paso de Palio,1985,BM Alvarez Quintero de Utrera,1985-1987: BM Alvarez Quintero de Utrera
foro-2019-josemariumb,Miercoles Santo,LA LANZADA,Paso de Palio,1986,BM Alvarez Quintero de Utrera,1985-1987: BM Alvarez Quintero de Utrera
foro-2019-josemariumb,Miercoles Santo,LA LANZADA,Paso de Palio,1987,BM Alvarez Quintero de Utrera,1985-1987: BM Alvarez Quintero de Utrera
foro-2019-josemariumb,Miercoles Santo,LA LANZADA,Paso de Palio,1988,BM Esperanza de Triana,1988-1989: BM Esperanza de Triana
foro-2019-josemariumb,Miercoles Santo,LA LANZADA,Paso de Palio,1989,BM Esperanza de Triana,1988-1989: BM Esperanza de Triana
foro-2019-josemariumb,Miercoles Santo,LA LANZADA,Paso de Palio,1990,BM Maestro Tejera,1990-1993: BM Maestro Tejera
foro-2019-josemariumb,Miercoles Santo,LA LANZADA,Paso de Palio,1991,BM Maestro Tejera,1990-1993: BM Maestro Tejera
foro-2019-josemariumb,Miercoles Santo,LA LANZADA,Paso de Palio,1992,BM Maestro Tejera,1990-1993: BM Maestro Tejera
foro-2019-josemariumb,Miercoles Santo,LA LANZADA,Paso de Palio,1993,BM Maestro Tejera,1990-1993: BM Maestro Tejera
foro-2019-josemariumb,Miercoles Santo,LA LANZADA,Paso de Palio,1994,BM Filarmonica de Pilas,1994-2010: BM Filarmonica de Pilas
foro-2019-josemariumb,Miercoles Santo,LA LANZADA,Paso de Palio,1995,BM Filarmonica de Pilas,1994-2010: BM Filarmonica de Pilas
foro-2019-josemariumb,Miercoles Santo,LA LANZADA,Paso de Palio,1996,BM Filarmonica de Pilas,1994-2010: BM Filarmonica de Pilas
foro-2019-josemariumb,Miercoles Santo,LA LANZADA,Paso de Palio,1997,BM Filarmonica de Pilas,1994-2010: BM Filarmonica de Pilas
foro-2019-josemariumb,Miercoles Santo,LA LANZADA,Paso de Palio,1998,BM Filarmonica de Pilas,1994-2010: BM Filarmonica de Pilas
foro-2019-josemariumb,Miercoles Santo,LA LANZADA,Paso de Palio,1999,BM Filarmonica de Pilas,1994-2010: BM Filarmonica de Pilas
foro-2019-josemariumb,Miercoles Santo,LA LANZADA,Paso de Palio,2000,BM Filarmonica de Pilas,1994-2010: BM Filarmonica de Pilas
foro-2019-josemariumb,Miercoles Santo,LA LANZADA,Paso de Palio,2001,BM Filarmonica de Pilas,1994-2010: BM Filarmonica de Pilas
foro-2019-josemariumb,Miercoles Santo,LA LANZADA,Paso de Palio,2002,BM Filarmonica de Pilas,1994-2010: BM Filarmonica de Pilas
foro-2019-josemariumb,Miercoles Santo,LA LANZADA,Paso de Palio,2003,BM Filarmonica de Pilas,1994-2010: BM Filarmonica de Pilas
foro-2019-josemariumb,Miercoles Santo,LA LANZADA,Paso de Palio,2004,BM Filarmonica de Pilas,1994-2010: BM Filarmonica de Pilas
foro-2019-josemariumb,Miercoles Santo,LA LANZADA,Paso de Palio,2005,BM Filarmonica de Pilas,1994-2010: BM Filarmonica de Pilas
foro-2019-josemariumb,Miercoles Santo,LA LANZADA,Paso de Palio,2006,BM Filarmonica de Pilas,1994-2010: BM Filarmonica de Pilas
foro-2019-josemariumb,Miercoles Santo,LA LANZADA,Paso de Palio,2007,BM Filarmonica de Pilas,1994-2010: BM Filarmonica de Pilas
foro-2019-josemariumb,Miercoles Santo,LA LANZADA,Paso de Palio,2008,BM Filarmonica de Pilas,1994-2010: BM Filarmonica de Pilas
foro-2019-josemariumb,Miercoles Santo,LA LANZADA,Paso de Palio,2009,BM Filarmonica de Pilas,1994-2010: BM Filarmonica de Pilas
foro-2019-josemariumb,Miercoles Santo,LA LANZADA,Paso de Palio,2010,BM Filarmonica de Pilas,1994-2010: BM Filarmonica de Pilas
foro-2019-josemariumb,Miercoles Santo,LA LANZADA,Paso de Palio,2011,BM Nuestra Senora de la Victoria de Las Cigarreras,2011-2019: BM Nuestra Senora de la Victoria de Las Cigarreras
foro-2019-josemariumb,Miercoles Santo,LA LANZADA,Paso de Palio,2012,BM Nuestra Senora de la Victoria de Las Cigarreras,2011-2019: BM Nuestra Senora de la Victoria de Las Cigarreras
foro-2019-josemariumb,Miercoles Santo,LA LANZADA,Paso de Palio,2013,BM Nuestra Senora de la Victoria de Las Cigarreras,2011-2019: BM Nuestra Senora de la Victoria de Las Cigarreras
foro-2019-josemariumb,Miercoles Santo,LA LANZADA,Paso de Palio,2014,BM Nuestra Senora de la Victoria de Las Cigarreras,2011-2019: BM Nuestra Senora de la Victoria de Las Cigarreras
foro-2019-josemariumb,Miercoles Santo,LA LANZADA,Paso de Palio,2015,BM Nuestra Senora de la Victoria de Las Cigarreras,2011-2019: BM Nuestra Senora de la Victoria de Las Cigarreras
foro-2019-josemariumb,Miercoles Santo,LA LANZADA,Paso de Palio,2016,BM Nuestra Senora de la Victoria de Las Cigarreras,2011-2019: BM Nuestra Senora de la Victoria de Las Cigarreras
foro-2019-josemariumb,Miercoles Santo,LA LANZADA,Paso de Palio,2017,BM Nuestra Senora de la Victoria de Las Cigarreras,2011-2019: BM Nuestra Senora de la Victoria de Las Cigarreras
foro-2019-josemariumb,Miercoles Santo,LA LANZADA,Paso de Palio,2018,BM Nuestra Senora de la Victoria de Las Cigarreras,2011-2019: BM Nuestra Senora de la Victoria de Las Cigarreras
foro-2019-josemariumb,Miercoles Santo,LA LANZADA,Paso de Palio,2019,BM Nuestra Senora de la Victoria de Las Cigarreras,2011-2019: BM Nuestra Senora de la Victoria de Las Cigarreras
foro-2019-josemariumb,Miercoles Santo,EL BARATILLO,Paso de Misterio,1980,AM Estrella de Dos Hermanas,1980-1981: AM Estrella de Dos Hermanas
foro-2019-josemariumb,Miercoles Santo,EL BARATILLO,Paso de Misterio,1981,AM Estrella de Dos Hermanas,1980-1981: AM Estrella de Dos Hermanas
foro-2019-josemariumb,Miercoles Santo,EL BARATILLO,Paso de Misterio,1982,CCTT Sol,1982-1989: CCTT Sol
foro-2019-josemariumb,Miercoles Santo,EL BARATILLO,Paso de Misterio,1983,CCTT Sol,1982-1989: CCTT Sol
foro-2019-josemariumb,Miercoles Santo,EL BARATILLO,Paso de Misterio,1984,CCTT Sol,1982-1989: CCTT Sol
foro-2019-josemariumb,Miercoles Santo,EL BARATILLO,Paso de Misterio,1985,CCTT Sol,1982-1989: CCTT Sol
foro-2019-josemariumb,Miercoles Santo,EL BARATILLO,Paso de Misterio,1986,CCTT Sol,1982-1989: CCTT Sol
foro-2019-josemariumb,Miercoles Santo,EL BARATILLO,Paso de Misterio,1987,CCTT Sol,1982-1989: CCTT Sol
foro-2019-josemariumb,Miercoles Santo,EL BARATILLO,Paso de Misterio,1988,CCTT Sol,1982-1989: CCTT Sol
foro-2019-josemariumb,Miercoles Santo,EL BARATILLO,Paso de Misterio,1989,CCTT Sol,1982-1989: CCTT Sol
foro-2019-josemariumb,Miercoles Santo,EL BARATILLO,Paso de Misterio,1990,CCTT Centuria Macarena,1990: CCTT Centuria Macarena
foro-2019-josemariumb,Miercoles Santo,EL BARATILLO,Paso de Misterio,1991,CCTT Sol,1991-1993: CCTT Sol
foro-2019-josemariumb,Miercoles Santo,EL BARATILLO,Paso de Misterio,1992,CCTT Sol,1991-1993: CCTT Sol
foro-2019-josemariumb,Miercoles Santo,EL BARATILLO,Paso de Misterio,1993,CCTT Sol,1991-1993: CCTT Sol
foro-2019-josemariumb,Miercoles Santo,EL BARATILLO,Paso de Misterio,1994,CCTT Ntro. Padre Jesus de los Remedios de Castilleja de la Cuesta,1994-1999: CCTT Ntro. Padre Jesus de los Remedios de Castilleja de la Cuesta
foro-2019-josemariumb,Miercoles Santo,EL BARATILLO,Paso de Misterio,1995,CCTT Ntro. Padre Jesus de los Remedios de Castilleja de la Cuesta,1994-1999: CCTT Ntro. Padre Jesus de los Remedios de Castilleja de la Cuesta
foro-2019-josemariumb,Miercoles Santo,EL BARATILLO,Paso de Misterio,1996,CCTT Ntro. Padre Jesus de los Remedios de Castilleja de la Cuesta,1994-1999: CCTT Ntro. Padre Jesus de los Remedios de Castilleja de la Cuesta
foro-2019-josemariumb,Miercoles Santo,EL BARATILLO,Paso de Misterio,1997,CCTT Ntro. Padre Jesus de los Remedios de Castilleja de la Cuesta,1994-1999: CCTT Ntro. Padre Jesus de los Remedios de Castilleja de la Cuesta
foro-2019-josemariumb,Miercoles Santo,EL BARATILLO,Paso de Misterio,1998,CCTT Ntro. Padre Jesus de los Remedios de Castilleja de la Cuesta,1994-1999: CCTT Ntro. Padre Jesus de los Remedios de Castilleja de la Cuesta
foro-2019-josemariumb,Miercoles Santo,EL BARATILLO,Paso de Misterio,1999,CCTT Ntro. Padre Jesus de los Remedios de Castilleja de la Cuesta,1994-1999: CCTT Ntro. Padre Jesus de los Remedios de Castilleja de la Cuesta
foro-2019-josemariumb,Miercoles Santo,EL BARATILLO,Paso de Misterio,2000,CCTT Vera Cruz de Utrera,2000-2003: CCTT Vera Cruz de Utrera
foro-2019-josemariumb,Miercoles Santo,EL BARATILLO,Paso de Misterio,2001,CCTT Vera Cruz de Utrera,2000-2003: CCTT Vera Cruz de Utrera
foro-2019-josemariumb,Miercoles Santo,EL BARATILLO,Paso de Misterio,2002,CCTT Vera Cruz de Utrera,2000-2003: CCTT Vera Cruz de Utrera
foro-2019-josemariumb,Miercoles Santo,EL BARATILLO,Paso de Misterio,2003,CCTT Vera Cruz de Utrera,2000-2003: CCTT Vera Cruz de Utrera
foro-2019-josemariumb,Miercoles Santo,EL BARATILLO,Paso de Misterio,2004,CCTT Cristo de la Sangre,2004: CCTT Cristo de la Sangre
foro-2019-josemariumb,Miercoles Santo,EL BARATILLO,Paso de Misterio,2005,CCTT Sol,2005-2019: CCTT Sol
foro-2019-josemariumb,Miercoles Santo,EL BARATILLO,Paso de Misterio,2006,CCTT Sol,2005-2019: CCTT Sol
foro-2019-josemariumb,Miercoles Santo,EL BARATILLO,Paso de Misterio,2007,CCTT Sol,2005-2019: CCTT Sol
foro-2019-josemariumb,Miercoles Santo,EL BARATILLO,Paso de Misterio,2008,CCTT Sol,2005-2019: CCTT Sol
foro-2019-josemariumb,Miercoles Santo,EL BARATILLO,Paso de Misterio,2009,CCTT Sol,2005-2019: CCTT Sol
foro-2019-josemariumb,Miercoles Santo,EL BARATILLO,Paso de Misterio,2010,CCTT Sol,2005-2019: CCTT Sol
foro-2019-josemariumb,Miercoles Santo,EL BARATILLO,Paso de Misterio,2011,CCTT Sol,2005-2019: CCTT Sol
foro-2019-josemariumb,Miercoles Santo,EL BARATILLO,Paso de Misterio,2012,CCTT Sol,2005-2019: CCTT Sol
foro-2019-josemariumb,Miercoles Santo,EL BARATILLO,Paso de Misterio,2013,CCTT Sol,2005-2019: CCTT Sol
foro-2019-josemariumb,Miercoles Santo,EL BARATILLO,Paso de Misterio,2014,CCTT Sol,2005-2019: CCTT Sol
foro-2019-josemariumb,Miercoles Santo,EL BARATILLO,Paso de Misterio,2015,CCTT Sol,2005-2019: CCTT Sol
foro-2019-josemariumb,Miercoles Santo,EL BARATILLO,Paso de Misterio,2016,CCTT Sol,2005-2019: CCTT Sol
foro-2019-josemariumb,Miercoles Santo,EL BARATILLO,Paso de Misterio,2017,CCTT Sol,2005-2019: CCTT Sol
foro-2019-josemariumb,Miercoles Santo,EL BARATILLO,Paso de Misterio,2018,CCTT Sol,2005-2019: CCTT Sol
foro-2019-josemariumb,Miercoles Santo,EL BARATILLO,Paso de Misterio,2019,CCTT Sol,2005-2019: CCTT Sol
foro-2019-josemariumb,Miercoles Santo,EL BARATILLO,Paso de Palio,1980,Sociedad Filarmonica Nuestra Senora del Carmen de Salteras,1980-2019: Sociedad Filarmonica Nuestra Senora del Carmen de Salteras
foro-2019-josemariumb,Miercoles Santo,EL BARATILLO,Paso de Palio,1981,Sociedad Filarmonica Nuestra Senora del Carmen de Salteras,1980-2019: Sociedad Filarmonica Nuestra Senora del Carmen de Salteras
foro-2019-josemariumb,Miercoles Santo,EL BARATILLO,Paso de Palio,1982,Sociedad Filarmonica Nuestra Senora del Carmen de Salteras,1980-2019: Sociedad Filarmonica Nuestra Senora del Carmen de Salteras
foro-2019-josemariumb,Miercoles Santo,EL BARATILLO,Paso de Palio,1983,Sociedad Filarmonica Nuestra Senora del Carmen de Salteras,1980-2019: Sociedad Filarmonica Nuestra Senora del Carmen de Salteras
foro-2019-josemariumb,Miercoles Santo,EL BARATILLO,Paso de Palio,1984,Sociedad Filarmonica Nuestra Senora del Carmen de Salteras,1980-2019: Sociedad Filarmonica Nuestra Senora del Carmen de Salteras
foro-2019-josemariumb,Miercoles Santo,EL BARATILLO,Paso de Palio,1985,Sociedad Filarmonica Nuestra Senora del Carmen de Salteras,1980-2019: Sociedad Filarmonica Nuestra Senora del Carmen de Salteras
foro-2019-josemariumb,Miercoles Santo,EL BARATILLO,Paso de Palio,1986,Sociedad Filarmonica Nuestra Senora del Carmen de Salteras,1980-2019: Sociedad Filarmonica Nuestra Senora del Carmen de Salteras
foro-2019-josemariumb,Miercoles Santo,EL BARATILLO,Paso de Palio,1987,Sociedad Filarmonica Nuestra Senora del Carmen de Salteras,1980-2019: Sociedad Filarmonica Nuestra Senora del Carmen de Salteras
foro-2019-josemariumb,Miercoles Santo,EL BARATILLO,Paso de Palio,1988,Sociedad Filarmonica Nuestra Senora del Carmen de Salteras,1980-2019: Sociedad Filarmonica Nuestra Senora del Carmen de Salteras
foro-2019-josemariumb,Miercoles Santo,EL BARATILLO,Paso de Palio,1989,Sociedad Filarmonica Nuestra Senora del Carmen de Salteras,1980-2019: Sociedad Filarmonica Nuestra Senora del Carmen de Salteras
foro-2019-josemariumb,Miercoles Santo,EL BARATILLO,Paso de Palio,1990,Sociedad Filarmonica Nuestra Senora del Carmen de Salteras,1980-2019: Sociedad Filarmonica Nuestra Senora del Carmen de Salteras
foro-2019-josemariumb,Miercoles Santo,EL BARATILLO,Paso de Palio,1991,Sociedad Filarmonica Nuestra Senora del Carmen de Salteras,1980-2019: Sociedad Filarmonica Nuestra Senora del Carmen de Salteras
foro-2019-josemariumb,Miercoles Santo,EL BARATILLO,Paso de Palio,1992,Sociedad Filarmonica Nuestra Senora del Carmen de Salteras,1980-2019: Sociedad Filarmonica Nuestra Senora del Carmen de Salteras
foro-2019-josemariumb,Miercoles Santo,EL BARATILLO,Paso de Palio,1993,Sociedad Filarmonica Nuestra Senora del Carmen de Salteras,1980-2019: Sociedad Filarmonica Nuestra Senora del Carmen de Salteras
foro-2019-josemariumb,Miercoles Santo,EL BARATILLO,Paso de Palio,1994,Sociedad Filarmonica Nuestra Senora del Carmen de Salteras,1980-2019: Sociedad Filarmonica Nuestra Senora del Carmen de Salteras
foro-2019-josemariumb,Miercoles Santo,EL BARATILLO,Paso de Palio,1995,Sociedad Filarmonica Nuestra Senora del Carmen de Salteras,1980-2019: Sociedad Filarmonica Nuestra Senora del Carmen de Salteras
foro-2019-josemariumb,Miercoles Santo,EL BARATILLO,Paso de Palio,1996,Sociedad Filarmonica Nuestra Senora del Carmen de Salteras,1980-2019: Sociedad Filarmonica Nuestra Senora del Carmen de Salteras
foro-2019-josemariumb,Miercoles Santo,EL BARATILLO,Paso de Palio,1997,Sociedad Filarmonica Nuestra Senora del Carmen de Salteras,1980-2019: Sociedad Filarmonica Nuestra Senora del Carmen de Salteras
foro-2019-josemariumb,Miercoles Santo,EL BARATILLO,Paso de Palio,1998,Sociedad Filarmonica Nuestra Senora del Carmen de Salteras,1980-2019: Sociedad Filarmonica Nuestra Senora del Carmen de Salteras
foro-2019-josemariumb,Miercoles Santo,EL BARATILLO,Paso de Palio,1999,Sociedad Filarmonica Nuestra Senora del Carmen de Salteras,1980-2019: Sociedad Filarmonica Nuestra Senora del Carmen de Salteras
foro-2019-josemariumb,Miercoles Santo,EL BARATILLO,Paso de Palio,2000,Sociedad Filarmonica Nuestra Senora del Carmen de Salteras,1980-2019: Sociedad Filarmonica Nuestra Senora del Carmen de Salteras
foro-2019-josemariumb,Miercoles Santo,EL BARATILLO,Paso de Palio,2001,Sociedad Filarmonica Nuestra Senora del Carmen de Salteras,1980-2019: Sociedad Filarmonica Nuestra Senora del Carmen de Salteras
foro-2019-josemariumb,Miercoles Santo,EL BARATILLO,Paso de Palio,2002,Sociedad Filarmonica Nuestra Senora del Carmen de Salteras,1980-2019: Sociedad Filarmonica Nuestra Senora del Carmen de Salteras
foro-2019-josemariumb,Miercoles Santo,EL BARATILLO,Paso de Palio,2003,Sociedad Filarmonica Nuestra Senora del Carmen de Salteras,1980-2019: Sociedad Filarmonica Nuestra Senora del Carmen de Salteras
foro-2019-josemariumb,Miercoles Santo,EL BARATILLO,Paso de Palio,2004,Sociedad Filarmonica Nuestra Senora del Carmen de Salteras,1980-2019: Sociedad Filarmonica Nuestra Senora del Carmen de Salteras
foro-2019-josemariumb,Miercoles Santo,EL BARATILLO,Paso de Palio,2005,Sociedad Filarmonica Nuestra Senora del Carmen de Salteras,1980-2019: Sociedad Filarmonica Nuestra Senora del Carmen de Salteras
foro-2019-josemariumb,Miercoles Santo,EL BARATILLO,Paso de Palio,2006,Sociedad Filarmonica Nuestra Senora del Carmen de Salteras,1980-2019: Sociedad Filarmonica Nuestra Senora del Carmen de Salteras
foro-2019-josemariumb,Miercoles Santo,EL BARATILLO,Paso de Palio,2007,Sociedad Filarmonica Nuestra Senora del Carmen de Salteras,1980-2019: Sociedad Filarmonica Nuestra Senora del Carmen de Salteras
foro-2019-josemariumb,Miercoles Santo,EL BARATILLO,Paso de Palio,2008,Sociedad Filarmonica Nuestra Senora del Carmen de Salteras,1980-2019: Sociedad Filarmonica Nuestra Senora del Carmen de Salteras
foro-2019-josemariumb,Miercoles Santo,EL BARATILLO,Paso de Palio,2009,Sociedad Filarmonica Nuestra Senora del Carmen de Salteras,1980-2019: Sociedad Filarmonica Nuestra Senora del Carmen de Salteras
foro-2019-josemariumb,Miercoles Santo,EL BARATILLO,Paso de Palio,2010,Sociedad Filarmonica Nuestra Senora del Carmen de Salteras,1980-2019: Sociedad Filarmonica Nuestra Senora del Carmen de Salteras
foro-2019-josemariumb,Miercoles Santo,EL BARATILLO,Paso de Palio,2011,Sociedad Filarmonica Nuestra Senora del Carmen de Salteras,1980-2019: Sociedad Filarmonica Nuestra Senora del Carmen de Salteras
foro-2019-josemariumb,Miercoles Santo,EL BARATILLO,Paso de Palio,2012,Sociedad Filarmonica Nuestra Senora del Carmen de Salteras,1980-2019: Sociedad Filarmonica Nuestra Senora del Carmen de Salteras
foro-2019-josemariumb,Miercoles Santo,EL BARATILLO,Paso de Palio,2013,Sociedad Filarmonica Nuestra Senora del Carmen de Salteras,1980-2019: Sociedad Filarmonica Nuestra Senora del Carmen de Salteras
foro-2019-josemariumb,Miercoles Santo,EL BARATILLO,Paso de Palio,2014,Sociedad Filarmonica Nuestra Senora del Carmen de Salteras,1980-2019: Sociedad Filarmonica Nuestra Senora del Carmen de Salteras
foro-2019-josemariumb,Miercoles Santo,EL BARATILLO,Paso de Palio,2015,Sociedad Filarmonica Nuestra Senora del Carmen de Salteras,1980-2019: Sociedad Filarmonica Nuestra Senora del Carmen de Salteras
foro-2019-josemariumb,Miercoles Santo,EL BARATILLO,Paso de Palio,2016,Sociedad Filarmonica Nuestra Senora del Carmen de Salteras,1980-2019: Sociedad Filarmonica Nuestra Senora del Carmen de Salteras
foro-2019-josemariumb,Miercoles Santo,EL BARATILLO,Paso de Palio,2017,Sociedad Filarmonica Nuestra Senora del Carmen de Salteras,1980-2019: Sociedad Filarmonica Nuestra Senora del Carmen de Salteras
foro-2019-josemariumb,Miercoles Santo,EL BARATILLO,Paso de Palio,2018,Sociedad Filarmonica Nuestra Senora del Carmen de Salteras,1980-2019: Sociedad Filarmonica Nuestra Senora del Carmen de Salteras
foro-2019-josemariumb,Miercoles Santo,EL BARATILLO,Paso de Palio,2019,Sociedad Filarmonica Nuestra Senora del Carmen de Salteras,1980-2019: Sociedad Filarmonica Nuestra Senora del Carmen de Salteras
foro-2019-josemariumb,Miercoles Santo,CRISTO DE BURGOS,Paso de Palio,1980,Banda Municipal de Sevilla,1980: Banda Municipal de Sevilla
foro-2019-josemariumb,Miercoles Santo,CRISTO DE BURGOS,Paso de Palio,1981,BM Inmaculada (Soria 9),1981-1984: BM Inmaculada (Soria 9)
foro-2019-josemariumb,Miercoles Santo,CRISTO DE BURGOS,Paso de Palio,1982,BM Inmaculada (Soria 9),1981-1984: BM Inmaculada (Soria 9)
foro-2019-josemariumb,Miercoles Santo,CRISTO DE BURGOS,Paso de Palio,1983,BM Inmaculada (Soria 9),1981-1984: BM Inmaculada (Soria 9)
foro-2019-josemariumb,Miercoles Santo,CRISTO DE BURGOS,Paso de Palio,1984,BM Inmaculada (Soria 9),1981-1984: BM Inmaculada (Soria 9)
foro-2019-josemariumb,Miercoles Santo,CRISTO DE BURGOS,Paso de Palio,1985,BM Nuestra Senora de Belen,1985: BM Nuestra Senora de Belen
foro-2019-josemariumb,Miercoles Santo,CRISTO DE BURGOS,Paso de Palio,1986,BM Rota,1986-1991: BM Rota
foro-2019-josemariumb,Miercoles Santo,CRISTO DE BURGOS,Paso de Palio,1987,BM Rota,1986-1991: BM Rota
foro-2019-josemariumb,Miercoles Santo,CRISTO DE BURGOS,Paso de Palio,1988,BM Rota,1986-1991: BM Rota
foro-2019-josemariumb,Miercoles Santo,CRISTO DE BURGOS,Paso de Palio,1989,BM Rota,1986-1991: BM Rota
foro-2019-josemariumb,Miercoles Santo,CRISTO DE BURGOS,Paso de Palio,1990,BM Rota,1986-1991: BM Rota
foro-2019-josemariumb,Miercoles Santo,CRISTO DE BURGOS,Paso de Palio,1991,BM Rota,1986-1991: BM Rota
foro-2019-josemariumb,Miercoles Santo,CRISTO DE BURGOS,Paso de Palio,1992,BM Agrupacion Nazarena Municipal de Dos Hermanas,1992-2000: BM Agrupacion Nazarena Municipal de Dos Hermanas
foro-2019-josemariumb,Miercoles Santo,CRISTO DE BURGOS,Paso de Palio,1993,BM Agrupacion Nazarena Municipal de Dos Hermanas,1992-2000: BM Agrupacion Nazarena Municipal de Dos Hermanas
foro-2019-josemariumb,Miercoles Santo,CRISTO DE BURGOS,Paso de Palio,1994,BM Agrupacion Nazarena Municipal de Dos Hermanas,1992-2000: BM Agrupacion Nazarena Municipal de Dos Hermanas
foro-2019-josemariumb,Miercoles Santo,CRISTO DE BURGOS,Paso de Palio,1995,BM Agrupacion Nazarena Municipal de Dos Hermanas,1992-2000: BM Agrupacion Nazarena Municipal de Dos Hermanas
foro-2019-josemariumb,Miercoles Santo,CRISTO DE BURGOS,Paso de Palio,1996,BM Agrupacion Nazarena Municipal de Dos Hermanas,1992-2000: BM Agrupacion Nazarena Municipal de Dos Hermanas
foro-2019-josemariumb,Miercoles Santo,CRISTO DE BURGOS,Paso de Palio,1997,BM Agrupacion Nazarena Municipal de Dos Hermanas,1992-2000: BM Agrupacion Nazarena Municipal de Dos Hermanas
foro-2019-josemariumb,Miercoles Santo,CRISTO DE BURGOS,Paso de Palio,1998,BM Agrupacion Nazarena Municipal de Dos Hermanas,1992-2000: BM Agrupacion Nazarena Municipal de Dos Hermanas
foro-2019-josemariumb,Miercoles Santo,CRISTO DE BURGOS,Paso de Palio,1999,BM Agrupacion Nazarena Municipal de Dos Hermanas,1992-2000: BM Agrupacion Nazarena Municipal de Dos Hermanas
foro-2019-josemariumb,Miercoles Santo,CRISTO DE BURGOS,Paso de Palio,2000,BM Agrupacion Nazarena Municipal de Dos Hermanas,1992-2000: BM Agrupacion Nazarena Municipal de Dos Hermanas
foro-2019-josemariumb,Miercoles Santo,CRISTO DE BURGOS,Paso de Palio,2001,BM Julian Cerdan de Sanlucar de Barrameda,2001-2003: BM Julian Cerdan de Sanlucar de Barrameda
foro-2019-josemariumb,Miercoles Santo,CRISTO DE BURGOS,Paso de Palio,2002,BM Julian Cerdan de Sanlucar de Barrameda,2001-2003: BM Julian Cerdan de Sanlucar de Barrameda
foro-2019-josemariumb,Miercoles Santo,CRISTO DE BURGOS,Paso de Palio,2003,BM Julian Cerdan de Sanlucar de Barrameda,2001-2003: BM Julian Cerdan de Sanlucar de Barrameda
foro-2019-josemariumb,Miercoles Santo,CRISTO DE BURGOS,Paso de Palio,2004,BM Maestro Tejera,2004-2019: BM Maestro Tejera
foro-2019-josemariumb,Miercoles Santo,CRISTO DE BURGOS,Paso de Palio,2005,BM Maestro Tejera,2004-2019: BM Maestro Tejera
foro-2019-josemariumb,Miercoles Santo,CRISTO DE BURGOS,Paso de Palio,2006,BM Maestro Tejera,2004-2019: BM Maestro Tejera
foro-2019-josemariumb,Miercoles Santo,CRISTO DE BURGOS,Paso de Palio,2007,BM Maestro Tejera,2004-2019: BM Maestro Tejera
foro-2019-josemariumb,Miercoles Santo,CRISTO DE BURGOS,Paso de Palio,2008,BM Maestro Tejera,2004-2019: BM Maestro Tejera
foro-2019-josemariumb,Miercoles Santo,CRISTO DE BURGOS,Paso de Palio,2009,BM Maestro Tejera,2004-2019: BM Maestro Tejera
foro-2019-josemariumb,Miercoles Santo,CRISTO DE BURGOS,Paso de Palio,2010,BM Maestro Tejera,2004-2019: BM Maestro Tejera
foro-2019-josemariumb,Miercoles Santo,CRISTO DE BURGOS,Paso de Palio,2011,BM Maestro Tejera,2004-2019: BM Maestro Tejera
foro-2019-josemariumb,Miercoles Santo,CRISTO DE BURGOS,Paso de Palio,2012,BM Maestro Tejera,2004-2019: BM Maestro Tejera
foro-2019-josemariumb,Miercoles Santo,CRISTO DE BURGOS,Paso de Palio,2013,BM Maestro Tejera,2004-2019: BM Maestro Tejera
foro-2019-josemariumb,Miercoles Santo,CRISTO DE BURGOS,Paso de Palio,2014,BM Maestro Tejera,2004-2019: BM Maestro Tejera
foro-2019-josemariumb,Miercoles Santo,CRISTO DE BURGOS,Paso de Palio,2015,BM Maestro Tejera,2004-2019: BM Maestro Tejera
foro-2019-josemariumb,Miercoles Santo,CRISTO DE BURGOS,Paso de Palio,2016,BM Maestro Tejera,2004-2019: BM Maestro Tejera
foro-2019-josemariumb,Miercoles Santo,CRISTO DE BURGOS,Paso de Palio,2017,BM Maestro Tejera,2004-2019: BM Maestro Tejera
foro-2019-josemariumb,Miercoles Santo,CRISTO DE BURGOS,Paso de Palio,2018,BM Maestro Tejera,2004-2019: BM Maestro Tejera
foro-2019-josemariumb,Miercoles Santo,CRISTO DE BURGOS,Paso de Palio,2019,BM Maestro Tejera,2004-2019: BM Maestro Tejera
foro-2019-josemariumb,Miercoles Santo,LAS SIETE PALABRAS,Paso de Misterio,1980,CCTT Ntra. Sra. Del Rosario (Maestro Paton),1980-1981: CCTT Ntra. Sra. Del Rosario (Maestro Paton)
foro-2019-josemariumb,Miercoles Santo,LAS SIETE PALABRAS,Paso de Misterio,1981,CCTT Ntra. Sra. Del Rosario (Maestro Paton),1980-1981: CCTT Ntra. Sra. Del Rosario (Maestro Paton)
foro-2019-josemariumb,Miercoles Santo,LAS SIETE PALABRAS,Paso de Misterio,1982,CCTT Maestro Paton,1982: CCTT Maestro Paton
foro-2019-josemariumb,Miercoles Santo,LAS SIETE PALABRAS,Paso de Misterio,1983,AM Santa Marta de la Algaba,1983-1988: AM Santa Marta de la Algaba
foro-2019-josemariumb,Miercoles Santo,LAS SIETE PALABRAS,Paso de Misterio,1984,AM Santa Marta de la Algaba,1983-1988: AM Santa Marta de la Algaba
foro-2019-josemariumb,Miercoles Santo,LAS SIETE PALABRAS,Paso de Misterio,1985,AM Santa Marta de la Algaba,1983-1988: AM Santa Marta de la Algaba
foro-2019-josemariumb,Miercoles Santo,LAS SIETE PALABRAS,Paso de Misterio,1986,AM Santa Marta de la Algaba,1983-1988: AM Santa Marta de la Algaba
foro-2019-josemariumb,Miercoles Santo,LAS SIETE PALABRAS,Paso de Misterio,1987,AM Santa Marta de la Algaba,1983-1988: AM Santa Marta de la Algaba
foro-2019-josemariumb,Miercoles Santo,LAS SIETE PALABRAS,Paso de Misterio,1988,AM Santa Marta de la Algaba,1983-1988: AM Santa Marta de la Algaba
foro-2019-josemariumb,Miercoles Santo,LAS SIETE PALABRAS,Paso de Misterio,1989,AM Trinidad,1989-1991: AM Trinidad
foro-2019-josemariumb,Miercoles Santo,LAS SIETE PALABRAS,Paso de Misterio,1990,AM Trinidad,1989-1991: AM Trinidad
foro-2019-josemariumb,Miercoles Santo,LAS SIETE PALABRAS,Paso de Misterio,1991,AM Trinidad,1989-1991: AM Trinidad
foro-2019-josemariumb,Miercoles Santo,LAS SIETE PALABRAS,Paso de Misterio,1992,CCTT Presentacion al Pueblo de Dos Hermanas,1992-2006: CCTT Presentacion al Pueblo de Dos Hermanas
foro-2019-josemariumb,Miercoles Santo,LAS SIETE PALABRAS,Paso de Misterio,1993,CCTT Presentacion al Pueblo de Dos Hermanas,1992-2006: CCTT Presentacion al Pueblo de Dos Hermanas
foro-2019-josemariumb,Miercoles Santo,LAS SIETE PALABRAS,Paso de Misterio,1994,CCTT Presentacion al Pueblo de Dos Hermanas,1992-2006: CCTT Presentacion al Pueblo de Dos Hermanas
foro-2019-josemariumb,Miercoles Santo,LAS SIETE PALABRAS,Paso de Misterio,1995,CCTT Presentacion al Pueblo de Dos Hermanas,1992-2006: CCTT Presentacion al Pueblo de Dos Hermanas
foro-2019-josemariumb,Miercoles Santo,LAS SIETE PALABRAS,Paso de Misterio,1996,CCTT Presentacion al Pueblo de Dos Hermanas,1992-2006: CCTT Presentacion al Pueblo de Dos Hermanas
foro-2019-josemariumb,Miercoles Santo,LAS SIETE PALABRAS,Paso de Misterio,1997,CCTT Presentacion al Pueblo de Dos Hermanas,1992-2006: CCTT Presentacion al Pueblo de Dos Hermanas
foro-2019-josemariumb,Miercoles Santo,LAS SIETE PALABRAS,Paso de Misterio,1998,CCTT Presentacion al Pueblo de Dos Hermanas,1992-2006: CCTT Presentacion al Pueblo de Dos Hermanas
foro-2019-josemariumb,Miercoles Santo,LAS SIETE PALABRAS,Paso de Misterio,1999,CCTT Presentacion al Pueblo de Dos Hermanas,1992-2006: CCTT Presentacion al Pueblo de Dos Hermanas
foro-2019-josemariumb,Miercoles Santo,LAS SIETE PALABRAS,Paso de Misterio,2000,CCTT Presentacion al Pueblo de Dos Hermanas,1992-2006: CCTT Presentacion al Pueblo de Dos Hermanas
foro-2019-josemariumb,Miercoles Santo,LAS SIETE PALABRAS,Paso de Misterio,2001,CCTT Presentacion al Pueblo de Dos Hermanas,1992-2006: CCTT Presentacion al Pueblo de Dos Hermanas
foro-2019-josemariumb,Miercoles Santo,LAS SIETE PALABRAS,Paso de Misterio,2002,CCTT Presentacion al Pueblo de Dos Hermanas,1992-2006: CCTT Presentacion al Pueblo de Dos Hermanas
foro-2019-josemariumb,Miercoles Santo,LAS SIETE PALABRAS,Paso de Misterio,2003,CCTT Presentacion al Pueblo de Dos Hermanas,1992-2006: CCTT Presentacion al Pueblo de Dos Hermanas
foro-2019-josemariumb,Miercoles Santo,LAS SIETE PALABRAS,Paso de Misterio,2004,CCTT Presentacion al Pueblo de Dos Hermanas,1992-2006: CCTT Presentacion al Pueblo de Dos Hermanas
foro-2019-josemariumb,Miercoles Santo,LAS SIETE PALABRAS,Paso de Misterio,2005,CCTT Presentacion al Pueblo de Dos Hermanas,1992-2006: CCTT Presentacion al Pueblo de Dos Hermanas
foro-2019-josemariumb,Miercoles Santo,LAS SIETE PALABRAS,Paso de Misterio,2006,CCTT Presentacion al Pueblo de Dos Hermanas,1992-2006: CCTT Presentacion al Pueblo de Dos Hermanas
foro-2019-josemariumb,Miercoles Santo,LAS SIETE PALABRAS,Paso de Misterio,2007,CCTT San Juan Evangelista,2007-2008: CCTT San Juan Evangelista
foro-2019-josemariumb,Miercoles Santo,LAS SIETE PALABRAS,Paso de Misterio,2008,CCTT San Juan Evangelista,2007-2008: CCTT San Juan Evangelista
foro-2019-josemariumb,Miercoles Santo,LAS SIETE PALABRAS,Paso de Misterio,2009,CCTT Expiracion de Moron,2009-2010: CCTT Expiracion de Moron
foro-2019-josemariumb,Miercoles Santo,LAS SIETE PALABRAS,Paso de Misterio,2010,CCTT Expiracion de Moron,2009-2010: CCTT Expiracion de Moron
foro-2019-josemariumb,Miercoles Santo,LAS SIETE PALABRAS,Paso de Misterio,2011,CCTT Esencia,2011-2019: CCTT Esencia
foro-2019-josemariumb,Miercoles Santo,LAS SIETE PALABRAS,Paso de Misterio,2012,CCTT Esencia,2011-2019: CCTT Esencia
foro-2019-josemariumb,Miercoles Santo,LAS SIETE PALABRAS,Paso de Misterio,2013,CCTT Esencia,2011-2019: CCTT Esencia
foro-2019-josemariumb,Miercoles Santo,LAS SIETE PALABRAS,Paso de Misterio,2014,CCTT Esencia,2011-2019: CCTT Esencia
foro-2019-josemariumb,Miercoles Santo,LAS SIETE PALABRAS,Paso de Misterio,2015,CCTT Esencia,2011-2019: CCTT Esencia
foro-2019-josemariumb,Miercoles Santo,LAS SIETE PALABRAS,Paso de Misterio,2016,CCTT Esencia,2011-2019: CCTT Esencia
foro-2019-josemariumb,Miercoles Santo,LAS SIETE PALABRAS,Paso de Misterio,2017,CCTT Esencia,2011-2019: CCTT Esencia
foro-2019-josemariumb,Miercoles Santo,LAS SIETE PALABRAS,Paso de Misterio,2018,CCTT Esencia,2011-2019: CCTT Esencia
foro-2019-josemariumb,Miercoles Santo,LAS SIETE PALABRAS,Paso de Misterio,2019,CCTT Esencia,2011-2019: CCTT Esencia
foro-2019-josemariumb,Miercoles Santo,LAS SIETE PALABRAS,Paso de Palio,1980,BM Agrupacion de Guillena,1980-1993: BM Agrupacion de Guillena
foro-2019-josemariumb,Miercoles Santo,LAS SIETE PALABRAS,Paso de Palio,1981,BM Agrupacion de Guillena,1980-1993: BM Agrupacion de Guillena
foro-2019-josemariumb,Miercoles Santo,LAS SIETE PALABRAS,Paso de Palio,1982,BM Agrupacion de Guillena,1980-1993: BM Agrupacion de Guillena
foro-2019-josemariumb,Miercoles Santo,LAS SIETE PALABRAS,Paso de Palio,1983,BM Agrupacion de Guillena,1980-1993: BM Agrupacion de Guillena
foro-2019-josemariumb,Miercoles Santo,LAS SIETE PALABRAS,Paso de Palio,1984,BM Agrupacion de Guillena,1980-1993: BM Agrupacion de Guillena
foro-2019-josemariumb,Miercoles Santo,LAS SIETE PALABRAS,Paso de Palio,1985,BM Agrupacion de Guillena,1980-1993: BM Agrupacion de Guillena
foro-2019-josemariumb,Miercoles Santo,LAS SIETE PALABRAS,Paso de Palio,1986,BM Agrupacion de Guillena,1980-1993: BM Agrupacion de Guillena
foro-2019-josemariumb,Miercoles Santo,LAS SIETE PALABRAS,Paso de Palio,1987,BM Agrupacion de Guillena,1980-1993: BM Agrupacion de Guillena
foro-2019-josemariumb,Miercoles Santo,LAS SIETE PALABRAS,Paso de Palio,1988,BM Agrupacion de Guillena,1980-1993: BM Agrupacion de Guillena
foro-2019-josemariumb,Miercoles Santo,LAS SIETE PALABRAS,Paso de Palio,1989,BM Agrupacion de Guillena,1980-1993: BM Agrupacion de Guillena
foro-2019-josemariumb,Miercoles Santo,LAS SIETE PALABRAS,Paso de Palio,1990,BM Agrupacion de Guillena,1980-1993: BM Agrupacion de Guillena
foro-2019-josemariumb,Miercoles Santo,LAS SIETE PALABRAS,Paso de Palio,1991,BM Agrupacion de Guillena,1980-1993: BM Agrupacion de Guillena
foro-2019-josemariumb,Miercoles Santo,LAS SIETE PALABRAS,Paso de Palio,1992,BM Agrupacion de Guillena,1980-1993: BM Agrupacion de Guillena
foro-2019-josemariumb,Miercoles Santo,LAS SIETE PALABRAS,Paso de Palio,1993,BM Agrupacion de Guillena,1980-1993: BM Agrupacion de Guillena
foro-2019-josemariumb,Miercoles Santo,LAS SIETE PALABRAS,Paso de Palio,1994,BM Maestro Tejera,1994-1999: BM Maestro Tejera
foro-2019-josemariumb,Miercoles Santo,LAS SIETE PALABRAS,Paso de Palio,1995,BM Maestro Tejera,1994-1999: BM Maestro Tejera
foro-2019-josemariumb,Miercoles Santo,LAS SIETE PALABRAS,Paso de Palio,1996,BM Maestro Tejera,1994-1999: BM Maestro Tejera
foro-2019-josemariumb,Miercoles Santo,LAS SIETE PALABRAS,Paso de Palio,1997,BM Maestro Tejera,1994-1999: BM Maestro Tejera
foro-2019-josemariumb,Miercoles Santo,LAS SIETE PALABRAS,Paso de Palio,1998,BM Maestro Tejera,1994-1999: BM Maestro Tejera
foro-2019-josemariumb,Miercoles Santo,LAS SIETE PALABRAS,Paso de Palio,1999,BM Maestro Tejera,1994-1999: BM Maestro Tejera
foro-2019-josemariumb,Miercoles Santo,LAS SIETE PALABRAS,Paso de Palio,2000,BM Municipal de Coria del Rio,2000-2008: BM Municipal de Coria del Rio
foro-2019-josemariumb,Miercoles Santo,LAS SIETE PALABRAS,Paso de Palio,2001,BM Municipal de Coria del Rio,2000-2008: BM Municipal de Coria del Rio
foro-2019-josemariumb,Miercoles Santo,LAS SIETE PALABRAS,Paso de Palio,2002,BM Municipal de Coria del Rio,2000-2008: BM Municipal de Coria del Rio
foro-2019-josemariumb,Miercoles Santo,LAS SIETE PALABRAS,Paso de Palio,2003,BM Municipal de Coria del Rio,2000-2008: BM Municipal de Coria del Rio
foro-2019-josemariumb,Miercoles Santo,LAS SIETE PALABRAS,Paso de Palio,2004,BM Municipal de Coria del Rio,2000-2008: BM Municipal de Coria del Rio
foro-2019-josemariumb,Miercoles Santo,LAS SIETE PALABRAS,Paso de Palio,2005,BM Municipal de Coria del Rio,2000-2008: BM Municipal de Coria del Rio
foro-2019-josemariumb,Miercoles Santo,LAS SIETE PALABRAS,Paso de Palio,2006,BM Municipal de Coria del Rio,2000-2008: BM Municipal de Coria del Rio
foro-2019-josemariumb,Miercoles Santo,LAS SIETE PALABRAS,Paso de Palio,2007,BM Municipal de Coria del Rio,2000-2008: BM Municipal de Coria del Rio
foro-2019-josemariumb,Miercoles Santo,LAS SIETE PALABRAS,Paso de Palio,2008,BM Municipal de Coria del Rio,2000-2008: BM Municipal de Coria del Rio
foro-2019-josemariumb,Miercoles Santo,LAS SIETE PALABRAS,Paso de Palio,2009,Banda Municipal de Valverde del Camino,2009: Banda Municipal de Valverde del Camino
foro-2019-josemariumb,Miercoles Santo,LAS SIETE PALABRAS,Paso de Palio,2010,BM Nuestra Senora del Aguila de Alcala,2010-2016: BM Nuestra Senora del Aguila de Alcala
foro-2019-josemariumb,Miercoles Santo,LAS SIETE PALABRAS,Paso de Palio,2011,BM Nuestra Senora del Aguila de Alcala,2010-2016: BM Nuestra Senora del Aguila de Alcala
foro-2019-josemariumb,Miercoles Santo,LAS SIETE PALABRAS,Paso de Palio,2012,BM Nuestra Senora del Aguila de Alcala,2010-2016: BM Nuestra Senora del Aguila de Alcala
foro-2019-josemariumb,Miercoles Santo,LAS SIETE PALABRAS,Paso de Palio,2013,BM Nuestra Senora del Aguila de Alcala,2010-2016: BM Nuestra Senora del Aguila de Alcala
foro-2019-josemariumb,Miercoles Santo,LAS SIETE PALABRAS,Paso de Palio,2014,BM Nuestra Senora del Aguila de Alcala,2010-2016: BM Nuestra Senora del Aguila de Alcala
foro-2019-josemariumb,Miercoles Santo,LAS SIETE PALABRAS,Paso de Palio,2015,BM Nuestra Senora del Aguila de Alcala,2010-2016: BM Nuestra Senora del Aguila de Alcala
foro-2019-josemariumb,Miercoles Santo,LAS SIETE PALABRAS,Paso de Palio,2016,BM Nuestra Senora del Aguila de Alcala,2010-2016: BM Nuestra Senora del Aguila de Alcala
foro-2019-josemariumb,Miercoles Santo,LAS SIETE PALABRAS,Paso de Palio,2017,BM Nuestra Senora del Carmen de Villalba del Alcor,2017-2019: BM Nuestra Senora del Carmen de Villalba del Alcor
foro-2019-josemariumb,Miercoles Santo,LAS SIETE PALABRAS,Paso de Palio,2018,BM Nuestra Senora del Carmen de Villalba del Alcor,2017-2019: BM Nuestra Senora del Carmen de Villalba del Alcor
foro-2019-josemariumb,Miercoles Santo,LAS SIETE PALABRAS,Paso de Palio,2019,BM Nuestra Senora del Carmen de Villalba del Alcor,2017-2019: BM Nuestra Senora del Carmen de Villalba del Alcor
foro-2019-josemariumb,Miercoles Santo,LOS PANADEROS,Paso de Misterio,1980,CCTT Policia Municipal,1980: CCTT Policia Municipal
foro-2019-josemariumb,Miercoles Santo,LOS PANADEROS,Paso de Misterio,1981,CCTT Las Cigarreras,1981-1993: CCTT Las Cigarreras
foro-2019-josemariumb,Miercoles Santo,LOS PANADEROS,Paso de Misterio,1982,CCTT Las Cigarreras,1981-1993: CCTT Las Cigarreras
foro-2019-josemariumb,Miercoles Santo,LOS PANADEROS,Paso de Misterio,1983,CCTT Las Cigarreras,1981-1993: CCTT Las Cigarreras
foro-2019-josemariumb,Miercoles Santo,LOS PANADEROS,Paso de Misterio,1984,CCTT Las Cigarreras,1981-1993: CCTT Las Cigarreras
foro-2019-josemariumb,Miercoles Santo,LOS PANADEROS,Paso de Misterio,1985,CCTT Las Cigarreras,1981-1993: CCTT Las Cigarreras
foro-2019-josemariumb,Miercoles Santo,LOS PANADEROS,Paso de Misterio,1986,CCTT Las Cigarreras,1981-1993: CCTT Las Cigarreras
foro-2019-josemariumb,Miercoles Santo,LOS PANADEROS,Paso de Misterio,1987,CCTT Las Cigarreras,1981-1993: CCTT Las Cigarreras
foro-2019-josemariumb,Miercoles Santo,LOS PANADEROS,Paso de Misterio,1988,CCTT Las Cigarreras,1981-1993: CCTT Las Cigarreras
foro-2019-josemariumb,Miercoles Santo,LOS PANADEROS,Paso de Misterio,1989,CCTT Las Cigarreras,1981-1993: CCTT Las Cigarreras
foro-2019-josemariumb,Miercoles Santo,LOS PANADEROS,Paso de Misterio,1990,CCTT Las Cigarreras,1981-1993: CCTT Las Cigarreras
foro-2019-josemariumb,Miercoles Santo,LOS PANADEROS,Paso de Misterio,1991,CCTT Las Cigarreras,1981-1993: CCTT Las Cigarreras
foro-2019-josemariumb,Miercoles Santo,LOS PANADEROS,Paso de Misterio,1992,CCTT Las Cigarreras,1981-1993: CCTT Las Cigarreras
foro-2019-josemariumb,Miercoles Santo,LOS PANADEROS,Paso de Misterio,1993,CCTT Las Cigarreras,1981-1993: CCTT Las Cigarreras
foro-2019-josemariumb,Miercoles Santo,LOS PANADEROS,Paso de Misterio,1994,CCTT Sol,1994-2002: CCTT Sol
foro-2019-josemariumb,Miercoles Santo,LOS PANADEROS,Paso de Misterio,1995,CCTT Sol,1994-2002: CCTT Sol
foro-2019-josemariumb,Miercoles Santo,LOS PANADEROS,Paso de Misterio,1996,CCTT Sol,1994-2002: CCTT Sol
foro-2019-josemariumb,Miercoles Santo,LOS PANADEROS,Paso de Misterio,1997,CCTT Sol,1994-2002: CCTT Sol
foro-2019-josemariumb,Miercoles Santo,LOS PANADEROS,Paso de Misterio,1998,CCTT Sol,1994-2002: CCTT Sol
foro-2019-josemariumb,Miercoles Santo,LOS PANADEROS,Paso de Misterio,1999,CCTT Sol,1994-2002: CCTT Sol
foro-2019-josemariumb,Miercoles Santo,LOS PANADEROS,Paso de Misterio,2000,CCTT Sol,1994-2002: CCTT Sol
foro-2019-josemariumb,Miercoles Santo,LOS PANADEROS,Paso de Misterio,2001,CCTT Sol,1994-2002: CCTT Sol
foro-2019-josemariumb,Miercoles Santo,LOS PANADEROS,Paso de Misterio,2002,CCTT Sol,1994-2002: CCTT Sol
foro-2019-josemariumb,Miercoles Santo,LOS PANADEROS,Paso de Misterio,2003,CCTT Las Cigarreras,2003-2019: CCTT Las Cigarreras
foro-2019-josemariumb,Miercoles Santo,LOS PANADEROS,Paso de Misterio,2004,CCTT Las Cigarreras,2003-2019: CCTT Las Cigarreras
foro-2019-josemariumb,Miercoles Santo,LOS PANADEROS,Paso de Misterio,2005,CCTT Las Cigarreras,2003-2019: CCTT Las Cigarreras
foro-2019-josemariumb,Miercoles Santo,LOS PANADEROS,Paso de Misterio,2006,CCTT Las Cigarreras,2003-2019: CCTT Las Cigarreras
foro-2019-josemariumb,Miercoles Santo,LOS PANADEROS,Paso de Misterio,2007,CCTT Las Cigarreras,2003-2019: CCTT Las Cigarreras
foro-2019-josemariumb,Miercoles Santo,LOS PANADEROS,Paso de Misterio,2008,CCTT Las Cigarreras,2003-2019: CCTT Las Cigarreras
foro-2019-josemariumb,Miercoles Santo,LOS PANADEROS,Paso de Misterio,2009,CCTT Las Cigarreras,2003-2019: CCTT Las Cigarreras
foro-2019-josemariumb,Miercoles Santo,LOS PANADEROS,Paso de Misterio,2010,CCTT Las Cigarreras,2003-2019: CCTT Las Cigarreras
foro-2019-josemariumb,Miercoles Santo,LOS PANADEROS,Paso de Misterio,2011,CCTT Las Cigarreras,2003-2019: CCTT Las Cigarreras
foro-2019-josemariumb,Miercoles Santo,LOS PANADEROS,Paso de Misterio,2012,CCTT Las Cigarreras,2003-2019: CCTT Las Cigarreras
foro-2019-josemariumb,Miercoles Santo,LOS PANADEROS,Paso de Misterio,2013,CCTT Las Cigarreras,2003-2019: CCTT Las Cigarreras
foro-2019-josemariumb,Miercoles Santo,LOS PANADEROS,Paso de Misterio,2014,CCTT Las Cigarreras,2003-2019: CCTT Las Cigarreras
foro-2019-josemariumb,Miercoles Santo,LOS PANADEROS,Paso de Misterio,2015,CCTT Las Cigarreras,2003-2019: CCTT Las Cigarreras
foro-2019-josemariumb,Miercoles Santo,LOS PANADEROS,Paso de Misterio,2016,CCTT Las Cigarreras,2003-2019: CCTT Las Cigarreras
foro-2019-josemariumb,Miercoles Santo,LOS PANADEROS,Paso de Misterio,2017,CCTT Las Cigarreras,2003-2019: CCTT Las Cigarreras
foro-2019-josemariumb,Miercoles Santo,LOS PANADEROS,Paso de Misterio,2018,CCTT Las Cigarreras,2003-2019: CCTT Las Cigarreras
foro-2019-josemariumb,Miercoles Santo,LOS PANADEROS,Paso de Misterio,2019,CCTT Las Cigarreras,2003-2019: CCTT Las Cigarreras
foro-2019-josemariumb,Miercoles Santo,LOS PANADEROS,Paso de Palio,1980,BM Santa Cecilia,1980: BM Santa Cecilia
foro-2019-josemariumb,Miercoles Santo,LOS PANADEROS,Paso de Palio,1981,BM Esperanza de Triana,1981-1986: BM Esperanza de Triana
foro-2019-josemariumb,Miercoles Santo,LOS PANADEROS,Paso de Palio,1982,BM Esperanza de Triana,1981-1986: BM Esperanza de Triana
foro-2019-josemariumb,Miercoles Santo,LOS PANADEROS,Paso de Palio,1983,BM Esperanza de Triana,1981-1986: BM Esperanza de Triana
foro-2019-josemariumb,Miercoles Santo,LOS PANADEROS,Paso de Palio,1984,BM Esperanza de Triana,1981-1986: BM Esperanza de Triana
foro-2019-josemariumb,Miercoles Santo,LOS PANADEROS,Paso de Palio,1985,BM Esperanza de Triana,1981-1986: BM Esperanza de Triana
foro-2019-josemariumb,Miercoles Santo,LOS PANADEROS,Paso de Palio,1986,BM Esperanza de Triana,1981-1986: BM Esperanza de Triana
foro-2019-josemariumb,Miercoles Santo,LOS PANADEROS,Paso de Palio,1987,BM Nuestra Senora de la Soledad de Algaba,1987-1988: BM Nuestra Senora de la Soledad de Algaba
foro-2019-josemariumb,Miercoles Santo,LOS PANADEROS,Paso de Palio,1988,BM Nuestra Senora de la Soledad de Algaba,1987-1988: BM Nuestra Senora de la Soledad de Algaba
foro-2019-josemariumb,Miercoles Santo,LOS PANADEROS,Paso de Palio,1989,BM Guzman el Bueno (Soria 9),1989-1996: BM Guzman el Bueno (Soria 9)
foro-2019-josemariumb,Miercoles Santo,LOS PANADEROS,Paso de Palio,1990,BM Guzman el Bueno (Soria 9),1989-1996: BM Guzman el Bueno (Soria 9)
foro-2019-josemariumb,Miercoles Santo,LOS PANADEROS,Paso de Palio,1991,BM Guzman el Bueno (Soria 9),1989-1996: BM Guzman el Bueno (Soria 9)
foro-2019-josemariumb,Miercoles Santo,LOS PANADEROS,Paso de Palio,1992,BM Guzman el Bueno (Soria 9),1989-1996: BM Guzman el Bueno (Soria 9)
foro-2019-josemariumb,Miercoles Santo,LOS PANADEROS,Paso de Palio,1993,BM Guzman el Bueno (Soria 9),1989-1996: BM Guzman el Bueno (Soria 9)
foro-2019-josemariumb,Miercoles Santo,LOS PANADEROS,Paso de Palio,1994,BM Guzman el Bueno (Soria 9),1989-1996: BM Guzman el Bueno (Soria 9)
foro-2019-josemariumb,Miercoles Santo,LOS PANADEROS,Paso de Palio,1995,BM Guzman el Bueno (Soria 9),1989-1996: BM Guzman el Bueno (Soria 9)
foro-2019-josemariumb,Miercoles Santo,LOS PANADEROS,Paso de Palio,1996,BM Guzman el Bueno (Soria 9),1989-1996: BM Guzman el Bueno (Soria 9)
foro-2019-josemariumb,Miercoles Santo,LOS PANADEROS,Paso de Palio,1997,BM Asociacion Musical de Camas,1997: BM Asociacion Musical de Camas
foro-2019-josemariumb,Miercoles Santo,LOS PANADEROS,Paso de Palio,1998,BM Esperanza de Triana,1998-2002: BM Esperanza de Triana
foro-2019-josemariumb,Miercoles Santo,LOS PANADEROS,Paso de Palio,1999,BM Esperanza de Triana,1998-2002: BM Esperanza de Triana
foro-2019-josemariumb,Miercoles Santo,LOS PANADEROS,Paso de Palio,2000,BM Esperanza de Triana,1998-2002: BM Esperanza de Triana
foro-2019-josemariumb,Miercoles Santo,LOS PANADEROS,Paso de Palio,2001,BM Esperanza de Triana,1998-2002: BM Esperanza de Triana
foro-2019-josemariumb,Miercoles Santo,LOS PANADEROS,Paso de Palio,2002,BM Esperanza de Triana,1998-2002: BM Esperanza de Triana
foro-2019-josemariumb,Miercoles Santo,LOS PANADEROS,Paso de Palio,2003,BM Santa Ana,2003-2019: BM Santa Ana
foro-2019-josemariumb,Miercoles Santo,LOS PANADEROS,Paso de Palio,2004,BM Santa Ana,2003-2019: BM Santa Ana
foro-2019-josemariumb,Miercoles Santo,LOS PANADEROS,Paso de Palio,2005,BM Santa Ana,2003-2019: BM Santa Ana
foro-2019-josemariumb,Miercoles Santo,LOS PANADEROS,Paso de Palio,2006,BM Santa Ana,2003-2019: BM Santa Ana
foro-2019-josemariumb,Miercoles Santo,LOS PANADEROS,Paso de Palio,2007,BM Santa Ana,2003-2019: BM Santa Ana
foro-2019-josemariumb,Miercoles Santo,LOS PANADEROS,Paso de Palio,2008,BM Santa Ana,2003-2019: BM Santa Ana
foro-2019-josemariumb,Miercoles Santo,LOS PANADEROS,Paso de Palio,2009,BM Santa Ana,2003-2019: BM Santa Ana
foro-2019-josemariumb,Miercoles Santo,LOS PANADEROS,Paso de Palio,2010,BM Santa Ana,2003-2019: BM Santa Ana
foro-2019-josemariumb,Miercoles Santo,LOS PANADEROS,Paso de Palio,2011,BM Santa Ana,2003-2019: BM Santa Ana
foro-2019-josemariumb,Miercoles Santo,LOS PANADEROS,Paso de Palio,2012,BM Santa Ana,2003-2019: BM Santa Ana
foro-2019-josemariumb,Miercoles Santo,LOS PANADEROS,Paso de Palio,2013,BM Santa Ana,2003-2019: BM Santa Ana
foro-2019-josemariumb,Miercoles Santo,LOS PANADEROS,Paso de Palio,2014,BM Santa Ana,2003-2019: BM Santa Ana
foro-2019-josemariumb,Miercoles Santo,LOS PANADEROS,Paso de Palio,2015,BM Santa Ana,2003-2019: BM Santa Ana
foro-2019-josemariumb,Miercoles Santo,LOS PANADEROS,Paso de Palio,2016,BM Santa Ana,2003-2019: BM Santa Ana
foro-2019-josemariumb,Miercoles Santo,LOS PANADEROS,Paso de Palio,2017,BM Santa Ana,2003-2019: BM Santa Ana
foro-2019-josemariumb,Miercoles Santo,LOS PANADEROS,Paso de Palio,2018,BM Santa Ana,2003-2019: BM Santa Ana
foro-2019-josemariumb,Miercoles Santo,LOS PANADEROS,Paso de Palio,2019,BM Santa Ana,2003-2019: BM Santa Ana
foro-2019-josemariumb,Jueves Santo,NEGRITOS,Paso de Virgen,1980,BM Cruz Roja,1980-1983: BM Cruz Roja
foro-2019-josemariumb,Jueves Santo,NEGRITOS,Paso de Virgen,1981,BM Cruz Roja,1980-1983: BM Cruz Roja
foro-2019-josemariumb,Jueves Santo,NEGRITOS,Paso de Virgen,1982,BM Cruz Roja,1980-1983: BM Cruz Roja
foro-2019-josemariumb,Jueves Santo,NEGRITOS,Paso de Virgen,1983,BM Cruz Roja,1980-1983: BM Cruz Roja
foro-2019-josemariumb,Jueves Santo,NEGRITOS,Paso de Virgen,1984,BM Nuestra Senora del Carmen de Salteras,1984-1998: BM Nuestra Senora del Carmen de Salteras
foro-2019-josemariumb,Jueves Santo,NEGRITOS,Paso de Virgen,1985,BM Nuestra Senora del Carmen de Salteras,1984-1998: BM Nuestra Senora del Carmen de Salteras
foro-2019-josemariumb,Jueves Santo,NEGRITOS,Paso de Virgen,1986,BM Nuestra Senora del Carmen de Salteras,1984-1998: BM Nuestra Senora del Carmen de Salteras
foro-2019-josemariumb,Jueves Santo,NEGRITOS,Paso de Virgen,1987,BM Nuestra Senora del Carmen de Salteras,1984-1998: BM Nuestra Senora del Carmen de Salteras
foro-2019-josemariumb,Jueves Santo,NEGRITOS,Paso de Virgen,1988,BM Nuestra Senora del Carmen de Salteras,1984-1998: BM Nuestra Senora del Carmen de Salteras
foro-2019-josemariumb,Jueves Santo,NEGRITOS,Paso de Virgen,1989,BM Nuestra Senora del Carmen de Salteras,1984-1998: BM Nuestra Senora del Carmen de Salteras
foro-2019-josemariumb,Jueves Santo,NEGRITOS,Paso de Virgen,1990,BM Nuestra Senora del Carmen de Salteras,1984-1998: BM Nuestra Senora del Carmen de Salteras
foro-2019-josemariumb,Jueves Santo,NEGRITOS,Paso de Virgen,1991,BM Nuestra Senora del Carmen de Salteras,1984-1998: BM Nuestra Senora del Carmen de Salteras
foro-2019-josemariumb,Jueves Santo,NEGRITOS,Paso de Virgen,1992,BM Nuestra Senora del Carmen de Salteras,1984-1998: BM Nuestra Senora del Carmen de Salteras
foro-2019-josemariumb,Jueves Santo,NEGRITOS,Paso de Virgen,1993,BM Nuestra Senora del Carmen de Salteras,1984-1998: BM Nuestra Senora del Carmen de Salteras
foro-2019-josemariumb,Jueves Santo,NEGRITOS,Paso de Virgen,1994,BM Nuestra Senora del Carmen de Salteras,1984-1998: BM Nuestra Senora del Carmen de Salteras
foro-2019-josemariumb,Jueves Santo,NEGRITOS,Paso de Virgen,1995,BM Nuestra Senora del Carmen de Salteras,1984-1998: BM Nuestra Senora del Carmen de Salteras
foro-2019-josemariumb,Jueves Santo,NEGRITOS,Paso de Virgen,1996,BM Nuestra Senora del Carmen de Salteras,1984-1998: BM Nuestra Senora del Carmen de Salteras
foro-2019-josemariumb,Jueves Santo,NEGRITOS,Paso de Virgen,1997,BM Nuestra Senora del Carmen de Salteras,1984-1998: BM Nuestra Senora del Carmen de Salteras
foro-2019-josemariumb,Jueves Santo,NEGRITOS,Paso de Virgen,1998,BM Nuestra Senora del Carmen de Salteras,1984-1998: BM Nuestra Senora del Carmen de Salteras
foro-2019-josemariumb,Jueves Santo,NEGRITOS,Paso de Virgen,1999,BM Esperanza de Triana,1999-2003: BM Esperanza de Triana
foro-2019-josemariumb,Jueves Santo,NEGRITOS,Paso de Virgen,2000,BM Esperanza de Triana,1999-2003: BM Esperanza de Triana
foro-2019-josemariumb,Jueves Santo,NEGRITOS,Paso de Virgen,2001,BM Esperanza de Triana,1999-2003: BM Esperanza de Triana
foro-2019-josemariumb,Jueves Santo,NEGRITOS,Paso de Virgen,2002,BM Esperanza de Triana,1999-2003: BM Esperanza de Triana
foro-2019-josemariumb,Jueves Santo,NEGRITOS,Paso de Virgen,2003,BM Esperanza de Triana,1999-2003: BM Esperanza de Triana
foro-2019-josemariumb,Jueves Santo,NEGRITOS,Paso de Virgen,2004,BM Union Musical Sevillana,2004-2005: BM Union Musical Sevillana
foro-2019-josemariumb,Jueves Santo,NEGRITOS,Paso de Virgen,2005,BM Union Musical Sevillana,2004-2005: BM Union Musical Sevillana
foro-2019-josemariumb,Jueves Santo,NEGRITOS,Paso de Virgen,2006,BM Nuestra Senora de las Nieves de Olivares,2006-2019: BM Nuestra Senora de las Nieves de Olivares
foro-2019-josemariumb,Jueves Santo,NEGRITOS,Paso de Virgen,2007,BM Nuestra Senora de las Nieves de Olivares,2006-2019: BM Nuestra Senora de las Nieves de Olivares
foro-2019-josemariumb,Jueves Santo,NEGRITOS,Paso de Virgen,2008,BM Nuestra Senora de las Nieves de Olivares,2006-2019: BM Nuestra Senora de las Nieves de Olivares
foro-2019-josemariumb,Jueves Santo,NEGRITOS,Paso de Virgen,2009,BM Nuestra Senora de las Nieves de Olivares,2006-2019: BM Nuestra Senora de las Nieves de Olivares
foro-2019-josemariumb,Jueves Santo,NEGRITOS,Paso de Virgen,2010,BM Nuestra Senora de las Nieves de Olivares,2006-2019: BM Nuestra Senora de las Nieves de Olivares
foro-2019-josemariumb,Jueves Santo,NEGRITOS,Paso de Virgen,2011,BM Nuestra Senora de las Nieves de Olivares,2006-2019: BM Nuestra Senora de las Nieves de Olivares
foro-2019-josemariumb,Jueves Santo,NEGRITOS,Paso de Virgen,2012,BM Nuestra Senora de las Nieves de Olivares,2006-2019: BM Nuestra Senora de las Nieves de Olivares
foro-2019-josemariumb,Jueves Santo,NEGRITOS,Paso de Virgen,2013,BM Nuestra Senora de las Nieves de Olivares,2006-2019: BM Nuestra Senora de las Nieves de Olivares
foro-2019-josemariumb,Jueves Santo,NEGRITOS,Paso de Virgen,2014,BM Nuestra Senora de las Nieves de Olivares,2006-2019: BM Nuestra Senora de las Nieves de Olivares
foro-2019-josemariumb,Jueves Santo,NEGRITOS,Paso de Virgen,2015,BM Nuestra Senora de las Nieves de Olivares,2006-2019: BM Nuestra Senora de las Nieves de Olivares
foro-2019-josemariumb,Jueves Santo,NEGRITOS,Paso de Virgen,2016,BM Nuestra Senora de las Nieves de Olivares,2006-2019: BM Nuestra Senora de las Nieves de Olivares
foro-2019-josemariumb,Jueves Santo,NEGRITOS,Paso de Virgen,2017,BM Nuestra Senora de las Nieves de Olivares,2006-2019: BM Nuestra Senora de las Nieves de Olivares
foro-2019-josemariumb,Jueves Santo,NEGRITOS,Paso de Virgen,2018,BM Nuestra Senora de las Nieves de Olivares,2006-2019: BM Nuestra Senora de las Nieves de Olivares
foro-2019-josemariumb,Jueves Santo,NEGRITOS,Paso de Virgen,2019,BM Nuestra Senora de las Nieves de Olivares,2006-2019: BM Nuestra Senora de las Nieves de Olivares
foro-2019-josemariumb,Jueves Santo,LA EXALTACION,Paso de Misterio,1980,AM Lanzada,1980-1983: AM Lanzada
foro-2019-josemariumb,Jueves Santo,LA EXALTACION,Paso de Misterio,1981,AM Lanzada,1980-1983: AM Lanzada
foro-2019-josemariumb,Jueves Santo,LA EXALTACION,Paso de Misterio,1982,AM Lanzada,1980-1983: AM Lanzada
foro-2019-josemariumb,Jueves Santo,LA EXALTACION,Paso de Misterio,1983,AM Lanzada,1980-1983: AM Lanzada
foro-2019-josemariumb,Jueves Santo,LA EXALTACION,Paso de Misterio,1984,AM Jesus Despojado,1984-1991: AM Jesus Despojado
foro-2019-josemariumb,Jueves Santo,LA EXALTACION,Paso de Misterio,1985,AM Jesus Despojado,1984-1991: AM Jesus Despojado
foro-2019-josemariumb,Jueves Santo,LA EXALTACION,Paso de Misterio,1986,AM Jesus Despojado,1984-1991: AM Jesus Despojado
foro-2019-josemariumb,Jueves Santo,LA EXALTACION,Paso de Misterio,1987,AM Jesus Despojado,1984-1991: AM Jesus Despojado
foro-2019-josemariumb,Jueves Santo,LA EXALTACION,Paso de Misterio,1988,AM Jesus Despojado,1984-1991: AM Jesus Despojado
foro-2019-josemariumb,Jueves Santo,LA EXALTACION,Paso de Misterio,1989,AM Jesus Despojado,1984-1991: AM Jesus Despojado
foro-2019-josemariumb,Jueves Santo,LA EXALTACION,Paso de Misterio,1990,AM Jesus Despojado,1984-1991: AM Jesus Despojado
foro-2019-josemariumb,Jueves Santo,LA EXALTACION,Paso de Misterio,1991,AM Jesus Despojado,1984-1991: AM Jesus Despojado
foro-2019-josemariumb,Jueves Santo,LA EXALTACION,Paso de Misterio,1992,AM Virgen de los Reyes,1992-1994: AM Virgen de los Reyes
foro-2019-josemariumb,Jueves Santo,LA EXALTACION,Paso de Misterio,1993,AM Virgen de los Reyes,1992-1994: AM Virgen de los Reyes
foro-2019-josemariumb,Jueves Santo,LA EXALTACION,Paso de Misterio,1994,AM Virgen de los Reyes,1992-1994: AM Virgen de los Reyes
foro-2019-josemariumb,Jueves Santo,LA EXALTACION,Paso de Misterio,1995,CCTT San Francisco Javier,1995-1997: CCTT San Francisco Javier
foro-2019-josemariumb,Jueves Santo,LA EXALTACION,Paso de Misterio,1996,CCTT San Francisco Javier,1995-1997: CCTT San Francisco Javier
foro-2019-josemariumb,Jueves Santo,LA EXALTACION,Paso de Misterio,1997,CCTT San Francisco Javier,1995-1997: CCTT San Francisco Javier
foro-2019-josemariumb,Jueves Santo,LA EXALTACION,Paso de Misterio,1998,CCTT Exaltacion,1998-2002: CCTT Exaltacion
foro-2019-josemariumb,Jueves Santo,LA EXALTACION,Paso de Misterio,1999,CCTT Exaltacion,1998-2002: CCTT Exaltacion
foro-2019-josemariumb,Jueves Santo,LA EXALTACION,Paso de Misterio,2000,CCTT Exaltacion,1998-2002: CCTT Exaltacion
foro-2019-josemariumb,Jueves Santo,LA EXALTACION,Paso de Misterio,2001,CCTT Exaltacion,1998-2002: CCTT Exaltacion
foro-2019-josemariumb,Jueves Santo,LA EXALTACION,Paso de Misterio,2002,CCTT Exaltacion,1998-2002: CCTT Exaltacion
foro-2019-josemariumb,Jueves Santo,LA EXALTACION,Paso de Misterio,2003,CCTT Sol,2003-2018: CCTT Sol
foro-2019-josemariumb,Jueves Santo,LA EXALTACION,Paso de Misterio,2004,CCTT Sol,2003-2018: CCTT Sol
foro-2019-josemariumb,Jueves Santo,LA EXALTACION,Paso de Misterio,2005,CCTT Sol,2003-2018: CCTT Sol
foro-2019-josemariumb,Jueves Santo,LA EXALTACION,Paso de Misterio,2006,CCTT Sol,2003-2018: CCTT Sol
foro-2019-josemariumb,Jueves Santo,LA EXALTACION,Paso de Misterio,2007,CCTT Sol,2003-2018: CCTT Sol
foro-2019-josemariumb,Jueves Santo,LA EXALTACION,Paso de Misterio,2008,CCTT Sol,2003-2018: CCTT Sol
foro-2019-josemariumb,Jueves Santo,LA EXALTACION,Paso de Misterio,2009,CCTT Sol,2003-2018: CCTT Sol
foro-2019-josemariumb,Jueves Santo,LA EXALTACION,Paso de Misterio,2010,CCTT Sol,2003-2018: CCTT Sol
foro-2019-josemariumb,Jueves Santo,LA EXALTACION,Paso de Misterio,2011,CCTT Sol,2003-2018: CCTT Sol
foro-2019-josemariumb,Jueves Santo,LA EXALTACION,Paso de Misterio,2012,CCTT Sol,2003-2018: CCTT Sol
foro-2019-josemariumb,Jueves Santo,LA EXALTACION,Paso de Misterio,2013,CCTT Sol,2003-2018: CCTT Sol
foro-2019-josemariumb,Jueves Santo,LA EXALTACION,Paso de Misterio,2014,CCTT Sol,2003-2018: CCTT Sol
foro-2019-josemariumb,Jueves Santo,LA EXALTACION,Paso de Misterio,2015,CCTT Sol,2003-2018: CCTT Sol
foro-2019-josemariumb,Jueves Santo,LA EXALTACION,Paso de Misterio,2016,CCTT Sol,2003-2018: CCTT Sol
foro-2019-josemariumb,Jueves Santo,LA EXALTACION,Paso de Misterio,2017,CCTT Sol,2003-2018: CCTT Sol
foro-2019-josemariumb,Jueves Santo,LA EXALTACION,Paso de Misterio,2018,CCTT Sol,2003-2018: CCTT Sol
foro-2019-josemariumb,Jueves Santo,LA EXALTACION,Paso de Misterio,2019,CCTT Paso y Esperanza de Malaga,2019: CCTT Paso y Esperanza de Malaga
foro-2019-josemariumb,Jueves Santo,LA EXALTACION,Paso de Palio,1980,BM Esperanza de Triana,1980-1990: BM Esperanza de Triana
foro-2019-josemariumb,Jueves Santo,LA EXALTACION,Paso de Palio,1981,BM Esperanza de Triana,1980-1990: BM Esperanza de Triana
foro-2019-josemariumb,Jueves Santo,LA EXALTACION,Paso de Palio,1982,BM Esperanza de Triana,1980-1990: BM Esperanza de Triana
foro-2019-josemariumb,Jueves Santo,LA EXALTACION,Paso de Palio,1983,BM Esperanza de Triana,1980-1990: BM Esperanza de Triana
foro-2019-josemariumb,Jueves Santo,LA EXALTACION,Paso de Palio,1984,BM Esperanza de Triana,1980-1990: BM Esperanza de Triana
foro-2019-josemariumb,Jueves Santo,LA EXALTACION,Paso de Palio,1985,BM Esperanza de Triana,1980-1990: BM Esperanza de Triana
foro-2019-josemariumb,Jueves Santo,LA EXALTACION,Paso de Palio,1986,BM Esperanza de Triana,1980-1990: BM Esperanza de Triana
foro-2019-josemariumb,Jueves Santo,LA EXALTACION,Paso de Palio,1987,BM Esperanza de Triana,1980-1990: BM Esperanza de Triana
foro-2019-josemariumb,Jueves Santo,LA EXALTACION,Paso de Palio,1988,BM Esperanza de Triana,1980-1990: BM Esperanza de Triana
foro-2019-josemariumb,Jueves Santo,LA EXALTACION,Paso de Palio,1989,BM Esperanza de Triana,1980-1990: BM Esperanza de Triana
foro-2019-josemariumb,Jueves Santo,LA EXALTACION,Paso de Palio,1990,BM Esperanza de Triana,1980-1990: BM Esperanza de Triana
foro-2019-josemariumb,Jueves Santo,LA EXALTACION,Paso de Palio,1991,BM Agrupacion de Guillena,1991-1994: BM Agrupacion de Guillena
foro-2019-josemariumb,Jueves Santo,LA EXALTACION,Paso de Palio,1992,BM Agrupacion de Guillena,1991-1994: BM Agrupacion de Guillena
foro-2019-josemariumb,Jueves Santo,LA EXALTACION,Paso de Palio,1993,BM Agrupacion de Guillena,1991-1994: BM Agrupacion de Guillena
foro-2019-josemariumb,Jueves Santo,LA EXALTACION,Paso de Palio,1994,BM Agrupacion de Guillena,1991-1994: BM Agrupacion de Guillena
foro-2019-josemariumb,Jueves Santo,LA EXALTACION,Paso de Palio,1995,Banda Municipal de Guillena,1995-2004: Banda Municipal de Guillena
foro-2019-josemariumb,Jueves Santo,LA EXALTACION,Paso de Palio,1996,Banda Municipal de Guillena,1995-2004: Banda Municipal de Guillena
foro-2019-josemariumb,Jueves Santo,LA EXALTACION,Paso de Palio,1997,Banda Municipal de Guillena,1995-2004: Banda Municipal de Guillena
foro-2019-josemariumb,Jueves Santo,LA EXALTACION,Paso de Palio,1998,Banda Municipal de Guillena,1995-2004: Banda Municipal de Guillena
foro-2019-josemariumb,Jueves Santo,LA EXALTACION,Paso de Palio,1999,Banda Municipal de Guillena,1995-2004: Banda Municipal de Guillena
foro-2019-josemariumb,Jueves Santo,LA EXALTACION,Paso de Palio,2000,Banda Municipal de Guillena,1995-2004: Banda Municipal de Guillena
foro-2019-josemariumb,Jueves Santo,LA EXALTACION,Paso de Palio,2001,Banda Municipal de Guillena,1995-2004: Banda Municipal de Guillena
foro-2019-josemariumb,Jueves Santo,LA EXALTACION,Paso de Palio,2002,Banda Municipal de Guillena,1995-2004: Banda Municipal de Guillena
foro-2019-josemariumb,Jueves Santo,LA EXALTACION,Paso de Palio,2003,Banda Municipal de Guillena,1995-2004: Banda Municipal de Guillena
foro-2019-josemariumb,Jueves Santo,LA EXALTACION,Paso de Palio,2004,Banda Municipal de Guillena,1995-2004: Banda Municipal de Guillena
foro-2019-josemariumb,Jueves Santo,LA EXALTACION,Paso de Palio,2005,BM Nuestra Senora del Sol,2005-2010: BM Nuestra Senora del Sol
foro-2019-josemariumb,Jueves Santo,LA EXALTACION,Paso de Palio,2006,BM Nuestra Senora del Sol,2005-2010: BM Nuestra Senora del Sol
foro-2019-josemariumb,Jueves Santo,LA EXALTACION,Paso de Palio,2007,BM Nuestra Senora del Sol,2005-2010: BM Nuestra Senora del Sol
foro-2019-josemariumb,Jueves Santo,LA EXALTACION,Paso de Palio,2008,BM Nuestra Senora del Sol,2005-2010: BM Nuestra Senora del Sol
foro-2019-josemariumb,Jueves Santo,LA EXALTACION,Paso de Palio,2009,BM Nuestra Senora del Sol,2005-2010: BM Nuestra Senora del Sol
foro-2019-josemariumb,Jueves Santo,LA EXALTACION,Paso de Palio,2010,BM Nuestra Senora del Sol,2005-2010: BM Nuestra Senora del Sol
foro-2019-josemariumb,Jueves Santo,LA EXALTACION,Paso de Palio,2011,Banda Municipal de Arahal,2011-2019: Banda Municipal de Arahal
foro-2019-josemariumb,Jueves Santo,LA EXALTACION,Paso de Palio,2012,Banda Municipal de Arahal,2011-2019: Banda Municipal de Arahal
foro-2019-josemariumb,Jueves Santo,LA EXALTACION,Paso de Palio,2013,Banda Municipal de Arahal,2011-2019: Banda Municipal de Arahal
foro-2019-josemariumb,Jueves Santo,LA EXALTACION,Paso de Palio,2014,Banda Municipal de Arahal,2011-2019: Banda Municipal de Arahal
foro-2019-josemariumb,Jueves Santo,LA EXALTACION,Paso de Palio,2015,Banda Municipal de Arahal,2011-2019: Banda Municipal de Arahal
foro-2019-josemariumb,Jueves Santo,LA EXALTACION,Paso de Palio,2016,Banda Municipal de Arahal,2011-2019: Banda Municipal de Arahal
foro-2019-josemariumb,Jueves Santo,LA EXALTACION,Paso de Palio,2017,Banda Municipal de Arahal,2011-2019: Banda Municipal de Arahal
foro-2019-josemariumb,Jueves Santo,LA EXALTACION,Paso de Palio,2018,Banda Municipal de Arahal,2011-2019: Banda Municipal de Arahal
foro-2019-josemariumb,Jueves Santo,LA EXALTACION,Paso de Palio,2019,Banda Municipal de Arahal,2011-2019: Banda Municipal de Arahal
foro-2019-josemariumb,Jueves Santo,LAS CIGARRERAS,Paso de Misterio,1980,CCTT Las Cigarreras,1980-2019: CCTT Las Cigarreras
foro-2019-josemariumb,Jueves Santo,LAS CIGARRERAS,Paso de Misterio,1981,CCTT Las Cigarreras,1980-2019: CCTT Las Cigarreras
foro-2019-josemariumb,Jueves Santo,LAS CIGARRERAS,Paso de Misterio,1982,CCTT Las Cigarreras,1980-2019: CCTT Las Cigarreras
foro-2019-josemariumb,Jueves Santo,LAS CIGARRERAS,Paso de Misterio,1983,CCTT Las Cigarreras,1980-2019: CCTT Las Cigarreras
foro-2019-josemariumb,Jueves Santo,LAS CIGARRERAS,Paso de Misterio,1984,CCTT Las Cigarreras,1980-2019: CCTT Las Cigarreras
foro-2019-josemariumb,Jueves Santo,LAS CIGARRERAS,Paso de Misterio,1985,CCTT Las Cigarreras,1980-2019: CCTT Las Cigarreras
foro-2019-josemariumb,Jueves Santo,LAS CIGARRERAS,Paso de Misterio,1986,CCTT Las Cigarreras,1980-2019: CCTT Las Cigarreras
foro-2019-josemariumb,Jueves Santo,LAS CIGARRERAS,Paso de Misterio,1987,CCTT Las Cigarreras,1980-2019: CCTT Las Cigarreras
foro-2019-josemariumb,Jueves Santo,LAS CIGARRERAS,Paso de Misterio,1988,CCTT Las Cigarreras,1980-2019: CCTT Las Cigarreras
foro-2019-josemariumb,Jueves Santo,LAS CIGARRERAS,Paso de Misterio,1989,CCTT Las Cigarreras,1980-2019: CCTT Las Cigarreras
foro-2019-josemariumb,Jueves Santo,LAS CIGARRERAS,Paso de Misterio,1990,CCTT Las Cigarreras,1980-2019: CCTT Las Cigarreras
foro-2019-josemariumb,Jueves Santo,LAS CIGARRERAS,Paso de Misterio,1991,CCTT Las Cigarreras,1980-2019: CCTT Las Cigarreras
foro-2019-josemariumb,Jueves Santo,LAS CIGARRERAS,Paso de Misterio,1992,CCTT Las Cigarreras,1980-2019: CCTT Las Cigarreras
foro-2019-josemariumb,Jueves Santo,LAS CIGARRERAS,Paso de Misterio,1993,CCTT Las Cigarreras,1980-2019: CCTT Las Cigarreras
foro-2019-josemariumb,Jueves Santo,LAS CIGARRERAS,Paso de Misterio,1994,CCTT Las Cigarreras,1980-2019: CCTT Las Cigarreras
foro-2019-josemariumb,Jueves Santo,LAS CIGARRERAS,Paso de Misterio,1995,CCTT Las Cigarreras,1980-2019: CCTT Las Cigarreras
foro-2019-josemariumb,Jueves Santo,LAS CIGARRERAS,Paso de Misterio,1996,CCTT Las Cigarreras,1980-2019: CCTT Las Cigarreras
foro-2019-josemariumb,Jueves Santo,LAS CIGARRERAS,Paso de Misterio,1997,CCTT Las Cigarreras,1980-2019: CCTT Las Cigarreras
foro-2019-josemariumb,Jueves Santo,LAS CIGARRERAS,Paso de Misterio,1998,CCTT Las Cigarreras,1980-2019: CCTT Las Cigarreras
foro-2019-josemariumb,Jueves Santo,LAS CIGARRERAS,Paso de Misterio,1999,CCTT Las Cigarreras,1980-2019: CCTT Las Cigarreras
foro-2019-josemariumb,Jueves Santo,LAS CIGARRERAS,Paso de Misterio,2000,CCTT Las Cigarreras,1980-2019: CCTT Las Cigarreras
foro-2019-josemariumb,Jueves Santo,LAS CIGARRERAS,Paso de Misterio,2001,CCTT Las Cigarreras,1980-2019: CCTT Las Cigarreras
foro-2019-josemariumb,Jueves Santo,LAS CIGARRERAS,Paso de Misterio,2002,CCTT Las Cigarreras,1980-2019: CCTT Las Cigarreras
foro-2019-josemariumb,Jueves Santo,LAS CIGARRERAS,Paso de Misterio,2003,CCTT Las Cigarreras,1980-2019: CCTT Las Cigarreras
foro-2019-josemariumb,Jueves Santo,LAS CIGARRERAS,Paso de Misterio,2004,CCTT Las Cigarreras,1980-2019: CCTT Las Cigarreras
foro-2019-josemariumb,Jueves Santo,LAS CIGARRERAS,Paso de Misterio,2005,CCTT Las Cigarreras,1980-2019: CCTT Las Cigarreras
foro-2019-josemariumb,Jueves Santo,LAS CIGARRERAS,Paso de Misterio,2006,CCTT Las Cigarreras,1980-2019: CCTT Las Cigarreras
foro-2019-josemariumb,Jueves Santo,LAS CIGARRERAS,Paso de Misterio,2007,CCTT Las Cigarreras,1980-2019: CCTT Las Cigarreras
foro-2019-josemariumb,Jueves Santo,LAS CIGARRERAS,Paso de Misterio,2008,CCTT Las Cigarreras,1980-2019: CCTT Las Cigarreras
foro-2019-josemariumb,Jueves Santo,LAS CIGARRERAS,Paso de Misterio,2009,CCTT Las Cigarreras,1980-2019: CCTT Las Cigarreras
foro-2019-josemariumb,Jueves Santo,LAS CIGARRERAS,Paso de Misterio,2010,CCTT Las Cigarreras,1980-2019: CCTT Las Cigarreras
foro-2019-josemariumb,Jueves Santo,LAS CIGARRERAS,Paso de Misterio,2011,CCTT Las Cigarreras,1980-2019: CCTT Las Cigarreras
foro-2019-josemariumb,Jueves Santo,LAS CIGARRERAS,Paso de Misterio,2012,CCTT Las Cigarreras,1980-2019: CCTT Las Cigarreras
foro-2019-josemariumb,Jueves Santo,LAS CIGARRERAS,Paso de Misterio,2013,CCTT Las Cigarreras,1980-2019: CCTT Las Cigarreras
foro-2019-josemariumb,Jueves Santo,LAS CIGARRERAS,Paso de Misterio,2014,CCTT Las Cigarreras,1980-2019: CCTT Las Cigarreras
foro-2019-josemariumb,Jueves Santo,LAS CIGARRERAS,Paso de Misterio,2015,CCTT Las Cigarreras,1980-2019: CCTT Las Cigarreras
foro-2019-josemariumb,Jueves Santo,LAS CIGARRERAS,Paso de Misterio,2016,CCTT Las Cigarreras,1980-2019: CCTT Las Cigarreras
foro-2019-josemariumb,Jueves Santo,LAS CIGARRERAS,Paso de Misterio,2017,CCTT Las Cigarreras,1980-2019: CCTT Las Cigarreras
foro-2019-josemariumb,Jueves Santo,LAS CIGARRERAS,Paso de Misterio,2018,CCTT Las Cigarreras,1980-2019: CCTT Las Cigarreras
foro-2019-josemariumb,Jueves Santo,LAS CIGARRERAS,Paso de Misterio,2019,CCTT Las Cigarreras,1980-2019: CCTT Las Cigarreras
foro-2019-josemariumb,Jueves Santo,LAS CIGARRERAS,Paso de Palio,1980,BM Maestro Tejera,1980-1992: BM Maestro Tejera
foro-2019-josemariumb,Jueves Santo,LAS CIGARRERAS,Paso de Palio,1981,BM Maestro Tejera,1980-1992: BM Maestro Tejera
foro-2019-josemariumb,Jueves Santo,LAS CIGARRERAS,Paso de Palio,1982,BM Maestro Tejera,1980-1992: BM Maestro Tejera
foro-2019-josemariumb,Jueves Santo,LAS CIGARRERAS,Paso de Palio,1983,BM Maestro Tejera,1980-1992: BM Maestro Tejera
foro-2019-josemariumb,Jueves Santo,LAS CIGARRERAS,Paso de Palio,1984,BM Maestro Tejera,1980-1992: BM Maestro Tejera
foro-2019-josemariumb,Jueves Santo,LAS CIGARRERAS,Paso de Palio,1985,BM Maestro Tejera,1980-1992: BM Maestro Tejera
foro-2019-josemariumb,Jueves Santo,LAS CIGARRERAS,Paso de Palio,1986,BM Maestro Tejera,1980-1992: BM Maestro Tejera
foro-2019-josemariumb,Jueves Santo,LAS CIGARRERAS,Paso de Palio,1987,BM Maestro Tejera,1980-1992: BM Maestro Tejera
foro-2019-josemariumb,Jueves Santo,LAS CIGARRERAS,Paso de Palio,1988,BM Maestro Tejera,1980-1992: BM Maestro Tejera
foro-2019-josemariumb,Jueves Santo,LAS CIGARRERAS,Paso de Palio,1989,BM Maestro Tejera,1980-1992: BM Maestro Tejera
foro-2019-josemariumb,Jueves Santo,LAS CIGARRERAS,Paso de Palio,1990,BM Maestro Tejera,1980-1992: BM Maestro Tejera
foro-2019-josemariumb,Jueves Santo,LAS CIGARRERAS,Paso de Palio,1991,BM Maestro Tejera,1980-1992: BM Maestro Tejera
foro-2019-josemariumb,Jueves Santo,LAS CIGARRERAS,Paso de Palio,1992,BM Maestro Tejera,1980-1992: BM Maestro Tejera
foro-2019-josemariumb,Jueves Santo,LAS CIGARRERAS,Paso de Palio,1993,BM Nuestra Senora de la Soledad de Cantillana,1993-1995: BM Nuestra Senora de la Soledad de Cantillana
foro-2019-josemariumb,Jueves Santo,LAS CIGARRERAS,Paso de Palio,1994,BM Nuestra Senora de la Soledad de Cantillana,1993-1995: BM Nuestra Senora de la Soledad de Cantillana
foro-2019-josemariumb,Jueves Santo,LAS CIGARRERAS,Paso de Palio,1995,BM Nuestra Senora de la Soledad de Cantillana,1993-1995: BM Nuestra Senora de la Soledad de Cantillana
foro-2019-josemariumb,Jueves Santo,LAS CIGARRERAS,Paso de Palio,1996,BM Nuestra Senora de la Victoria Las Cigarreras,1996-2019: BM Nuestra Senora de la Victoria Las Cigarreras
foro-2019-josemariumb,Jueves Santo,LAS CIGARRERAS,Paso de Palio,1997,BM Nuestra Senora de la Victoria Las Cigarreras,1996-2019: BM Nuestra Senora de la Victoria Las Cigarreras
foro-2019-josemariumb,Jueves Santo,LAS CIGARRERAS,Paso de Palio,1998,BM Nuestra Senora de la Victoria Las Cigarreras,1996-2019: BM Nuestra Senora de la Victoria Las Cigarreras
foro-2019-josemariumb,Jueves Santo,LAS CIGARRERAS,Paso de Palio,1999,BM Nuestra Senora de la Victoria Las Cigarreras,1996-2019: BM Nuestra Senora de la Victoria Las Cigarreras
foro-2019-josemariumb,Jueves Santo,LAS CIGARRERAS,Paso de Palio,2000,BM Nuestra Senora de la Victoria Las Cigarreras,1996-2019: BM Nuestra Senora de la Victoria Las Cigarreras
foro-2019-josemariumb,Jueves Santo,LAS CIGARRERAS,Paso de Palio,2001,BM Nuestra Senora de la Victoria Las Cigarreras,1996-2019: BM Nuestra Senora de la Victoria Las Cigarreras
foro-2019-josemariumb,Jueves Santo,LAS CIGARRERAS,Paso de Palio,2002,BM Nuestra Senora de la Victoria Las Cigarreras,1996-2019: BM Nuestra Senora de la Victoria Las Cigarreras
foro-2019-josemariumb,Jueves Santo,LAS CIGARRERAS,Paso de Palio,2003,BM Nuestra Senora de la Victoria Las Cigarreras,1996-2019: BM Nuestra Senora de la Victoria Las Cigarreras
foro-2019-josemariumb,Jueves Santo,LAS CIGARRERAS,Paso de Palio,2004,BM Nuestra Senora de la Victoria Las Cigarreras,1996-2019: BM Nuestra Senora de la Victoria Las Cigarreras
foro-2019-josemariumb,Jueves Santo,LAS CIGARRERAS,Paso de Palio,2005,BM Nuestra Senora de la Victoria Las Cigarreras,1996-2019: BM Nuestra Senora de la Victoria Las Cigarreras
foro-2019-josemariumb,Jueves Santo,LAS CIGARRERAS,Paso de Palio,2006,BM Nuestra Senora de la Victoria Las Cigarreras,1996-2019: BM Nuestra Senora de la Victoria Las Cigarreras
foro-2019-josemariumb,Jueves Santo,LAS CIGARRERAS,Paso de Palio,2007,BM Nuestra Senora de la Victoria Las Cigarreras,1996-2019: BM Nuestra Senora de la Victoria Las Cigarreras
foro-2019-josemariumb,Jueves Santo,LAS CIGARRERAS,Paso de Palio,2008,BM Nuestra Senora de la Victoria Las Cigarreras,1996-2019: BM Nuestra Senora de la Victoria Las Cigarreras
foro-2019-josemariumb,Jueves Santo,LAS CIGARRERAS,Paso de Palio,2009,BM Nuestra Senora de la Victoria Las Cigarreras,1996-2019: BM Nuestra Senora de la Victoria Las Cigarreras
foro-2019-josemariumb,Jueves Santo,LAS CIGARRERAS,Paso de Palio,2010,BM Nuestra Senora de la Victoria Las Cigarreras,1996-2019: BM Nuestra Senora de la Victoria Las Cigarreras
foro-2019-josemariumb,Jueves Santo,LAS CIGARRERAS,Paso de Palio,2011,BM Nuestra Senora de la Victoria Las Cigarreras,1996-2019: BM Nuestra Senora de la Victoria Las Cigarreras
foro-2019-josemariumb,Jueves Santo,LAS CIGARRERAS,Paso de Palio,2012,BM Nuestra Senora de la Victoria Las Cigarreras,1996-2019: BM Nuestra Senora de la Victoria Las Cigarreras
foro-2019-josemariumb,Jueves Santo,LAS CIGARRERAS,Paso de Palio,2013,BM Nuestra Senora de la Victoria Las Cigarreras,1996-2019: BM Nuestra Senora de la Victoria Las Cigarreras
foro-2019-josemariumb,Jueves Santo,LAS CIGARRERAS,Paso de Palio,2014,BM Nuestra Senora de la Victoria Las Cigarreras,1996-2019: BM Nuestra Senora de la Victoria Las Cigarreras
foro-2019-josemariumb,Jueves Santo,LAS CIGARRERAS,Paso de Palio,2015,BM Nuestra Senora de la Victoria Las Cigarreras,1996-2019: BM Nuestra Senora de la Victoria Las Cigarreras
foro-2019-josemariumb,Jueves Santo,LAS CIGARRERAS,Paso de Palio,2016,BM Nuestra Senora de la Victoria Las Cigarreras,1996-2019: BM Nuestra Senora de la Victoria Las Cigarreras
foro-2019-josemariumb,Jueves Santo,LAS CIGARRERAS,Paso de Palio,2017,BM Nuestra Senora de la Victoria Las Cigarreras,1996-2019: BM Nuestra Senora de la Victoria Las Cigarreras
foro-2019-josemariumb,Jueves Santo,LAS CIGARRERAS,Paso de Palio,2018,BM Nuestra Senora de la Victoria Las Cigarreras,1996-2019: BM Nuestra Senora de la Victoria Las Cigarreras
foro-2019-josemariumb,Jueves Santo,LAS CIGARRERAS,Paso de Palio,2019,BM Nuestra Senora de la Victoria Las Cigarreras,1996-2019: BM Nuestra Senora de la Victoria Las Cigarreras
foro-2019-josemariumb,Jueves Santo,MONTESION,Paso de Misterio,1980,AM Santa Maria Magdalena de Arahal,1980-1990: AM Santa Maria Magdalena de Arahal
foro-2019-josemariumb,Jueves Santo,MONTESION,Paso de Misterio,1981,AM Santa Maria Magdalena de Arahal,1980-1990: AM Santa Maria Magdalena de Arahal
foro-2019-josemariumb,Jueves Santo,MONTESION,Paso de Misterio,1982,AM Santa Maria Magdalena de Arahal,1980-1990: AM Santa Maria Magdalena de Arahal
foro-2019-josemariumb,Jueves Santo,MONTESION,Paso de Misterio,1983,AM Santa Maria Magdalena de Arahal,1980-1990: AM Santa Maria Magdalena de Arahal
foro-2019-josemariumb,Jueves Santo,MONTESION,Paso de Misterio,1984,AM Santa Maria Magdalena de Arahal,1980-1990: AM Santa Maria Magdalena de Arahal
foro-2019-josemariumb,Jueves Santo,MONTESION,Paso de Misterio,1985,AM Santa Maria Magdalena de Arahal,1980-1990: AM Santa Maria Magdalena de Arahal
foro-2019-josemariumb,Jueves Santo,MONTESION,Paso de Misterio,1986,AM Santa Maria Magdalena de Arahal,1980-1990: AM Santa Maria Magdalena de Arahal
foro-2019-josemariumb,Jueves Santo,MONTESION,Paso de Misterio,1987,AM Santa Maria Magdalena de Arahal,1980-1990: AM Santa Maria Magdalena de Arahal
foro-2019-josemariumb,Jueves Santo,MONTESION,Paso de Misterio,1988,AM Santa Maria Magdalena de Arahal,1980-1990: AM Santa Maria Magdalena de Arahal
foro-2019-josemariumb,Jueves Santo,MONTESION,Paso de Misterio,1989,AM Santa Maria Magdalena de Arahal,1980-1990: AM Santa Maria Magdalena de Arahal
foro-2019-josemariumb,Jueves Santo,MONTESION,Paso de Misterio,1990,AM Santa Maria Magdalena de Arahal,1980-1990: AM Santa Maria Magdalena de Arahal
foro-2019-josemariumb,Jueves Santo,MONTESION,Paso de Misterio,1991,AM Ntra. Sra. De La Estrella de Dos Hermanas,1991-1993: AM Ntra. Sra. De La Estrella de Dos Hermanas
foro-2019-josemariumb,Jueves Santo,MONTESION,Paso de Misterio,1992,AM Ntra. Sra. De La Estrella de Dos Hermanas,1991-1993: AM Ntra. Sra. De La Estrella de Dos Hermanas
foro-2019-josemariumb,Jueves Santo,MONTESION,Paso de Misterio,1993,AM Ntra. Sra. De La Estrella de Dos Hermanas,1991-1993: AM Ntra. Sra. De La Estrella de Dos Hermanas
foro-2019-josemariumb,Jueves Santo,MONTESION,Paso de Misterio,1994,CCTT Sol,1994-2002: CCTT Sol
foro-2019-josemariumb,Jueves Santo,MONTESION,Paso de Misterio,1995,CCTT Sol,1994-2002: CCTT Sol
foro-2019-josemariumb,Jueves Santo,MONTESION,Paso de Misterio,1996,CCTT Sol,1994-2002: CCTT Sol
foro-2019-josemariumb,Jueves Santo,MONTESION,Paso de Misterio,1997,CCTT Sol,1994-2002: CCTT Sol
foro-2019-josemariumb,Jueves Santo,MONTESION,Paso de Misterio,1998,CCTT Sol,1994-2002: CCTT Sol
foro-2019-josemariumb,Jueves Santo,MONTESION,Paso de Misterio,1999,CCTT Sol,1994-2002: CCTT Sol
foro-2019-josemariumb,Jueves Santo,MONTESION,Paso de Misterio,2000,CCTT Sol,1994-2002: CCTT Sol
foro-2019-josemariumb,Jueves Santo,MONTESION,Paso de Misterio,2001,CCTT Sol,1994-2002: CCTT Sol
foro-2019-josemariumb,Jueves Santo,MONTESION,Paso de Misterio,2002,CCTT Sol,1994-2002: CCTT Sol
foro-2019-josemariumb,Jueves Santo,MONTESION,Paso de Misterio,2003,CCTT Corona de Espinas,2003-2005: CCTT Corona de Espinas
foro-2019-josemariumb,Jueves Santo,MONTESION,Paso de Misterio,2004,CCTT Corona de Espinas,2003-2005: CCTT Corona de Espinas
foro-2019-josemariumb,Jueves Santo,MONTESION,Paso de Misterio,2005,CCTT Corona de Espinas,2003-2005: CCTT Corona de Espinas
foro-2019-josemariumb,Jueves Santo,MONTESION,Paso de Misterio,2006,AM Jesus de la Redencion,2006-2019: AM Jesus de la Redencion
foro-2019-josemariumb,Jueves Santo,MONTESION,Paso de Misterio,2007,AM Jesus de la Redencion,2006-2019: AM Jesus de la Redencion
foro-2019-josemariumb,Jueves Santo,MONTESION,Paso de Misterio,2008,AM Jesus de la Redencion,2006-2019: AM Jesus de la Redencion
foro-2019-josemariumb,Jueves Santo,MONTESION,Paso de Misterio,2009,AM Jesus de la Redencion,2006-2019: AM Jesus de la Redencion
foro-2019-josemariumb,Jueves Santo,MONTESION,Paso de Misterio,2010,AM Jesus de la Redencion,2006-2019: AM Jesus de la Redencion
foro-2019-josemariumb,Jueves Santo,MONTESION,Paso de Misterio,2011,AM Jesus de la Redencion,2006-2019: AM Jesus de la Redencion
foro-2019-josemariumb,Jueves Santo,MONTESION,Paso de Misterio,2012,AM Jesus de la Redencion,2006-2019: AM Jesus de la Redencion
foro-2019-josemariumb,Jueves Santo,MONTESION,Paso de Misterio,2013,AM Jesus de la Redencion,2006-2019: AM Jesus de la Redencion
foro-2019-josemariumb,Jueves Santo,MONTESION,Paso de Misterio,2014,AM Jesus de la Redencion,2006-2019: AM Jesus de la Redencion
foro-2019-josemariumb,Jueves Santo,MONTESION,Paso de Misterio,2015,AM Jesus de la Redencion,2006-2019: AM Jesus de la Redencion
foro-2019-josemariumb,Jueves Santo,MONTESION,Paso de Misterio,2016,AM Jesus de la Redencion,2006-2019: AM Jesus de la Redencion
foro-2019-josemariumb,Jueves Santo,MONTESION,Paso de Misterio,2017,AM Jesus de la Redencion,2006-2019: AM Jesus de la Redencion
foro-2019-josemariumb,Jueves Santo,MONTESION,Paso de Misterio,2018,AM Jesus de la Redencion,2006-2019: AM Jesus de la Redencion
foro-2019-josemariumb,Jueves Santo,MONTESION,Paso de Misterio,2019,AM Jesus de la Redencion,2006-2019: AM Jesus de la Redencion
foro-2019-josemariumb,Jueves Santo,MONTESION,Paso de Palio,1980,BM Agrupacion de Guillena,1980-1983: BM Agrupacion de Guillena
foro-2019-josemariumb,Jueves Santo,MONTESION,Paso de Palio,1981,BM Agrupacion de Guillena,1980-1983: BM Agrupacion de Guillena
foro-2019-josemariumb,Jueves Santo,MONTESION,Paso de Palio,1982,BM Agrupacion de Guillena,1980-1983: BM Agrupacion de Guillena
foro-2019-josemariumb,Jueves Santo,MONTESION,Paso de Palio,1983,BM Agrupacion de Guillena,1980-1983: BM Agrupacion de Guillena
foro-2019-josemariumb,Jueves Santo,MONTESION,Paso de Palio,1984,BM Cruz Roja,1984-1994: BM Cruz Roja
foro-2019-josemariumb,Jueves Santo,MONTESION,Paso de Palio,1985,BM Cruz Roja,1984-1994: BM Cruz Roja
foro-2019-josemariumb,Jueves Santo,MONTESION,Paso de Palio,1986,BM Cruz Roja,1984-1994: BM Cruz Roja
foro-2019-josemariumb,Jueves Santo,MONTESION,Paso de Palio,1987,BM Cruz Roja,1984-1994: BM Cruz Roja
foro-2019-josemariumb,Jueves Santo,MONTESION,Paso de Palio,1988,BM Cruz Roja,1984-1994: BM Cruz Roja
foro-2019-josemariumb,Jueves Santo,MONTESION,Paso de Palio,1989,BM Cruz Roja,1984-1994: BM Cruz Roja
foro-2019-josemariumb,Jueves Santo,MONTESION,Paso de Palio,1990,BM Cruz Roja,1984-1994: BM Cruz Roja
foro-2019-josemariumb,Jueves Santo,MONTESION,Paso de Palio,1991,BM Cruz Roja,1984-1994: BM Cruz Roja
foro-2019-josemariumb,Jueves Santo,MONTESION,Paso de Palio,1992,BM Cruz Roja,1984-1994: BM Cruz Roja
foro-2019-josemariumb,Jueves Santo,MONTESION,Paso de Palio,1993,BM Cruz Roja,1984-1994: BM Cruz Roja
foro-2019-josemariumb,Jueves Santo,MONTESION,Paso de Palio,1994,BM Cruz Roja,1984-1994: BM Cruz Roja
foro-2019-josemariumb,Jueves Santo,MONTESION,Paso de Palio,1995,BM Filarmonica de Pilas,1995-1999: BM Filarmonica de Pilas
foro-2019-josemariumb,Jueves Santo,MONTESION,Paso de Palio,1996,BM Filarmonica de Pilas,1995-1999: BM Filarmonica de Pilas
foro-2019-josemariumb,Jueves Santo,MONTESION,Paso de Palio,1997,BM Filarmonica de Pilas,1995-1999: BM Filarmonica de Pilas
foro-2019-josemariumb,Jueves Santo,MONTESION,Paso de Palio,1998,BM Filarmonica de Pilas,1995-1999: BM Filarmonica de Pilas
foro-2019-josemariumb,Jueves Santo,MONTESION,Paso de Palio,1999,BM Filarmonica de Pilas,1995-1999: BM Filarmonica de Pilas
foro-2019-josemariumb,Jueves Santo,MONTESION,Paso de Palio,2001,BM Municipal de la Puebla del Rio,2001-2015: BM Municipal de la Puebla del Rio
foro-2019-josemariumb,Jueves Santo,MONTESION,Paso de Palio,2002,BM Municipal de la Puebla del Rio,2001-2015: BM Municipal de la Puebla del Rio
foro-2019-josemariumb,Jueves Santo,MONTESION,Paso de Palio,2003,BM Municipal de la Puebla del Rio,2001-2015: BM Municipal de la Puebla del Rio
foro-2019-josemariumb,Jueves Santo,MONTESION,Paso de Palio,2004,BM Municipal de la Puebla del Rio,2001-2015: BM Municipal de la Puebla del Rio
foro-2019-josemariumb,Jueves Santo,MONTESION,Paso de Palio,2005,BM Municipal de la Puebla del Rio,2001-2015: BM Municipal de la Puebla del Rio
foro-2019-josemariumb,Jueves Santo,MONTESION,Paso de Palio,2006,BM Municipal de la Puebla del Rio,2001-2015: BM Municipal de la Puebla del Rio
foro-2019-josemariumb,Jueves Santo,MONTESION,Paso de Palio,2007,BM Municipal de la Puebla del Rio,2001-2015: BM Municipal de la Puebla del Rio
foro-2019-josemariumb,Jueves Santo,MONTESION,Paso de Palio,2008,BM Municipal de la Puebla del Rio,2001-2015: BM Municipal de la Puebla del Rio
foro-2019-josemariumb,Jueves Santo,MONTESION,Paso de Palio,2009,BM Municipal de la Puebla del Rio,2001-2015: BM Municipal de la Puebla del Rio
foro-2019-josemariumb,Jueves Santo,MONTESION,Paso de Palio,2010,BM Municipal de la Puebla del Rio,2001-2015: BM Municipal de la Puebla del Rio
foro-2019-josemariumb,Jueves Santo,MONTESION,Paso de Palio,2011,BM Municipal de la Puebla del Rio,2001-2015: BM Municipal de la Puebla del Rio
foro-2019-josemariumb,Jueves Santo,MONTESION,Paso de Palio,2012,BM Municipal de la Puebla del Rio,2001-2015: BM Municipal de la Puebla del Rio
foro-2019-josemariumb,Jueves Santo,MONTESION,Paso de Palio,2013,BM Municipal de la Puebla del Rio,2001-2015: BM Municipal de la Puebla del Rio
foro-2019-josemariumb,Jueves Santo,MONTESION,Paso de Palio,2014,BM Municipal de la Puebla del Rio,2001-2015: BM Municipal de la Puebla del Rio
foro-2019-josemariumb,Jueves Santo,MONTESION,Paso de Palio,2015,BM Municipal de la Puebla del Rio,2001-2015: BM Municipal de la Puebla del Rio
foro-2019-josemariumb,Jueves Santo,MONTESION,Paso de Palio,2016,BM Cruz Roja,2016-2019: BM Cruz Roja
foro-2019-josemariumb,Jueves Santo,MONTESION,Paso de Palio,2017,BM Cruz Roja,2016-2019: BM Cruz Roja
foro-2019-josemariumb,Jueves Santo,MONTESION,Paso de Palio,2018,BM Cruz Roja,2016-2019: BM Cruz Roja
foro-2019-josemariumb,Jueves Santo,MONTESION,Paso de Palio,2019,BM Cruz Roja,2016-2019: BM Cruz Roja
foro-2019-josemariumb,Jueves Santo,EL VALLE,Paso de palio,1982,BM Inmaculada (Soria 9),1982-1984: BM Inmaculada (Soria 9)
foro-2019-josemariumb,Jueves Santo,EL VALLE,Paso de palio,1983,BM Inmaculada (Soria 9),1982-1984: BM Inmaculada (Soria 9)
foro-2019-josemariumb,Jueves Santo,EL VALLE,Paso de palio,1984,BM Inmaculada (Soria 9),1982-1984: BM Inmaculada (Soria 9)
foro-2019-josemariumb,Jueves Santo,EL VALLE,Paso de palio,1985,BM Asociacion Musical Utrerana,1985-1994: BM Asociacion Musical Utrerana
foro-2019-josemariumb,Jueves Santo,EL VALLE,Paso de palio,1986,BM Asociacion Musical Utrerana,1985-1994: BM Asociacion Musical Utrerana
foro-2019-josemariumb,Jueves Santo,EL VALLE,Paso de palio,1987,BM Asociacion Musical Utrerana,1985-1994: BM Asociacion Musical Utrerana
foro-2019-josemariumb,Jueves Santo,EL VALLE,Paso de palio,1988,BM Asociacion Musical Utrerana,1985-1994: BM Asociacion Musical Utrerana
foro-2019-josemariumb,Jueves Santo,EL VALLE,Paso de palio,1989,BM Asociacion Musical Utrerana,1985-1994: BM Asociacion Musical Utrerana
foro-2019-josemariumb,Jueves Santo,EL VALLE,Paso de palio,1990,BM Asociacion Musical Utrerana,1985-1994: BM Asociacion Musical Utrerana
foro-2019-josemariumb,Jueves Santo,EL VALLE,Paso de palio,1991,BM Asociacion Musical Utrerana,1985-1994: BM Asociacion Musical Utrerana
foro-2019-josemariumb,Jueves Santo,EL VALLE,Paso de palio,1992,BM Asociacion Musical Utrerana,1985-1994: BM Asociacion Musical Utrerana
foro-2019-josemariumb,Jueves Santo,EL VALLE,Paso de palio,1993,BM Asociacion Musical Utrerana,1985-1994: BM Asociacion Musical Utrerana
foro-2019-josemariumb,Jueves Santo,EL VALLE,Paso de palio,1994,BM Asociacion Musical Utrerana,1985-1994: BM Asociacion Musical Utrerana
foro-2019-josemariumb,Jueves Santo,EL VALLE,Paso de palio,1995,Banda Municipal de Sevilla,1995-2002: Banda Municipal de Sevilla
foro-2019-josemariumb,Jueves Santo,EL VALLE,Paso de palio,1996,Banda Municipal de Sevilla,1995-2002: Banda Municipal de Sevilla
foro-2019-josemariumb,Jueves Santo,EL VALLE,Paso de palio,1997,Banda Municipal de Sevilla,1995-2002: Banda Municipal de Sevilla
foro-2019-josemariumb,Jueves Santo,EL VALLE,Paso de palio,1998,Banda Municipal de Sevilla,1995-2002: Banda Municipal de Sevilla
foro-2019-josemariumb,Jueves Santo,EL VALLE,Paso de palio,1999,Banda Municipal de Sevilla,1995-2002: Banda Municipal de Sevilla
foro-2019-josemariumb,Jueves Santo,EL VALLE,Paso de palio,2000,Banda Municipal de Sevilla,1995-2002: Banda Municipal de Sevilla
foro-2019-josemariumb,Jueves Santo,EL VALLE,Paso de palio,2001,Banda Municipal de Sevilla,1995-2002: Banda Municipal de Sevilla
foro-2019-josemariumb,Jueves Santo,EL VALLE,Paso de palio,2002,Banda Municipal de Sevilla,1995-2002: Banda Municipal de Sevilla
foro-2019-josemariumb,Jueves Santo,EL VALLE,Paso de palio,2003,BM Maestro Tejera,2003-2019: BM Maestro Tejera
foro-2019-josemariumb,Jueves Santo,EL VALLE,Paso de palio,2004,BM Maestro Tejera,2003-2019: BM Maestro Tejera
foro-2019-josemariumb,Jueves Santo,EL VALLE,Paso de palio,2005,BM Maestro Tejera,2003-2019: BM Maestro Tejera
foro-2019-josemariumb,Jueves Santo,EL VALLE,Paso de palio,2006,BM Maestro Tejera,2003-2019: BM Maestro Tejera
foro-2019-josemariumb,Jueves Santo,EL VALLE,Paso de palio,2007,BM Maestro Tejera,2003-2019: BM Maestro Tejera
foro-2019-josemariumb,Jueves Santo,EL VALLE,Paso de palio,2008,BM Maestro Tejera,2003-2019: BM Maestro Tejera
foro-2019-josemariumb,Jueves Santo,EL VALLE,Paso de palio,2009,BM Maestro Tejera,2003-2019: BM Maestro Tejera
foro-2019-josemariumb,Jueves Santo,EL VALLE,Paso de palio,2010,BM Maestro Tejera,2003-2019: BM Maestro Tejera
foro-2019-josemariumb,Jueves Santo,EL VALLE,Paso de palio,2011,BM Maestro Tejera,2003-2019: BM Maestro Tejera
foro-2019-josemariumb,Jueves Santo,EL VALLE,Paso de palio,2012,BM Maestro Tejera,2003-2019: BM Maestro Tejera
foro-2019-josemariumb,Jueves Santo,EL VALLE,Paso de palio,2013,BM Maestro Tejera,2003-2019: BM Maestro Tejera
foro-2019-josemariumb,Jueves Santo,EL VALLE,Paso de palio,2014,BM Maestro Tejera,2003-2019: BM Maestro Tejera
foro-2019-josemariumb,Jueves Santo,EL VALLE,Paso de palio,2015,BM Maestro Tejera,2003-2019: BM Maestro Tejera
foro-2019-josemariumb,Jueves Santo,EL VALLE,Paso de palio,2016,BM Maestro Tejera,2003-2019: BM Maestro Tejera
foro-2019-josemariumb,Jueves Santo,EL VALLE,Paso de palio,2017,BM Maestro Tejera,2003-2019: BM Maestro Tejera
foro-2019-josemariumb,Jueves Santo,EL VALLE,Paso de palio,2018,BM Maestro Tejera,2003-2019: BM Maestro Tejera
foro-2019-josemariumb,Jueves Santo,EL VALLE,Paso de palio,2019,BM Maestro Tejera,2003-2019: BM Maestro Tejera
foro-2019-josemariumb,Jueves Santo,PASION,Paso de palio,2011,Sociedad Filarmonica Nuestra Senora de la Oliva de Salteras,2011-2019: Sociedad Filarmonica Nuestra Senora de la Oliva de Salteras
foro-2019-josemariumb,Jueves Santo,PASION,Paso de palio,2012,Sociedad Filarmonica Nuestra Senora de la Oliva de Salteras,2011-2019: Sociedad Filarmonica Nuestra Senora de la Oliva de Salteras
foro-2019-josemariumb,Jueves Santo,PASION,Paso de palio,2013,Sociedad Filarmonica Nuestra Senora de la Oliva de Salteras,2011-2019: Sociedad Filarmonica Nuestra Senora de la Oliva de Salteras
foro-2019-josemariumb,Jueves Santo,PASION,Paso de palio,2014,Sociedad Filarmonica Nuestra Senora de la Oliva de Salteras,2011-2019: Sociedad Filarmonica Nuestra Senora de la Oliva de Salteras
foro-2019-josemariumb,Jueves Santo,PASION,Paso de palio,2015,Sociedad Filarmonica Nuestra Senora de la Oliva de Salteras,2011-2019: Sociedad Filarmonica Nuestra Senora de la Oliva de Salteras
foro-2019-josemariumb,Jueves Santo,PASION,Paso de palio,2016,Sociedad Filarmonica Nuestra Senora de la Oliva de Salteras,2011-2019: Sociedad Filarmonica Nuestra Senora de la Oliva de Salteras
foro-2019-josemariumb,Jueves Santo,PASION,Paso de palio,2017,Sociedad Filarmonica Nuestra Senora de la Oliva de Salteras,2011-2019: Sociedad Filarmonica Nuestra Senora de la Oliva de Salteras
foro-2019-josemariumb,Jueves Santo,PASION,Paso de palio,2018,Sociedad Filarmonica Nuestra Senora de la Oliva de Salteras,2011-2019: Sociedad Filarmonica Nuestra Senora de la Oliva de Salteras
foro-2019-josemariumb,Jueves Santo,PASION,Paso de palio,2019,Sociedad Filarmonica Nuestra Senora de la Oliva de Salteras,2011-2019: Sociedad Filarmonica Nuestra Senora de la Oliva de Salteras
foro-2019-josemariumb,Madruga,MACARENA,Paso de Palio,1980,Banda de Musica de Nuestra Senora del Carmen de Salteras,1980-2019: Banda de Musica de Nuestra Senora del Carmen de Salteras
foro-2019-josemariumb,Madruga,MACARENA,Paso de Palio,1981,Banda de Musica de Nuestra Senora del Carmen de Salteras,1980-2019: Banda de Musica de Nuestra Senora del Carmen de Salteras
foro-2019-josemariumb,Madruga,MACARENA,Paso de Palio,1982,Banda de Musica de Nuestra Senora del Carmen de Salteras,1980-2019: Banda de Musica de Nuestra Senora del Carmen de Salteras
foro-2019-josemariumb,Madruga,MACARENA,Paso de Palio,1983,Banda de Musica de Nuestra Senora del Carmen de Salteras,1980-2019: Banda de Musica de Nuestra Senora del Carmen de Salteras
foro-2019-josemariumb,Madruga,MACARENA,Paso de Palio,1984,Banda de Musica de Nuestra Senora del Carmen de Salteras,1980-2019: Banda de Musica de Nuestra Senora del Carmen de Salteras
foro-2019-josemariumb,Madruga,MACARENA,Paso de Palio,1985,Banda de Musica de Nuestra Senora del Carmen de Salteras,1980-2019: Banda de Musica de Nuestra Senora del Carmen de Salteras
foro-2019-josemariumb,Madruga,MACARENA,Paso de Palio,1986,Banda de Musica de Nuestra Senora del Carmen de Salteras,1980-2019: Banda de Musica de Nuestra Senora del Carmen de Salteras
foro-2019-josemariumb,Madruga,MACARENA,Paso de Palio,1987,Banda de Musica de Nuestra Senora del Carmen de Salteras,1980-2019: Banda de Musica de Nuestra Senora del Carmen de Salteras
foro-2019-josemariumb,Madruga,MACARENA,Paso de Palio,1988,Banda de Musica de Nuestra Senora del Carmen de Salteras,1980-2019: Banda de Musica de Nuestra Senora del Carmen de Salteras
foro-2019-josemariumb,Madruga,MACARENA,Paso de Palio,1989,Banda de Musica de Nuestra Senora del Carmen de Salteras,1980-2019: Banda de Musica de Nuestra Senora del Carmen de Salteras
foro-2019-josemariumb,Madruga,MACARENA,Paso de Palio,1990,Banda de Musica de Nuestra Senora del Carmen de Salteras,1980-2019: Banda de Musica de Nuestra Senora del Carmen de Salteras
foro-2019-josemariumb,Madruga,MACARENA,Paso de Palio,1991,Banda de Musica de Nuestra Senora del Carmen de Salteras,1980-2019: Banda de Musica de Nuestra Senora del Carmen de Salteras
foro-2019-josemariumb,Madruga,MACARENA,Paso de Palio,1992,Banda de Musica de Nuestra Senora del Carmen de Salteras,1980-2019: Banda de Musica de Nuestra Senora del Carmen de Salteras
foro-2019-josemariumb,Madruga,MACARENA,Paso de Palio,1993,Banda de Musica de Nuestra Senora del Carmen de Salteras,1980-2019: Banda de Musica de Nuestra Senora del Carmen de Salteras
foro-2019-josemariumb,Madruga,MACARENA,Paso de Palio,1994,Banda de Musica de Nuestra Senora del Carmen de Salteras,1980-2019: Banda de Musica de Nuestra Senora del Carmen de Salteras
foro-2019-josemariumb,Madruga,MACARENA,Paso de Palio,1995,Banda de Musica de Nuestra Senora del Carmen de Salteras,1980-2019: Banda de Musica de Nuestra Senora del Carmen de Salteras
foro-2019-josemariumb,Madruga,MACARENA,Paso de Palio,1996,Banda de Musica de Nuestra Senora del Carmen de Salteras,1980-2019: Banda de Musica de Nuestra Senora del Carmen de Salteras
foro-2019-josemariumb,Madruga,MACARENA,Paso de Palio,1997,Banda de Musica de Nuestra Senora del Carmen de Salteras,1980-2019: Banda de Musica de Nuestra Senora del Carmen de Salteras
foro-2019-josemariumb,Madruga,MACARENA,Paso de Palio,1998,Banda de Musica de Nuestra Senora del Carmen de Salteras,1980-2019: Banda de Musica de Nuestra Senora del Carmen de Salteras
foro-2019-josemariumb,Madruga,MACARENA,Paso de Palio,1999,Banda de Musica de Nuestra Senora del Carmen de Salteras,1980-2019: Banda de Musica de Nuestra Senora del Carmen de Salteras
foro-2019-josemariumb,Madruga,MACARENA,Paso de Palio,2000,Banda de Musica de Nuestra Senora del Carmen de Salteras,1980-2019: Banda de Musica de Nuestra Senora del Carmen de Salteras
foro-2019-josemariumb,Madruga,MACARENA,Paso de Palio,2001,Banda de Musica de Nuestra Senora del Carmen de Salteras,1980-2019: Banda de Musica de Nuestra Senora del Carmen de Salteras
foro-2019-josemariumb,Madruga,MACARENA,Paso de Palio,2002,Banda de Musica de Nuestra Senora del Carmen de Salteras,1980-2019: Banda de Musica de Nuestra Senora del Carmen de Salteras
foro-2019-josemariumb,Madruga,MACARENA,Paso de Palio,2003,Banda de Musica de Nuestra Senora del Carmen de Salteras,1980-2019: Banda de Musica de Nuestra Senora del Carmen de Salteras
foro-2019-josemariumb,Madruga,MACARENA,Paso de Palio,2004,Banda de Musica de Nuestra Senora del Carmen de Salteras,1980-2019: Banda de Musica de Nuestra Senora del Carmen de Salteras
foro-2019-josemariumb,Madruga,MACARENA,Paso de Palio,2005,Banda de Musica de Nuestra Senora del Carmen de Salteras,1980-2019: Banda de Musica de Nuestra Senora del Carmen de Salteras
foro-2019-josemariumb,Madruga,MACARENA,Paso de Palio,2006,Banda de Musica de Nuestra Senora del Carmen de Salteras,1980-2019: Banda de Musica de Nuestra Senora del Carmen de Salteras
foro-2019-josemariumb,Madruga,MACARENA,Paso de Palio,2007,Banda de Musica de Nuestra Senora del Carmen de Salteras,1980-2019: Banda de Musica de Nuestra Senora del Carmen de Salteras
foro-2019-josemariumb,Madruga,MACARENA,Paso de Palio,2008,Banda de Musica de Nuestra Senora del Carmen de Salteras,1980-2019: Banda de Musica de Nuestra Senora del Carmen de Salteras
foro-2019-josemariumb,Madruga,MACARENA,Paso de Palio,2009,Banda de Musica de Nuestra Senora del Carmen de Salteras,1980-2019: Banda de Musica de Nuestra Senora del Carmen de Salteras
foro-2019-josemariumb,Madruga,MACARENA,Paso de Palio,2010,Banda de Musica de Nuestra Senora del Carmen de Salteras,1980-2019: Banda de Musica de Nuestra Senora del Carmen de Salteras
foro-2019-josemariumb,Madruga,MACARENA,Paso de Palio,2011,Banda de Musica de Nuestra Senora del Carmen de Salteras,1980-2019: Banda de Musica de Nuestra Senora del Carmen de Salteras
foro-2019-josemariumb,Madruga,MACARENA,Paso de Palio,2012,Banda de Musica de Nuestra Senora del Carmen de Salteras,1980-2019: Banda de Musica de Nuestra Senora del Carmen de Salteras
foro-2019-josemariumb,Madruga,MACARENA,Paso de Palio,2013,Banda de Musica de Nuestra Senora del Carmen de Salteras,1980-2019: Banda de Musica de Nuestra Senora del Carmen de Salteras
foro-2019-josemariumb,Madruga,MACARENA,Paso de Palio,2014,Banda de Musica de Nuestra Senora del Carmen de Salteras,1980-2019: Banda de Musica de Nuestra Senora del Carmen de Salteras
foro-2019-josemariumb,Madruga,MACARENA,Paso de Palio,2015,Banda de Musica de Nuestra Senora del Carmen de Salteras,1980-2019: Banda de Musica de Nuestra Senora del Carmen de Salteras
foro-2019-josemariumb,Madruga,MACARENA,Paso de Palio,2016,Banda de Musica de Nuestra Senora del Carmen de Salteras,1980-2019: Banda de Musica de Nuestra Senora del Carmen de Salteras
foro-2019-josemariumb,Madruga,MACARENA,Paso de Palio,2017,Banda de Musica de Nuestra Senora del Carmen de Salteras,1980-2019: Banda de Musica de Nuestra Senora del Carmen de Salteras
foro-2019-josemariumb,Madruga,MACARENA,Paso de Palio,2018,Banda de Musica de Nuestra Senora del Carmen de Salteras,1980-2019: Banda de Musica de Nuestra Senora del Carmen de Salteras
foro-2019-josemariumb,Madruga,MACARENA,Paso de Palio,2019,Banda de Musica de Nuestra Senora del Carmen de Salteras,1980-2019: Banda de Musica de Nuestra Senora del Carmen de Salteras
foro-2019-josemariumb,Madruga,ESPERANZA DE TRIANA,Paso de Misterio,1980,AM Santa Agueda de Villalba del Alcor,1980: AM Santa Agueda de Villalba del Alcor
foro-2019-josemariumb,Madruga,ESPERANZA DE TRIANA,Paso de Misterio,1981,CCTT Tres Caidas,1981-2019: CCTT Tres Caidas
foro-2019-josemariumb,Madruga,ESPERANZA DE TRIANA,Paso de Misterio,1982,CCTT Tres Caidas,1981-2019: CCTT Tres Caidas
foro-2019-josemariumb,Madruga,ESPERANZA DE TRIANA,Paso de Misterio,1983,CCTT Tres Caidas,1981-2019: CCTT Tres Caidas
foro-2019-josemariumb,Madruga,ESPERANZA DE TRIANA,Paso de Misterio,1984,CCTT Tres Caidas,1981-2019: CCTT Tres Caidas
foro-2019-josemariumb,Madruga,ESPERANZA DE TRIANA,Paso de Misterio,1985,CCTT Tres Caidas,1981-2019: CCTT Tres Caidas
foro-2019-josemariumb,Madruga,ESPERANZA DE TRIANA,Paso de Misterio,1986,CCTT Tres Caidas,1981-2019: CCTT Tres Caidas
foro-2019-josemariumb,Madruga,ESPERANZA DE TRIANA,Paso de Misterio,1987,CCTT Tres Caidas,1981-2019: CCTT Tres Caidas
foro-2019-josemariumb,Madruga,ESPERANZA DE TRIANA,Paso de Misterio,1988,CCTT Tres Caidas,1981-2019: CCTT Tres Caidas
foro-2019-josemariumb,Madruga,ESPERANZA DE TRIANA,Paso de Misterio,1989,CCTT Tres Caidas,1981-2019: CCTT Tres Caidas
foro-2019-josemariumb,Madruga,ESPERANZA DE TRIANA,Paso de Misterio,1990,CCTT Tres Caidas,1981-2019: CCTT Tres Caidas
foro-2019-josemariumb,Madruga,ESPERANZA DE TRIANA,Paso de Misterio,1991,CCTT Tres Caidas,1981-2019: CCTT Tres Caidas
foro-2019-josemariumb,Madruga,ESPERANZA DE TRIANA,Paso de Misterio,1992,CCTT Tres Caidas,1981-2019: CCTT Tres Caidas
foro-2019-josemariumb,Madruga,ESPERANZA DE TRIANA,Paso de Misterio,1993,CCTT Tres Caidas,1981-2019: CCTT Tres Caidas
foro-2019-josemariumb,Madruga,ESPERANZA DE TRIANA,Paso de Misterio,1994,CCTT Tres Caidas,1981-2019: CCTT Tres Caidas
foro-2019-josemariumb,Madruga,ESPERANZA DE TRIANA,Paso de Misterio,1995,CCTT Tres Caidas,1981-2019: CCTT Tres Caidas
foro-2019-josemariumb,Madruga,ESPERANZA DE TRIANA,Paso de Misterio,1996,CCTT Tres Caidas,1981-2019: CCTT Tres Caidas
foro-2019-josemariumb,Madruga,ESPERANZA DE TRIANA,Paso de Misterio,1997,CCTT Tres Caidas,1981-2019: CCTT Tres Caidas
foro-2019-josemariumb,Madruga,ESPERANZA DE TRIANA,Paso de Misterio,1998,CCTT Tres Caidas,1981-2019: CCTT Tres Caidas
foro-2019-josemariumb,Madruga,ESPERANZA DE TRIANA,Paso de Misterio,1999,CCTT Tres Caidas,1981-2019: CCTT Tres Caidas
foro-2019-josemariumb,Madruga,ESPERANZA DE TRIANA,Paso de Misterio,2000,CCTT Tres Caidas,1981-2019: CCTT Tres Caidas
foro-2019-josemariumb,Madruga,ESPERANZA DE TRIANA,Paso de Misterio,2001,CCTT Tres Caidas,1981-2019: CCTT Tres Caidas
foro-2019-josemariumb,Madruga,ESPERANZA DE TRIANA,Paso de Misterio,2002,CCTT Tres Caidas,1981-2019: CCTT Tres Caidas
foro-2019-josemariumb,Madruga,ESPERANZA DE TRIANA,Paso de Misterio,2003,CCTT Tres Caidas,1981-2019: CCTT Tres Caidas
foro-2019-josemariumb,Madruga,ESPERANZA DE TRIANA,Paso de Misterio,2004,CCTT Tres Caidas,1981-2019: CCTT Tres Caidas
foro-2019-josemariumb,Madruga,ESPERANZA DE TRIANA,Paso de Misterio,2005,CCTT Tres Caidas,1981-2019: CCTT Tres Caidas
foro-2019-josemariumb,Madruga,ESPERANZA DE TRIANA,Paso de Misterio,2006,CCTT Tres Caidas,1981-2019: CCTT Tres Caidas
foro-2019-josemariumb,Madruga,ESPERANZA DE TRIANA,Paso de Misterio,2007,CCTT Tres Caidas,1981-2019: CCTT Tres Caidas
foro-2019-josemariumb,Madruga,ESPERANZA DE TRIANA,Paso de Misterio,2008,CCTT Tres Caidas,1981-2019: CCTT Tres Caidas
foro-2019-josemariumb,Madruga,ESPERANZA DE TRIANA,Paso de Misterio,2009,CCTT Tres Caidas,1981-2019: CCTT Tres Caidas
foro-2019-josemariumb,Madruga,ESPERANZA DE TRIANA,Paso de Misterio,2010,CCTT Tres Caidas,1981-2019: CCTT Tres Caidas
foro-2019-josemariumb,Madruga,ESPERANZA DE TRIANA,Paso de Misterio,2011,CCTT Tres Caidas,1981-2019: CCTT Tres Caidas
foro-2019-josemariumb,Madruga,ESPERANZA DE TRIANA,Paso de Misterio,2012,CCTT Tres Caidas,1981-2019: CCTT Tres Caidas
foro-2019-josemariumb,Madruga,ESPERANZA DE TRIANA,Paso de Misterio,2013,CCTT Tres Caidas,1981-2019: CCTT Tres Caidas
foro-2019-josemariumb,Madruga,ESPERANZA DE TRIANA,Paso de Misterio,2014,CCTT Tres Caidas,1981-2019: CCTT Tres Caidas
foro-2019-josemariumb,Madruga,ESPERANZA DE TRIANA,Paso de Misterio,2015,CCTT Tres Caidas,1981-2019: CCTT Tres Caidas
foro-2019-josemariumb,Madruga,ESPERANZA DE TRIANA,Paso de Misterio,2016,CCTT Tres Caidas,1981-2019: CCTT Tres Caidas
foro-2019-josemariumb,Madruga,ESPERANZA DE TRIANA,Paso de Misterio,2017,CCTT Tres Caidas,1981-2019: CCTT Tres Caidas
foro-2019-josemariumb,Madruga,ESPERANZA DE TRIANA,Paso de Misterio,2018,CCTT Tres Caidas,1981-2019: CCTT Tres Caidas
foro-2019-josemariumb,Madruga,ESPERANZA DE TRIANA,Paso de Misterio,2019,CCTT Tres Caidas,1981-2019: CCTT Tres Caidas
foro-2019-josemariumb,Madruga,ESPERANZA DE TRIANA,Paso de Palio,1980,BM de la Esperanza de Triana,1980-1992: BM de la Esperanza de Triana
foro-2019-josemariumb,Madruga,ESPERANZA DE TRIANA,Paso de Palio,1981,BM de la Esperanza de Triana,1980-1992: BM de la Esperanza de Triana
foro-2019-josemariumb,Madruga,ESPERANZA DE TRIANA,Paso de Palio,1982,BM de la Esperanza de Triana,1980-1992: BM de la Esperanza de Triana
foro-2019-josemariumb,Madruga,ESPERANZA DE TRIANA,Paso de Palio,1983,BM de la Esperanza de Triana,1980-1992: BM de la Esperanza de Triana
foro-2019-josemariumb,Madruga,ESPERANZA DE TRIANA,Paso de Palio,1984,BM de la Esperanza de Triana,1980-1992: BM de la Esperanza de Triana
foro-2019-josemariumb,Madruga,ESPERANZA DE TRIANA,Paso de Palio,1985,BM de la Esperanza de Triana,1980-1992: BM de la Esperanza de Triana
foro-2019-josemariumb,Madruga,ESPERANZA DE TRIANA,Paso de Palio,1986,BM de la Esperanza de Triana,1980-1992: BM de la Esperanza de Triana
foro-2019-josemariumb,Madruga,ESPERANZA DE TRIANA,Paso de Palio,1987,BM de la Esperanza de Triana,1980-1992: BM de la Esperanza de Triana
foro-2019-josemariumb,Madruga,ESPERANZA DE TRIANA,Paso de Palio,1988,BM de la Esperanza de Triana,1980-1992: BM de la Esperanza de Triana
foro-2019-josemariumb,Madruga,ESPERANZA DE TRIANA,Paso de Palio,1989,BM de la Esperanza de Triana,1980-1992: BM de la Esperanza de Triana
foro-2019-josemariumb,Madruga,ESPERANZA DE TRIANA,Paso de Palio,1990,BM de la Esperanza de Triana,1980-1992: BM de la Esperanza de Triana
foro-2019-josemariumb,Madruga,ESPERANZA DE TRIANA,Paso de Palio,1991,BM de la Esperanza de Triana,1980-1992: BM de la Esperanza de Triana
foro-2019-josemariumb,Madruga,ESPERANZA DE TRIANA,Paso de Palio,1992,BM de la Esperanza de Triana,1980-1992: BM de la Esperanza de Triana
foro-2019-josemariumb,Madruga,ESPERANZA DE TRIANA,Paso de Palio,1993,BM Asociacion de Camas,1993-1997: BM Asociacion de Camas
foro-2019-josemariumb,Madruga,ESPERANZA DE TRIANA,Paso de Palio,1994,BM Asociacion de Camas,1993-1997: BM Asociacion de Camas
foro-2019-josemariumb,Madruga,ESPERANZA DE TRIANA,Paso de Palio,1995,BM Asociacion de Camas,1993-1997: BM Asociacion de Camas
foro-2019-josemariumb,Madruga,ESPERANZA DE TRIANA,Paso de Palio,1996,BM Asociacion de Camas,1993-1997: BM Asociacion de Camas
foro-2019-josemariumb,Madruga,ESPERANZA DE TRIANA,Paso de Palio,1997,BM Asociacion de Camas,1993-1997: BM Asociacion de Camas
foro-2019-josemariumb,Madruga,ESPERANZA DE TRIANA,Paso de Palio,1998,BM de la Esperanza de Triana,1998-2003: BM de la Esperanza de Triana
foro-2019-josemariumb,Madruga,ESPERANZA DE TRIANA,Paso de Palio,1999,BM de la Esperanza de Triana,1998-2003: BM de la Esperanza de Triana
foro-2019-josemariumb,Madruga,ESPERANZA DE TRIANA,Paso de Palio,2000,BM de la Esperanza de Triana,1998-2003: BM de la Esperanza de Triana
foro-2019-josemariumb,Madruga,ESPERANZA DE TRIANA,Paso de Palio,2001,BM de la Esperanza de Triana,1998-2003: BM de la Esperanza de Triana
foro-2019-josemariumb,Madruga,ESPERANZA DE TRIANA,Paso de Palio,2002,BM de la Esperanza de Triana,1998-2003: BM de la Esperanza de Triana
foro-2019-josemariumb,Madruga,ESPERANZA DE TRIANA,Paso de Palio,2003,BM de la Esperanza de Triana,1998-2003: BM de la Esperanza de Triana
foro-2019-josemariumb,Madruga,ESPERANZA DE TRIANA,Paso de Palio,2004,BM Santa Ana de Dos Hermanas,2004-2018: BM Santa Ana de Dos Hermanas
foro-2019-josemariumb,Madruga,ESPERANZA DE TRIANA,Paso de Palio,2005,BM Santa Ana de Dos Hermanas,2004-2018: BM Santa Ana de Dos Hermanas
foro-2019-josemariumb,Madruga,ESPERANZA DE TRIANA,Paso de Palio,2006,BM Santa Ana de Dos Hermanas,2004-2018: BM Santa Ana de Dos Hermanas
foro-2019-josemariumb,Madruga,ESPERANZA DE TRIANA,Paso de Palio,2007,BM Santa Ana de Dos Hermanas,2004-2018: BM Santa Ana de Dos Hermanas
foro-2019-josemariumb,Madruga,ESPERANZA DE TRIANA,Paso de Palio,2008,BM Santa Ana de Dos Hermanas,2004-2018: BM Santa Ana de Dos Hermanas
foro-2019-josemariumb,Madruga,ESPERANZA DE TRIANA,Paso de Palio,2009,BM Santa Ana de Dos Hermanas,2004-2018: BM Santa Ana de Dos Hermanas
foro-2019-josemariumb,Madruga,ESPERANZA DE TRIANA,Paso de Palio,2010,BM Santa Ana de Dos Hermanas,2004-2018: BM Santa Ana de Dos Hermanas
foro-2019-josemariumb,Madruga,ESPERANZA DE TRIANA,Paso de Palio,2011,BM Santa Ana de Dos Hermanas,2004-2018: BM Santa Ana de Dos Hermanas
foro-2019-josemariumb,Madruga,ESPERANZA DE TRIANA,Paso de Palio,2012,BM Santa Ana de Dos Hermanas,2004-2018: BM Santa Ana de Dos Hermanas
foro-2019-josemariumb,Madruga,ESPERANZA DE TRIANA,Paso de Palio,2013,BM Santa Ana de Dos Hermanas,2004-2018: BM Santa Ana de Dos Hermanas
foro-2019-josemariumb,Madruga,ESPERANZA DE TRIANA,Paso de Palio,2014,BM Santa Ana de Dos Hermanas,2004-2018: BM Santa Ana de Dos Hermanas
foro-2019-josemariumb,Madruga,ESPERANZA DE TRIANA,Paso de Palio,2015,BM Santa Ana de Dos Hermanas,2004-2018: BM Santa Ana de Dos Hermanas
foro-2019-josemariumb,Madruga,ESPERANZA DE TRIANA,Paso de Palio,2016,BM Santa Ana de Dos Hermanas,2004-2018: BM Santa Ana de Dos Hermanas
foro-2019-josemariumb,Madruga,ESPERANZA DE TRIANA,Paso de Palio,2017,BM Santa Ana de Dos Hermanas,2004-2018: BM Santa Ana de Dos Hermanas
foro-2019-josemariumb,Madruga,ESPERANZA DE TRIANA,Paso de Palio,2018,BM Santa Ana de Dos Hermanas,2004-2018: BM Santa Ana de Dos Hermanas
foro-2019-josemariumb,Madruga,ESPERANZA DE TRIANA,Paso de Palio,2019,BM Las Cigarreras,2019: BM Las Cigarreras
foro-2019-josemariumb,Madruga,LOS GITANOS,Paso del Senor,1980,AM Virgen de las Angustias,1980-1986: AM Virgen de las Angustias
foro-2019-josemariumb,Madruga,LOS GITANOS,Paso del Senor,1981,AM Virgen de las Angustias,1980-1986: AM Virgen de las Angustias
foro-2019-josemariumb,Madruga,LOS GITANOS,Paso del Senor,1982,AM Virgen de las Angustias,1980-1986: AM Virgen de las Angustias
foro-2019-josemariumb,Madruga,LOS GITANOS,Paso del Senor,1983,AM Virgen de las Angustias,1980-1986: AM Virgen de las Angustias
foro-2019-josemariumb,Madruga,LOS GITANOS,Paso del Senor,1984,AM Virgen de las Angustias,1980-1986: AM Virgen de las Angustias
foro-2019-josemariumb,Madruga,LOS GITANOS,Paso del Senor,1985,AM Virgen de las Angustias,1980-1986: AM Virgen de las Angustias
foro-2019-josemariumb,Madruga,LOS GITANOS,Paso del Senor,1986,AM Virgen de las Angustias,1980-1986: AM Virgen de las Angustias
foro-2019-josemariumb,Madruga,LOS GITANOS,Paso del Senor,1987,AM Jesus Despojado,1987-1991: AM Jesus Despojado
foro-2019-josemariumb,Madruga,LOS GITANOS,Paso del Senor,1988,AM Jesus Despojado,1987-1991: AM Jesus Despojado
foro-2019-josemariumb,Madruga,LOS GITANOS,Paso del Senor,1989,AM Jesus Despojado,1987-1991: AM Jesus Despojado
foro-2019-josemariumb,Madruga,LOS GITANOS,Paso del Senor,1990,AM Jesus Despojado,1987-1991: AM Jesus Despojado
foro-2019-josemariumb,Madruga,LOS GITANOS,Paso del Senor,1991,AM Jesus Despojado,1987-1991: AM Jesus Despojado
foro-2019-josemariumb,Madruga,LOS GITANOS,Paso del Senor,1992,AM Virgen de los Reyes,1992-1998: AM Virgen de los Reyes
foro-2019-josemariumb,Madruga,LOS GITANOS,Paso del Senor,1993,AM Virgen de los Reyes,1992-1998: AM Virgen de los Reyes
foro-2019-josemariumb,Madruga,LOS GITANOS,Paso del Senor,1994,AM Virgen de los Reyes,1992-1998: AM Virgen de los Reyes
foro-2019-josemariumb,Madruga,LOS GITANOS,Paso del Senor,1995,AM Virgen de los Reyes,1992-1998: AM Virgen de los Reyes
foro-2019-josemariumb,Madruga,LOS GITANOS,Paso del Senor,1996,AM Virgen de los Reyes,1992-1998: AM Virgen de los Reyes
foro-2019-josemariumb,Madruga,LOS GITANOS,Paso del Senor,1997,AM Virgen de los Reyes,1992-1998: AM Virgen de los Reyes
foro-2019-josemariumb,Madruga,LOS GITANOS,Paso del Senor,1998,AM Virgen de los Reyes,1992-1998: AM Virgen de los Reyes
foro-2019-josemariumb,Madruga,LOS GITANOS,Paso del Senor,1999,AM Ntro. Padre Jesus de la Salud,1999-2005: AM Ntro. Padre Jesus de la Salud
foro-2019-josemariumb,Madruga,LOS GITANOS,Paso del Senor,2000,AM Ntro. Padre Jesus de la Salud,1999-2005: AM Ntro. Padre Jesus de la Salud
foro-2019-josemariumb,Madruga,LOS GITANOS,Paso del Senor,2001,AM Ntro. Padre Jesus de la Salud,1999-2005: AM Ntro. Padre Jesus de la Salud
foro-2019-josemariumb,Madruga,LOS GITANOS,Paso del Senor,2002,AM Ntro. Padre Jesus de la Salud,1999-2005: AM Ntro. Padre Jesus de la Salud
foro-2019-josemariumb,Madruga,LOS GITANOS,Paso del Senor,2003,AM Ntro. Padre Jesus de la Salud,1999-2005: AM Ntro. Padre Jesus de la Salud
foro-2019-josemariumb,Madruga,LOS GITANOS,Paso del Senor,2004,AM Ntro. Padre Jesus de la Salud,1999-2005: AM Ntro. Padre Jesus de la Salud
foro-2019-josemariumb,Madruga,LOS GITANOS,Paso del Senor,2005,AM Ntro. Padre Jesus de la Salud,1999-2005: AM Ntro. Padre Jesus de la Salud
foro-2019-josemariumb,Madruga,LOS GITANOS,Paso del Senor,2006,AM Virgen de los Reyes hasta la Catedral y AM Ntro. Padre Jesus de la Salud hasta la entrada,2006: AM Virgen de los Reyes hasta la Catedral y AM Ntro. Padre Jesus de la Salud hasta la entrada
foro-2019-josemariumb,Madruga,LOS GITANOS,Paso del Senor,2007,AM Virgen de los Reyes,2007-2010: AM Virgen de los Reyes
foro-2019-josemariumb,Madruga,LOS GITANOS,Paso del Senor,2008,AM Virgen de los Reyes,2007-2010: AM Virgen de los Reyes
foro-2019-josemariumb,Madruga,LOS GITANOS,Paso del Senor,2009,AM Virgen de los Reyes,2007-2010: AM Virgen de los Reyes
foro-2019-josemariumb,Madruga,LOS GITANOS,Paso del Senor,2010,AM Virgen de los Reyes,2007-2010: AM Virgen de los Reyes
foro-2019-josemariumb,Madruga,LOS GITANOS,Paso del Senor,2011,AM Ntro. Padre Jesus de la Salud,2011-2019: AM Ntro. Padre Jesus de la Salud
foro-2019-josemariumb,Madruga,LOS GITANOS,Paso del Senor,2012,AM Ntro. Padre Jesus de la Salud,2011-2019: AM Ntro. Padre Jesus de la Salud
foro-2019-josemariumb,Madruga,LOS GITANOS,Paso del Senor,2013,AM Ntro. Padre Jesus de la Salud,2011-2019: AM Ntro. Padre Jesus de la Salud
foro-2019-josemariumb,Madruga,LOS GITANOS,Paso del Senor,2014,AM Ntro. Padre Jesus de la Salud,2011-2019: AM Ntro. Padre Jesus de la Salud
foro-2019-josemariumb,Madruga,LOS GITANOS,Paso del Senor,2015,AM Ntro. Padre Jesus de la Salud,2011-2019: AM Ntro. Padre Jesus de la Salud
foro-2019-josemariumb,Madruga,LOS GITANOS,Paso del Senor,2016,AM Ntro. Padre Jesus de la Salud,2011-2019: AM Ntro. Padre Jesus de la Salud
foro-2019-josemariumb,Madruga,LOS GITANOS,Paso del Senor,2017,AM Ntro. Padre Jesus de la Salud,2011-2019: AM Ntro. Padre Jesus de la Salud
foro-2019-josemariumb,Madruga,LOS GITANOS,Paso del Senor,2018,AM Ntro. Padre Jesus de la Salud,2011-2019: AM Ntro. Padre Jesus de la Salud
foro-2019-josemariumb,Madruga,LOS GITANOS,Paso del Senor,2019,AM Ntro. Padre Jesus de la Salud,2011-2019: AM Ntro. Padre Jesus de la Salud
foro-2019-josemariumb,Madruga,LOS GITANOS,Paso de la Virgen,1980,BM Cruz Roja,1980-2007: BM Cruz Roja
foro-2019-josemariumb,Madruga,LOS GITANOS,Paso de la Virgen,1981,BM Cruz Roja,1980-2007: BM Cruz Roja
foro-2019-josemariumb,Madruga,LOS GITANOS,Paso de la Virgen,1982,BM Cruz Roja,1980-2007: BM Cruz Roja
foro-2019-josemariumb,Madruga,LOS GITANOS,Paso de la Virgen,1983,BM Cruz Roja,1980-2007: BM Cruz Roja
foro-2019-josemariumb,Madruga,LOS GITANOS,Paso de la Virgen,1984,BM Cruz Roja,1980-2007: BM Cruz Roja
foro-2019-josemariumb,Madruga,LOS GITANOS,Paso de la Virgen,1985,BM Cruz Roja,1980-2007: BM Cruz Roja
foro-2019-josemariumb,Madruga,LOS GITANOS,Paso de la Virgen,1986,BM Cruz Roja,1980-2007: BM Cruz Roja
foro-2019-josemariumb,Madruga,LOS GITANOS,Paso de la Virgen,1987,BM Cruz Roja,1980-2007: BM Cruz Roja
foro-2019-josemariumb,Madruga,LOS GITANOS,Paso de la Virgen,1988,BM Cruz Roja,1980-2007: BM Cruz Roja
foro-2019-josemariumb,Madruga,LOS GITANOS,Paso de la Virgen,1989,BM Cruz Roja,1980-2007: BM Cruz Roja
foro-2019-josemariumb,Madruga,LOS GITANOS,Paso de la Virgen,1990,BM Cruz Roja,1980-2007: BM Cruz Roja
foro-2019-josemariumb,Madruga,LOS GITANOS,Paso de la Virgen,1991,BM Cruz Roja,1980-2007: BM Cruz Roja
foro-2019-josemariumb,Madruga,LOS GITANOS,Paso de la Virgen,1992,BM Cruz Roja,1980-2007: BM Cruz Roja
foro-2019-josemariumb,Madruga,LOS GITANOS,Paso de la Virgen,1993,BM Cruz Roja,1980-2007: BM Cruz Roja
foro-2019-josemariumb,Madruga,LOS GITANOS,Paso de la Virgen,1994,BM Cruz Roja,1980-2007: BM Cruz Roja
foro-2019-josemariumb,Madruga,LOS GITANOS,Paso de la Virgen,1995,BM Cruz Roja,1980-2007: BM Cruz Roja
foro-2019-josemariumb,Madruga,LOS GITANOS,Paso de la Virgen,1996,BM Cruz Roja,1980-2007: BM Cruz Roja
foro-2019-josemariumb,Madruga,LOS GITANOS,Paso de la Virgen,1997,BM Cruz Roja,1980-2007: BM Cruz Roja
foro-2019-josemariumb,Madruga,LOS GITANOS,Paso de la Virgen,1998,BM Cruz Roja,1980-2007: BM Cruz Roja
foro-2019-josemariumb,Madruga,LOS GITANOS,Paso de la Virgen,1999,BM Cruz Roja,1980-2007: BM Cruz Roja
foro-2019-josemariumb,Madruga,LOS GITANOS,Paso de la Virgen,2000,BM Cruz Roja,1980-2007: BM Cruz Roja
foro-2019-josemariumb,Madruga,LOS GITANOS,Paso de la Virgen,2001,BM Cruz Roja,1980-2007: BM Cruz Roja
foro-2019-josemariumb,Madruga,LOS GITANOS,Paso de la Virgen,2002,BM Cruz Roja,1980-2007: BM Cruz Roja
foro-2019-josemariumb,Madruga,LOS GITANOS,Paso de la Virgen,2003,BM Cruz Roja,1980-2007: BM Cruz Roja
foro-2019-josemariumb,Madruga,LOS GITANOS,Paso de la Virgen,2004,BM Cruz Roja,1980-2007: BM Cruz Roja
foro-2019-josemariumb,Madruga,LOS GITANOS,Paso de la Virgen,2005,BM Cruz Roja,1980-2007: BM Cruz Roja
foro-2019-josemariumb,Madruga,LOS GITANOS,Paso de la Virgen,2006,BM Cruz Roja,1980-2007: BM Cruz Roja
foro-2019-josemariumb,Madruga,LOS GITANOS,Paso de la Virgen,2007,BM Cruz Roja,1980-2007: BM Cruz Roja
foro-2019-josemariumb,Madruga,LOS GITANOS,Paso de la Virgen,2008,BM Nuestra Senora de las Nieves de Olivares,2008-2019: BM Nuestra Senora de las Nieves de Olivares
foro-2019-josemariumb,Madruga,LOS GITANOS,Paso de la Virgen,2009,BM Nuestra Senora de las Nieves de Olivares,2008-2019: BM Nuestra Senora de las Nieves de Olivares
foro-2019-josemariumb,Madruga,LOS GITANOS,Paso de la Virgen,2010,BM Nuestra Senora de las Nieves de Olivares,2008-2019: BM Nuestra Senora de las Nieves de Olivares
foro-2019-josemariumb,Madruga,LOS GITANOS,Paso de la Virgen,2011,BM Nuestra Senora de las Nieves de Olivares,2008-2019: BM Nuestra Senora de las Nieves de Olivares
foro-2019-josemariumb,Madruga,LOS GITANOS,Paso de la Virgen,2012,BM Nuestra Senora de las Nieves de Olivares,2008-2019: BM Nuestra Senora de las Nieves de Olivares
foro-2019-josemariumb,Madruga,LOS GITANOS,Paso de la Virgen,2013,BM Nuestra Senora de las Nieves de Olivares,2008-2019: BM Nuestra Senora de las Nieves de Olivares
foro-2019-josemariumb,Madruga,LOS GITANOS,Paso de la Virgen,2014,BM Nuestra Senora de las Nieves de Olivares,2008-2019: BM Nuestra Senora de las Nieves de Olivares
foro-2019-josemariumb,Madruga,LOS GITANOS,Paso de la Virgen,2015,BM Nuestra Senora de las Nieves de Olivares,2008-2019: BM Nuestra Senora de las Nieves de Olivares
foro-2019-josemariumb,Madruga,LOS GITANOS,Paso de la Virgen,2016,BM Nuestra Senora de las Nieves de Olivares,2008-2019: BM Nuestra Senora de las Nieves de Olivares
foro-2019-josemariumb,Madruga,LOS GITANOS,Paso de la Virgen,2017,BM Nuestra Senora de las Nieves de Olivares,2008-2019: BM Nuestra Senora de las Nieves de Olivares
foro-2019-josemariumb,Madruga,LOS GITANOS,Paso de la Virgen,2018,BM Nuestra Senora de las Nieves de Olivares,2008-2019: BM Nuestra Senora de las Nieves de Olivares
foro-2019-josemariumb,Madruga,LOS GITANOS,Paso de la Virgen,2019,BM Nuestra Senora de las Nieves de Olivares,2008-2019: BM Nuestra Senora de las Nieves de Olivares
foro-2019-josemariumb,Viernes Santo,CARRETERIA,Paso de Misterio,1980,CCTT Policia Municipal,1980-1981: CCTT Policia Municipal
foro-2019-josemariumb,Viernes Santo,CARRETERIA,Paso de Misterio,1981,CCTT Policia Municipal,1980-1981: CCTT Policia Municipal
foro-2019-josemariumb,Viernes Santo,CARRETERIA,Paso de Misterio,1982,AM Sagrada Lanzada,1982-1985: AM Sagrada Lanzada
foro-2019-josemariumb,Viernes Santo,CARRETERIA,Paso de Misterio,1983,AM Sagrada Lanzada,1982-1985: AM Sagrada Lanzada
foro-2019-josemariumb,Viernes Santo,CARRETERIA,Paso de Misterio,1984,AM Sagrada Lanzada,1982-1985: AM Sagrada Lanzada
foro-2019-josemariumb,Viernes Santo,CARRETERIA,Paso de Misterio,1985,AM Sagrada Lanzada,1982-1985: AM Sagrada Lanzada
foro-2019-josemariumb,Viernes Santo,CARRETERIA,Paso de Misterio,1986,CCTT Las Cigarreras,1986-2019: CCTT Las Cigarreras
foro-2019-josemariumb,Viernes Santo,CARRETERIA,Paso de Misterio,1987,CCTT Las Cigarreras,1986-2019: CCTT Las Cigarreras
foro-2019-josemariumb,Viernes Santo,CARRETERIA,Paso de Misterio,1988,CCTT Las Cigarreras,1986-2019: CCTT Las Cigarreras
foro-2019-josemariumb,Viernes Santo,CARRETERIA,Paso de Misterio,1989,CCTT Las Cigarreras,1986-2019: CCTT Las Cigarreras
foro-2019-josemariumb,Viernes Santo,CARRETERIA,Paso de Misterio,1990,CCTT Las Cigarreras,1986-2019: CCTT Las Cigarreras
foro-2019-josemariumb,Viernes Santo,CARRETERIA,Paso de Misterio,1991,CCTT Las Cigarreras,1986-2019: CCTT Las Cigarreras
foro-2019-josemariumb,Viernes Santo,CARRETERIA,Paso de Misterio,1992,CCTT Las Cigarreras,1986-2019: CCTT Las Cigarreras
foro-2019-josemariumb,Viernes Santo,CARRETERIA,Paso de Misterio,1993,CCTT Las Cigarreras,1986-2019: CCTT Las Cigarreras
foro-2019-josemariumb,Viernes Santo,CARRETERIA,Paso de Misterio,1994,CCTT Las Cigarreras,1986-2019: CCTT Las Cigarreras
foro-2019-josemariumb,Viernes Santo,CARRETERIA,Paso de Misterio,1995,CCTT Las Cigarreras,1986-2019: CCTT Las Cigarreras
foro-2019-josemariumb,Viernes Santo,CARRETERIA,Paso de Misterio,1996,CCTT Las Cigarreras,1986-2019: CCTT Las Cigarreras
foro-2019-josemariumb,Viernes Santo,CARRETERIA,Paso de Misterio,1997,CCTT Las Cigarreras,1986-2019: CCTT Las Cigarreras
foro-2019-josemariumb,Viernes Santo,CARRETERIA,Paso de Misterio,1998,CCTT Las Cigarreras,1986-2019: CCTT Las Cigarreras
foro-2019-josemariumb,Viernes Santo,CARRETERIA,Paso de Misterio,1999,CCTT Las Cigarreras,1986-2019: CCTT Las Cigarreras
foro-2019-josemariumb,Viernes Santo,CARRETERIA,Paso de Misterio,2000,CCTT Las Cigarreras,1986-2019: CCTT Las Cigarreras
foro-2019-josemariumb,Viernes Santo,CARRETERIA,Paso de Misterio,2001,CCTT Las Cigarreras,1986-2019: CCTT Las Cigarreras
foro-2019-josemariumb,Viernes Santo,CARRETERIA,Paso de Misterio,2002,CCTT Las Cigarreras,1986-2019: CCTT Las Cigarreras
foro-2019-josemariumb,Viernes Santo,CARRETERIA,Paso de Misterio,2003,CCTT Las Cigarreras,1986-2019: CCTT Las Cigarreras
foro-2019-josemariumb,Viernes Santo,CARRETERIA,Paso de Misterio,2004,CCTT Las Cigarreras,1986-2019: CCTT Las Cigarreras
foro-2019-josemariumb,Viernes Santo,CARRETERIA,Paso de Misterio,2005,CCTT Las Cigarreras,1986-2019: CCTT Las Cigarreras
foro-2019-josemariumb,Viernes Santo,CARRETERIA,Paso de Misterio,2006,CCTT Las Cigarreras,1986-2019: CCTT Las Cigarreras
foro-2019-josemariumb,Viernes Santo,CARRETERIA,Paso de Misterio,2007,CCTT Las Cigarreras,1986-2019: CCTT Las Cigarreras
foro-2019-josemariumb,Viernes Santo,CARRETERIA,Paso de Misterio,2008,CCTT Las Cigarreras,1986-2019: CCTT Las Cigarreras
foro-2019-josemariumb,Viernes Santo,CARRETERIA,Paso de Misterio,2009,CCTT Las Cigarreras,1986-2019: CCTT Las Cigarreras
foro-2019-josemariumb,Viernes Santo,CARRETERIA,Paso de Misterio,2010,CCTT Las Cigarreras,1986-2019: CCTT Las Cigarreras
foro-2019-josemariumb,Viernes Santo,CARRETERIA,Paso de Misterio,2011,CCTT Las Cigarreras,1986-2019: CCTT Las Cigarreras
foro-2019-josemariumb,Viernes Santo,CARRETERIA,Paso de Misterio,2012,CCTT Las Cigarreras,1986-2019: CCTT Las Cigarreras
foro-2019-josemariumb,Viernes Santo,CARRETERIA,Paso de Misterio,2013,CCTT Las Cigarreras,1986-2019: CCTT Las Cigarreras
foro-2019-josemariumb,Viernes Santo,CARRETERIA,Paso de Misterio,2014,CCTT Las Cigarreras,1986-2019: CCTT Las Cigarreras
foro-2019-josemariumb,Viernes Santo,CARRETERIA,Paso de Misterio,2015,CCTT Las Cigarreras,1986-2019: CCTT Las Cigarreras
foro-2019-josemariumb,Viernes Santo,CARRETERIA,Paso de Misterio,2016,CCTT Las Cigarreras,1986-2019: CCTT Las Cigarreras
foro-2019-josemariumb,Viernes Santo,CARRETERIA,Paso de Misterio,2017,CCTT Las Cigarreras,1986-2019: CCTT Las Cigarreras
foro-2019-josemariumb,Viernes Santo,CARRETERIA,Paso de Misterio,2018,CCTT Las Cigarreras,1986-2019: CCTT Las Cigarreras
foro-2019-josemariumb,Viernes Santo,CARRETERIA,Paso de Misterio,2019,CCTT Las Cigarreras,1986-2019: CCTT Las Cigarreras
foro-2019-josemariumb,Viernes Santo,CARRETERIA,Paso de Palio,1980,BM Nuestra Senora de la Hiniesta (Cruz Roja),1977-1980: BM Nuestra Senora de la Hiniesta (Cruz Roja)
foro-2019-josemariumb,Viernes Santo,CARRETERIA,Paso de Palio,1981,BM Cruz Roja,1981-1995: BM Cruz Roja
foro-2019-josemariumb,Viernes Santo,CARRETERIA,Paso de Palio,1982,BM Cruz Roja,1981-1995: BM Cruz Roja
foro-2019-josemariumb,Viernes Santo,CARRETERIA,Paso de Palio,1983,BM Cruz Roja,1981-1995: BM Cruz Roja
foro-2019-josemariumb,Viernes Santo,CARRETERIA,Paso de Palio,1984,BM Cruz Roja,1981-1995: BM Cruz Roja
foro-2019-josemariumb,Viernes Santo,CARRETERIA,Paso de Palio,1985,BM Cruz Roja,1981-1995: BM Cruz Roja
foro-2019-josemariumb,Viernes Santo,CARRETERIA,Paso de Palio,1986,BM Cruz Roja,1981-1995: BM Cruz Roja
foro-2019-josemariumb,Viernes Santo,CARRETERIA,Paso de Palio,1987,BM Cruz Roja,1981-1995: BM Cruz Roja
foro-2019-josemariumb,Viernes Santo,CARRETERIA,Paso de Palio,1988,BM Cruz Roja,1981-1995: BM Cruz Roja
foro-2019-josemariumb,Viernes Santo,CARRETERIA,Paso de Palio,1989,BM Cruz Roja,1981-1995: BM Cruz Roja
foro-2019-josemariumb,Viernes Santo,CARRETERIA,Paso de Palio,1990,BM Cruz Roja,1981-1995: BM Cruz Roja
foro-2019-josemariumb,Viernes Santo,CARRETERIA,Paso de Palio,1991,BM Cruz Roja,1981-1995: BM Cruz Roja
foro-2019-josemariumb,Viernes Santo,CARRETERIA,Paso de Palio,1992,BM Cruz Roja,1981-1995: BM Cruz Roja
foro-2019-josemariumb,Viernes Santo,CARRETERIA,Paso de Palio,1993,BM Cruz Roja,1981-1995: BM Cruz Roja
foro-2019-josemariumb,Viernes Santo,CARRETERIA,Paso de Palio,1994,BM Cruz Roja,1981-1995: BM Cruz Roja
foro-2019-josemariumb,Viernes Santo,CARRETERIA,Paso de Palio,1995,BM Cruz Roja,1981-1995: BM Cruz Roja
foro-2019-josemariumb,Viernes Santo,CARRETERIA,Paso de Palio,1996,BM Nuestra Senora de la Victoria (Cigarreras),1996-2018: BM Nuestra Senora de la Victoria (Cigarreras)
foro-2019-josemariumb,Viernes Santo,CARRETERIA,Paso de Palio,1997,BM Nuestra Senora de la Victoria (Cigarreras),1996-2018: BM Nuestra Senora de la Victoria (Cigarreras)
foro-2019-josemariumb,Viernes Santo,CARRETERIA,Paso de Palio,1998,BM Nuestra Senora de la Victoria (Cigarreras),1996-2018: BM Nuestra Senora de la Victoria (Cigarreras)
foro-2019-josemariumb,Viernes Santo,CARRETERIA,Paso de Palio,1999,BM Nuestra Senora de la Victoria (Cigarreras),1996-2018: BM Nuestra Senora de la Victoria (Cigarreras)
foro-2019-josemariumb,Viernes Santo,CARRETERIA,Paso de Palio,2000,BM Nuestra Senora de la Victoria (Cigarreras),1996-2018: BM Nuestra Senora de la Victoria (Cigarreras)
foro-2019-josemariumb,Viernes Santo,CARRETERIA,Paso de Palio,2001,BM Nuestra Senora de la Victoria (Cigarreras),1996-2018: BM Nuestra Senora de la Victoria (Cigarreras)
foro-2019-josemariumb,Viernes Santo,CARRETERIA,Paso de Palio,2002,BM Nuestra Senora de la Victoria (Cigarreras),1996-2018: BM Nuestra Senora de la Victoria (Cigarreras)
foro-2019-josemariumb,Viernes Santo,CARRETERIA,Paso de Palio,2003,BM Nuestra Senora de la Victoria (Cigarreras),1996-2018: BM Nuestra Senora de la Victoria (Cigarreras)
foro-2019-josemariumb,Viernes Santo,CARRETERIA,Paso de Palio,2004,BM Nuestra Senora de la Victoria (Cigarreras),1996-2018: BM Nuestra Senora de la Victoria (Cigarreras)
foro-2019-josemariumb,Viernes Santo,CARRETERIA,Paso de Palio,2005,BM Nuestra Senora de la Victoria (Cigarreras),1996-2018: BM Nuestra Senora de la Victoria (Cigarreras)
foro-2019-josemariumb,Viernes Santo,CARRETERIA,Paso de Palio,2006,BM Nuestra Senora de la Victoria (Cigarreras),1996-2018: BM Nuestra Senora de la Victoria (Cigarreras)
foro-2019-josemariumb,Viernes Santo,CARRETERIA,Paso de Palio,2007,BM Nuestra Senora de la Victoria (Cigarreras),1996-2018: BM Nuestra Senora de la Victoria (Cigarreras)
foro-2019-josemariumb,Viernes Santo,CARRETERIA,Paso de Palio,2008,BM Nuestra Senora de la Victoria (Cigarreras),1996-2018: BM Nuestra Senora de la Victoria (Cigarreras)
foro-2019-josemariumb,Viernes Santo,CARRETERIA,Paso de Palio,2009,BM Nuestra Senora de la Victoria (Cigarreras),1996-2018: BM Nuestra Senora de la Victoria (Cigarreras)
foro-2019-josemariumb,Viernes Santo,CARRETERIA,Paso de Palio,2010,BM Nuestra Senora de la Victoria (Cigarreras),1996-2018: BM Nuestra Senora de la Victoria (Cigarreras)
foro-2019-josemariumb,Viernes Santo,CARRETERIA,Paso de Palio,2011,BM Nuestra Senora de la Victoria (Cigarreras),1996-2018: BM Nuestra Senora de la Victoria (Cigarreras)
foro-2019-josemariumb,Viernes Santo,CARRETERIA,Paso de Palio,2012,BM Nuestra Senora de la Victoria (Cigarreras),1996-2018: BM Nuestra Senora de la Victoria (Cigarreras)
foro-2019-josemariumb,Viernes Santo,CARRETERIA,Paso de Palio,2013,BM Nuestra Senora de la Victoria (Cigarreras),1996-2018: BM Nuestra Senora de la Victoria (Cigarreras)
foro-2019-josemariumb,Viernes Santo,CARRETERIA,Paso de Palio,2014,BM Nuestra Senora de la Victoria (Cigarreras),1996-2018: BM Nuestra Senora de la Victoria (Cigarreras)
foro-2019-josemariumb,Viernes Santo,CARRETERIA,Paso de Palio,2015,BM Nuestra Senora de la Victoria (Cigarreras),1996-2018: BM Nuestra Senora de la Victoria (Cigarreras)
foro-2019-josemariumb,Viernes Santo,CARRETERIA,Paso de Palio,2016,BM Nuestra Senora de la Victoria (Cigarreras),1996-2018: BM Nuestra Senora de la Victoria (Cigarreras)
foro-2019-josemariumb,Viernes Santo,CARRETERIA,Paso de Palio,2017,BM Nuestra Senora de la Victoria (Cigarreras),1996-2018: BM Nuestra Senora de la Victoria (Cigarreras)
foro-2019-josemariumb,Viernes Santo,CARRETERIA,Paso de Palio,2018,BM Nuestra Senora de la Victoria (Cigarreras),1996-2018: BM Nuestra Senora de la Victoria (Cigarreras)
foro-2019-josemariumb,Viernes Santo,CARRETERIA,Paso de Palio,2019,BM Julian Cerdan de Sanlucar de Barrameda,2019: BM Julian Cerdan de Sanlucar de Barrameda
foro-2019-josemariumb,Viernes Santo,SOLEDAD DE SAN BUENAVENTURA,,1980,Banda Municipal de Sevilla,1980-1985: Banda Municipal de Sevilla
foro-2019-josemariumb,Viernes Santo,SOLEDAD DE SAN BUENAVENTURA,,1981,Banda Municipal de Sevilla,1980-1985: Banda Municipal de Sevilla
foro-2019-josemariumb,Viernes Santo,SOLEDAD DE SAN BUENAVENTURA,,1982,Banda Municipal de Sevilla,1980-1985: Banda Municipal de Sevilla
foro-2019-josemariumb,Viernes Santo,SOLEDAD DE SAN BUENAVENTURA,,1983,Banda Municipal de Sevilla,1980-1985: Banda Municipal de Sevilla
foro-2019-josemariumb,Viernes Santo,SOLEDAD DE SAN BUENAVENTURA,,1984,Banda Municipal de Sevilla,1980-1985: Banda Municipal de Sevilla
foro-2019-josemariumb,Viernes Santo,SOLEDAD DE SAN BUENAVENTURA,,1985,Banda Municipal de Sevilla,1980-1985: Banda Municipal de Sevilla
foro-2019-josemariumb,Viernes Santo,SOLEDAD DE SAN BUENAVENTURA,,1986,BM Santa Cecilia,1986: BM Santa Cecilia
foro-2019-josemariumb,Viernes Santo,SOLEDAD DE SAN BUENAVENTURA,,1987,BM Division Mecanizada Guzman el Bueno (Soria 9),1987-1996: BM Division Mecanizada Guzman el Bueno (Soria 9)
foro-2019-josemariumb,Viernes Santo,SOLEDAD DE SAN BUENAVENTURA,,1988,BM Division Mecanizada Guzman el Bueno (Soria 9),1987-1996: BM Division Mecanizada Guzman el Bueno (Soria 9)
foro-2019-josemariumb,Viernes Santo,SOLEDAD DE SAN BUENAVENTURA,,1989,BM Division Mecanizada Guzman el Bueno (Soria 9),1987-1996: BM Division Mecanizada Guzman el Bueno (Soria 9)
foro-2019-josemariumb,Viernes Santo,SOLEDAD DE SAN BUENAVENTURA,,1990,BM Division Mecanizada Guzman el Bueno (Soria 9),1987-1996: BM Division Mecanizada Guzman el Bueno (Soria 9)
foro-2019-josemariumb,Viernes Santo,SOLEDAD DE SAN BUENAVENTURA,,1991,BM Division Mecanizada Guzman el Bueno (Soria 9),1987-1996: BM Division Mecanizada Guzman el Bueno (Soria 9)
foro-2019-josemariumb,Viernes Santo,SOLEDAD DE SAN BUENAVENTURA,,1992,BM Division Mecanizada Guzman el Bueno (Soria 9),1987-1996: BM Division Mecanizada Guzman el Bueno (Soria 9)
foro-2019-josemariumb,Viernes Santo,SOLEDAD DE SAN BUENAVENTURA,,1993,BM Division Mecanizada Guzman el Bueno (Soria 9),1987-1996: BM Division Mecanizada Guzman el Bueno (Soria 9)
foro-2019-josemariumb,Viernes Santo,SOLEDAD DE SAN BUENAVENTURA,,1994,BM Division Mecanizada Guzman el Bueno (Soria 9),1987-1996: BM Division Mecanizada Guzman el Bueno (Soria 9)
foro-2019-josemariumb,Viernes Santo,SOLEDAD DE SAN BUENAVENTURA,,1995,BM Division Mecanizada Guzman el Bueno (Soria 9),1987-1996: BM Division Mecanizada Guzman el Bueno (Soria 9)
foro-2019-josemariumb,Viernes Santo,SOLEDAD DE SAN BUENAVENTURA,,1996,BM Division Mecanizada Guzman el Bueno (Soria 9),1987-1996: BM Division Mecanizada Guzman el Bueno (Soria 9)
foro-2019-josemariumb,Viernes Santo,SOLEDAD DE SAN BUENAVENTURA,,1997,BM Cuartel General Region Sur (Soria 9),1997-2000: BM Cuartel General Region Sur (Soria 9)
foro-2019-josemariumb,Viernes Santo,SOLEDAD DE SAN BUENAVENTURA,,1998,BM Cuartel General Region Sur (Soria 9),1997-2000: BM Cuartel General Region Sur (Soria 9)
foro-2019-josemariumb,Viernes Santo,SOLEDAD DE SAN BUENAVENTURA,,1999,BM Cuartel General Region Sur (Soria 9),1997-2000: BM Cuartel General Region Sur (Soria 9)
foro-2019-josemariumb,Viernes Santo,SOLEDAD DE SAN BUENAVENTURA,,2000,BM Cuartel General Region Sur (Soria 9),1997-2000: BM Cuartel General Region Sur (Soria 9)
foro-2019-josemariumb,Viernes Santo,SOLEDAD DE SAN BUENAVENTURA,,2001,BM Nuestra Senora del Sol,2001-2013: BM Nuestra Senora del Sol
foro-2019-josemariumb,Viernes Santo,SOLEDAD DE SAN BUENAVENTURA,,2002,BM Nuestra Senora del Sol,2001-2013: BM Nuestra Senora del Sol
foro-2019-josemariumb,Viernes Santo,SOLEDAD DE SAN BUENAVENTURA,,2003,BM Nuestra Senora del Sol,2001-2013: BM Nuestra Senora del Sol
foro-2019-josemariumb,Viernes Santo,SOLEDAD DE SAN BUENAVENTURA,,2004,BM Nuestra Senora del Sol,2001-2013: BM Nuestra Senora del Sol
foro-2019-josemariumb,Viernes Santo,SOLEDAD DE SAN BUENAVENTURA,,2005,BM Nuestra Senora del Sol,2001-2013: BM Nuestra Senora del Sol
foro-2019-josemariumb,Viernes Santo,SOLEDAD DE SAN BUENAVENTURA,,2006,BM Nuestra Senora del Sol,2001-2013: BM Nuestra Senora del Sol
foro-2019-josemariumb,Viernes Santo,SOLEDAD DE SAN BUENAVENTURA,,2007,BM Nuestra Senora del Sol,2001-2013: BM Nuestra Senora del Sol
foro-2019-josemariumb,Viernes Santo,SOLEDAD DE SAN BUENAVENTURA,,2008,BM Nuestra Senora del Sol,2001-2013: BM Nuestra Senora del Sol
foro-2019-josemariumb,Viernes Santo,SOLEDAD DE SAN BUENAVENTURA,,2009,BM Nuestra Senora del Sol,2001-2013: BM Nuestra Senora del Sol
foro-2019-josemariumb,Viernes Santo,SOLEDAD DE SAN BUENAVENTURA,,2010,BM Nuestra Senora del Sol,2001-2013: BM Nuestra Senora del Sol
foro-2019-josemariumb,Viernes Santo,SOLEDAD DE SAN BUENAVENTURA,,2011,BM Nuestra Senora del Sol,2001-2013: BM Nuestra Senora del Sol
foro-2019-josemariumb,Viernes Santo,SOLEDAD DE SAN BUENAVENTURA,,2012,BM Nuestra Senora del Sol,2001-2013: BM Nuestra Senora del Sol
foro-2019-josemariumb,Viernes Santo,SOLEDAD DE SAN BUENAVENTURA,,2013,BM Nuestra Senora del Sol,2001-2013: BM Nuestra Senora del Sol
foro-2019-josemariumb,Viernes Santo,SOLEDAD DE SAN BUENAVENTURA,,2014,Banda Municipal de Mairena del Alcor,2014-2019: Banda Municipal de Mairena del Alcor
foro-2019-josemariumb,Viernes Santo,SOLEDAD DE SAN BUENAVENTURA,,2015,Banda Municipal de Mairena del Alcor,2014-2019: Banda Municipal de Mairena del Alcor
foro-2019-josemariumb,Viernes Santo,SOLEDAD DE SAN BUENAVENTURA,,2016,Banda Municipal de Mairena del Alcor,2014-2019: Banda Municipal de Mairena del Alcor
foro-2019-josemariumb,Viernes Santo,SOLEDAD DE SAN BUENAVENTURA,,2017,Banda Municipal de Mairena del Alcor,2014-2019: Banda Municipal de Mairena del Alcor
foro-2019-josemariumb,Viernes Santo,SOLEDAD DE SAN BUENAVENTURA,,2018,Banda Municipal de Mairena del Alcor,2014-2019: Banda Municipal de Mairena del Alcor
foro-2019-josemariumb,Viernes Santo,SOLEDAD DE SAN BUENAVENTURA,,2019,Banda Municipal de Mairena del Alcor,2014-2019: Banda Municipal de Mairena del Alcor
foro-2019-josemariumb,Viernes Santo,EL CACHORRO,Paso de Cristo,1980,AM El Cachorro,1980-1981: AM El Cachorro
foro-2019-josemariumb,Viernes Santo,EL CACHORRO,Paso de Cristo,1981,AM El Cachorro,1980-1981: AM El Cachorro
foro-2019-josemariumb,Viernes Santo,EL CACHORRO,Paso de Cristo,1982,CCTT Las Cigarreras,1982-1983: CCTT Las Cigarreras
foro-2019-josemariumb,Viernes Santo,EL CACHORRO,Paso de Cristo,1983,CCTT Las Cigarreras,1982-1983: CCTT Las Cigarreras
foro-2019-josemariumb,Viernes Santo,EL CACHORRO,Paso de Cristo,1984,AM Jesus Despojado,1984-1987: AM Jesus Despojado
foro-2019-josemariumb,Viernes Santo,EL CACHORRO,Paso de Cristo,1985,AM Jesus Despojado,1984-1987: AM Jesus Despojado
foro-2019-josemariumb,Viernes Santo,EL CACHORRO,Paso de Cristo,1986,AM Jesus Despojado,1984-1987: AM Jesus Despojado
foro-2019-josemariumb,Viernes Santo,EL CACHORRO,Paso de Cristo,1987,AM Jesus Despojado,1984-1987: AM Jesus Despojado
foro-2019-josemariumb,Viernes Santo,EL CACHORRO,Paso de Cristo,1988,CCTT Guardia Civil de Valdemoro,1988: CCTT Guardia Civil de Valdemoro
foro-2019-josemariumb,Viernes Santo,EL CACHORRO,Paso de Cristo,1989,CCTT Maestro Paton,1989-1991: CCTT Maestro Paton
foro-2019-josemariumb,Viernes Santo,EL CACHORRO,Paso de Cristo,1990,CCTT Maestro Paton,1989-1991: CCTT Maestro Paton
foro-2019-josemariumb,Viernes Santo,EL CACHORRO,Paso de Cristo,1991,CCTT Maestro Paton,1989-1991: CCTT Maestro Paton
foro-2019-josemariumb,Viernes Santo,EL CACHORRO,Paso de Cristo,1992,CCTT Presentacion al Pueblo de Dos Hermanas,1992-2019: CCTT Presentacion al Pueblo de Dos Hermanas
foro-2019-josemariumb,Viernes Santo,EL CACHORRO,Paso de Cristo,1993,CCTT Presentacion al Pueblo de Dos Hermanas,1992-2019: CCTT Presentacion al Pueblo de Dos Hermanas
foro-2019-josemariumb,Viernes Santo,EL CACHORRO,Paso de Cristo,1994,CCTT Presentacion al Pueblo de Dos Hermanas,1992-2019: CCTT Presentacion al Pueblo de Dos Hermanas
foro-2019-josemariumb,Viernes Santo,EL CACHORRO,Paso de Cristo,1995,CCTT Presentacion al Pueblo de Dos Hermanas,1992-2019: CCTT Presentacion al Pueblo de Dos Hermanas
foro-2019-josemariumb,Viernes Santo,EL CACHORRO,Paso de Cristo,1996,CCTT Presentacion al Pueblo de Dos Hermanas,1992-2019: CCTT Presentacion al Pueblo de Dos Hermanas
foro-2019-josemariumb,Viernes Santo,EL CACHORRO,Paso de Cristo,1997,CCTT Presentacion al Pueblo de Dos Hermanas,1992-2019: CCTT Presentacion al Pueblo de Dos Hermanas
foro-2019-josemariumb,Viernes Santo,EL CACHORRO,Paso de Cristo,1998,CCTT Presentacion al Pueblo de Dos Hermanas,1992-2019: CCTT Presentacion al Pueblo de Dos Hermanas
foro-2019-josemariumb,Viernes Santo,EL CACHORRO,Paso de Cristo,1999,CCTT Presentacion al Pueblo de Dos Hermanas,1992-2019: CCTT Presentacion al Pueblo de Dos Hermanas
foro-2019-josemariumb,Viernes Santo,EL CACHORRO,Paso de Cristo,2000,CCTT Presentacion al Pueblo de Dos Hermanas,1992-2019: CCTT Presentacion al Pueblo de Dos Hermanas
foro-2019-josemariumb,Viernes Santo,EL CACHORRO,Paso de Cristo,2001,CCTT Presentacion al Pueblo de Dos Hermanas,1992-2019: CCTT Presentacion al Pueblo de Dos Hermanas
foro-2019-josemariumb,Viernes Santo,EL CACHORRO,Paso de Cristo,2002,CCTT Presentacion al Pueblo de Dos Hermanas,1992-2019: CCTT Presentacion al Pueblo de Dos Hermanas
foro-2019-josemariumb,Viernes Santo,EL CACHORRO,Paso de Cristo,2003,CCTT Presentacion al Pueblo de Dos Hermanas,1992-2019: CCTT Presentacion al Pueblo de Dos Hermanas
foro-2019-josemariumb,Viernes Santo,EL CACHORRO,Paso de Cristo,2004,CCTT Presentacion al Pueblo de Dos Hermanas,1992-2019: CCTT Presentacion al Pueblo de Dos Hermanas
foro-2019-josemariumb,Viernes Santo,EL CACHORRO,Paso de Cristo,2005,CCTT Presentacion al Pueblo de Dos Hermanas,1992-2019: CCTT Presentacion al Pueblo de Dos Hermanas
foro-2019-josemariumb,Viernes Santo,EL CACHORRO,Paso de Cristo,2006,CCTT Presentacion al Pueblo de Dos Hermanas,1992-2019: CCTT Presentacion al Pueblo de Dos Hermanas
foro-2019-josemariumb,Viernes Santo,EL CACHORRO,Paso de Cristo,2007,CCTT Presentacion al Pueblo de Dos Hermanas,1992-2019: CCTT Presentacion al Pueblo de Dos Hermanas
foro-2019-josemariumb,Viernes Santo,EL CACHORRO,Paso de Cristo,2008,CCTT Presentacion al Pueblo de Dos Hermanas,1992-2019: CCTT Presentacion al Pueblo de Dos Hermanas
foro-2019-josemariumb,Viernes Santo,EL CACHORRO,Paso de Cristo,2009,CCTT Presentacion al Pueblo de Dos Hermanas,1992-2019: CCTT Presentacion al Pueblo de Dos Hermanas
foro-2019-josemariumb,Viernes Santo,EL CACHORRO,Paso de Cristo,2010,CCTT Presentacion al Pueblo de Dos Hermanas,1992-2019: CCTT Presentacion al Pueblo de Dos Hermanas
foro-2019-josemariumb,Viernes Santo,EL CACHORRO,Paso de Cristo,2011,CCTT Presentacion al Pueblo de Dos Hermanas,1992-2019: CCTT Presentacion al Pueblo de Dos Hermanas
foro-2019-josemariumb,Viernes Santo,EL CACHORRO,Paso de Cristo,2012,CCTT Presentacion al Pueblo de Dos Hermanas,1992-2019: CCTT Presentacion al Pueblo de Dos Hermanas
foro-2019-josemariumb,Viernes Santo,EL CACHORRO,Paso de Cristo,2013,CCTT Presentacion al Pueblo de Dos Hermanas,1992-2019: CCTT Presentacion al Pueblo de Dos Hermanas
foro-2019-josemariumb,Viernes Santo,EL CACHORRO,Paso de Cristo,2014,CCTT Presentacion al Pueblo de Dos Hermanas,1992-2019: CCTT Presentacion al Pueblo de Dos Hermanas
foro-2019-josemariumb,Viernes Santo,EL CACHORRO,Paso de Cristo,2015,CCTT Presentacion al Pueblo de Dos Hermanas,1992-2019: CCTT Presentacion al Pueblo de Dos Hermanas
foro-2019-josemariumb,Viernes Santo,EL CACHORRO,Paso de Cristo,2016,CCTT Presentacion al Pueblo de Dos Hermanas,1992-2019: CCTT Presentacion al Pueblo de Dos Hermanas
foro-2019-josemariumb,Viernes Santo,EL CACHORRO,Paso de Cristo,2017,CCTT Presentacion al Pueblo de Dos Hermanas,1992-2019: CCTT Presentacion al Pueblo de Dos Hermanas
foro-2019-josemariumb,Viernes Santo,EL CACHORRO,Paso de Cristo,2018,CCTT Presentacion al Pueblo de Dos Hermanas,1992-2019: CCTT Presentacion al Pueblo de Dos Hermanas
foro-2019-josemariumb,Viernes Santo,EL CACHORRO,Paso de Cristo,2019,CCTT Presentacion al Pueblo de Dos Hermanas,1992-2019: CCTT Presentacion al Pueblo de Dos Hermanas
foro-2019-josemariumb,Viernes Santo,EL CACHORRO,Paso de Palio,1980,Banda de Musica Municipal de Estepona,1980: Banda de Musica Municipal de Estepona
foro-2019-josemariumb,Viernes Santo,EL CACHORRO,Paso de Palio,1981,BM del Maestro Tejera,1981-1985: BM del Maestro Tejera
foro-2019-josemariumb,Viernes Santo,EL CACHORRO,Paso de Palio,1982,BM del Maestro Tejera,1981-1985: BM del Maestro Tejera
foro-2019-josemariumb,Viernes Santo,EL CACHORRO,Paso de Palio,1983,BM del Maestro Tejera,1981-1985: BM del Maestro Tejera
foro-2019-josemariumb,Viernes Santo,EL CACHORRO,Paso de Palio,1984,BM del Maestro Tejera,1981-1985: BM del Maestro Tejera
foro-2019-josemariumb,Viernes Santo,EL CACHORRO,Paso de Palio,1985,BM del Maestro Tejera,1981-1985: BM del Maestro Tejera
foro-2019-josemariumb,Viernes Santo,EL CACHORRO,Paso de Palio,1986,BM Division Mecanizada Guzman el Bueno (Soria 9),1986: BM Division Mecanizada Guzman el Bueno (Soria 9)
foro-2019-josemariumb,Viernes Santo,EL CACHORRO,Paso de Palio,1987,BM Esperanza de Triana,1987: BM Esperanza de Triana
foro-2019-josemariumb,Viernes Santo,EL CACHORRO,Paso de Palio,1988,Sociedad Filarmonica Nuestra Senora de la Oliva de Salteras,1988-2019: Sociedad Filarmonica Nuestra Senora de la Oliva de Salteras
foro-2019-josemariumb,Viernes Santo,EL CACHORRO,Paso de Palio,1989,Sociedad Filarmonica Nuestra Senora de la Oliva de Salteras,1988-2019: Sociedad Filarmonica Nuestra Senora de la Oliva de Salteras
foro-2019-josemariumb,Viernes Santo,EL CACHORRO,Paso de Palio,1990,Sociedad Filarmonica Nuestra Senora de la Oliva de Salteras,1988-2019: Sociedad Filarmonica Nuestra Senora de la Oliva de Salteras
foro-2019-josemariumb,Viernes Santo,EL CACHORRO,Paso de Palio,1991,Sociedad Filarmonica Nuestra Senora de la Oliva de Salteras,1988-2019: Sociedad Filarmonica Nuestra Senora de la Oliva de Salteras
foro-2019-josemariumb,Viernes Santo,EL CACHORRO,Paso de Palio,1992,Sociedad Filarmonica Nuestra Senora de la Oliva de Salteras,1988-2019: Sociedad Filarmonica Nuestra Senora de la Oliva de Salteras
foro-2019-josemariumb,Viernes Santo,EL CACHORRO,Paso de Palio,1993,Sociedad Filarmonica Nuestra Senora de la Oliva de Salteras,1988-2019: Sociedad Filarmonica Nuestra Senora de la Oliva de Salteras
foro-2019-josemariumb,Viernes Santo,EL CACHORRO,Paso de Palio,1994,Sociedad Filarmonica Nuestra Senora de la Oliva de Salteras,1988-2019: Sociedad Filarmonica Nuestra Senora de la Oliva de Salteras
foro-2019-josemariumb,Viernes Santo,EL CACHORRO,Paso de Palio,1995,Sociedad Filarmonica Nuestra Senora de la Oliva de Salteras,1988-2019: Sociedad Filarmonica Nuestra Senora de la Oliva de Salteras
foro-2019-josemariumb,Viernes Santo,EL CACHORRO,Paso de Palio,1996,Sociedad Filarmonica Nuestra Senora de la Oliva de Salteras,1988-2019: Sociedad Filarmonica Nuestra Senora de la Oliva de Salteras
foro-2019-josemariumb,Viernes Santo,EL CACHORRO,Paso de Palio,1997,Sociedad Filarmonica Nuestra Senora de la Oliva de Salteras,1988-2019: Sociedad Filarmonica Nuestra Senora de la Oliva de Salteras
foro-2019-josemariumb,Viernes Santo,EL CACHORRO,Paso de Palio,1998,Sociedad Filarmonica Nuestra Senora de la Oliva de Salteras,1988-2019: Sociedad Filarmonica Nuestra Senora de la Oliva de Salteras
foro-2019-josemariumb,Viernes Santo,EL CACHORRO,Paso de Palio,1999,Sociedad Filarmonica Nuestra Senora de la Oliva de Salteras,1988-2019: Sociedad Filarmonica Nuestra Senora de la Oliva de Salteras
foro-2019-josemariumb,Viernes Santo,EL CACHORRO,Paso de Palio,2000,Sociedad Filarmonica Nuestra Senora de la Oliva de Salteras,1988-2019: Sociedad Filarmonica Nuestra Senora de la Oliva de Salteras
foro-2019-josemariumb,Viernes Santo,EL CACHORRO,Paso de Palio,2001,Sociedad Filarmonica Nuestra Senora de la Oliva de Salteras,1988-2019: Sociedad Filarmonica Nuestra Senora de la Oliva de Salteras
foro-2019-josemariumb,Viernes Santo,EL CACHORRO,Paso de Palio,2002,Sociedad Filarmonica Nuestra Senora de la Oliva de Salteras,1988-2019: Sociedad Filarmonica Nuestra Senora de la Oliva de Salteras
foro-2019-josemariumb,Viernes Santo,EL CACHORRO,Paso de Palio,2003,Sociedad Filarmonica Nuestra Senora de la Oliva de Salteras,1988-2019: Sociedad Filarmonica Nuestra Senora de la Oliva de Salteras
foro-2019-josemariumb,Viernes Santo,EL CACHORRO,Paso de Palio,2004,Sociedad Filarmonica Nuestra Senora de la Oliva de Salteras,1988-2019: Sociedad Filarmonica Nuestra Senora de la Oliva de Salteras
foro-2019-josemariumb,Viernes Santo,EL CACHORRO,Paso de Palio,2005,Sociedad Filarmonica Nuestra Senora de la Oliva de Salteras,1988-2019: Sociedad Filarmonica Nuestra Senora de la Oliva de Salteras
foro-2019-josemariumb,Viernes Santo,EL CACHORRO,Paso de Palio,2006,Sociedad Filarmonica Nuestra Senora de la Oliva de Salteras,1988-2019: Sociedad Filarmonica Nuestra Senora de la Oliva de Salteras
foro-2019-josemariumb,Viernes Santo,EL CACHORRO,Paso de Palio,2007,Sociedad Filarmonica Nuestra Senora de la Oliva de Salteras,1988-2019: Sociedad Filarmonica Nuestra Senora de la Oliva de Salteras
foro-2019-josemariumb,Viernes Santo,EL CACHORRO,Paso de Palio,2008,Sociedad Filarmonica Nuestra Senora de la Oliva de Salteras,1988-2019: Sociedad Filarmonica Nuestra Senora de la Oliva de Salteras
foro-2019-josemariumb,Viernes Santo,EL CACHORRO,Paso de Palio,2009,Sociedad Filarmonica Nuestra Senora de la Oliva de Salteras,1988-2019: Sociedad Filarmonica Nuestra Senora de la Oliva de Salteras
foro-2019-josemariumb,Viernes Santo,EL CACHORRO,Paso de Palio,2010,Sociedad Filarmonica Nuestra Senora de la Oliva de Salteras,1988-2019: Sociedad Filarmonica Nuestra Senora de la Oliva de Salteras
foro-2019-josemariumb,Viernes Santo,EL CACHORRO,Paso de Palio,2011,Sociedad Filarmonica Nuestra Senora de la Oliva de Salteras,1988-2019: Sociedad Filarmonica Nuestra Senora de la Oliva de Salteras
foro-2019-josemariumb,Viernes Santo,EL CACHORRO,Paso de Palio,2012,Sociedad Filarmonica Nuestra Senora de la Oliva de Salteras,1988-2019: Sociedad Filarmonica Nuestra Senora de la Oliva de Salteras
foro-2019-josemariumb,Viernes Santo,EL CACHORRO,Paso de Palio,2013,Sociedad Filarmonica Nuestra Senora de la Oliva de Salteras,1988-2019: Sociedad Filarmonica Nuestra Senora de la Oliva de Salteras
foro-2019-josemariumb,Viernes Santo,EL CACHORRO,Paso de Palio,2014,Sociedad Filarmonica Nuestra Senora de la Oliva de Salteras,1988-2019: Sociedad Filarmonica Nuestra Senora de la Oliva de Salteras
foro-2019-josemariumb,Viernes Santo,EL CACHORRO,Paso de Palio,2015,Sociedad Filarmonica Nuestra Senora de la Oliva de Salteras,1988-2019: Sociedad Filarmonica Nuestra Senora de la Oliva de Salteras
foro-2019-josemariumb,Viernes Santo,EL CACHORRO,Paso de Palio,2016,Sociedad Filarmonica Nuestra Senora de la Oliva de Salteras,1988-2019: Sociedad Filarmonica Nuestra Senora de la Oliva de Salteras
foro-2019-josemariumb,Viernes Santo,EL CACHORRO,Paso de Palio,2017,Sociedad Filarmonica Nuestra Senora de la Oliva de Salteras,1988-2019: Sociedad Filarmonica Nuestra Senora de la Oliva de Salteras
foro-2019-josemariumb,Viernes Santo,EL CACHORRO,Paso de Palio,2018,Sociedad Filarmonica Nuestra Senora de la Oliva de Salteras,1988-2019: Sociedad Filarmonica Nuestra Senora de la Oliva de Salteras
foro-2019-josemariumb,Viernes Santo,EL CACHORRO,Paso de Palio,2019,Sociedad Filarmonica Nuestra Senora de la Oliva de Salteras,1988-2019: Sociedad Filarmonica Nuestra Senora de la Oliva de Salteras
foro-2019-josemariumb,Viernes Santo,LA O,Paso de Cristo,1980,AM La O,1980-1983: AM La O
foro-2019-josemariumb,Viernes Santo,LA O,Paso de Cristo,1981,AM La O,1980-1983: AM La O
foro-2019-josemariumb,Viernes Santo,LA O,Paso de Cristo,1982,AM La O,1980-1983: AM La O
foro-2019-josemariumb,Viernes Santo,LA O,Paso de Cristo,1983,AM La O,1980-1983: AM La O
foro-2019-josemariumb,Viernes Santo,LA O,Paso de Cristo,1984,AM Ntra. Sra. De las Angustias,1984: AM Ntra. Sra. De las Angustias
foro-2019-josemariumb,Viernes Santo,LA O,Paso de Cristo,1985,CCTT Sol,1985-1989: CCTT Sol
foro-2019-josemariumb,Viernes Santo,LA O,Paso de Cristo,1986,CCTT Sol,1985-1989: CCTT Sol
foro-2019-josemariumb,Viernes Santo,LA O,Paso de Cristo,1987,CCTT Sol,1985-1989: CCTT Sol
foro-2019-josemariumb,Viernes Santo,LA O,Paso de Cristo,1988,CCTT Sol,1985-1989: CCTT Sol
foro-2019-josemariumb,Viernes Santo,LA O,Paso de Cristo,1989,CCTT Sol,1985-1989: CCTT Sol
foro-2019-josemariumb,Viernes Santo,LA O,Paso de Cristo,1990,CCTT Presentacion al Pueblo de Dos Hermanas,1990: CCTT Presentacion al Pueblo de Dos Hermanas
foro-2019-josemariumb,Viernes Santo,LA O,Paso de Cristo,1991,CCTT Sol,1991-2019: CCTT Sol
foro-2019-josemariumb,Viernes Santo,LA O,Paso de Cristo,1992,CCTT Sol,1991-2019: CCTT Sol
foro-2019-josemariumb,Viernes Santo,LA O,Paso de Cristo,1993,CCTT Sol,1991-2019: CCTT Sol
foro-2019-josemariumb,Viernes Santo,LA O,Paso de Cristo,1994,CCTT Sol,1991-2019: CCTT Sol
foro-2019-josemariumb,Viernes Santo,LA O,Paso de Cristo,1995,CCTT Sol,1991-2019: CCTT Sol
foro-2019-josemariumb,Viernes Santo,LA O,Paso de Cristo,1996,CCTT Sol,1991-2019: CCTT Sol
foro-2019-josemariumb,Viernes Santo,LA O,Paso de Cristo,1997,CCTT Sol,1991-2019: CCTT Sol
foro-2019-josemariumb,Viernes Santo,LA O,Paso de Cristo,1998,CCTT Sol,1991-2019: CCTT Sol
foro-2019-josemariumb,Viernes Santo,LA O,Paso de Cristo,1999,CCTT Sol,1991-2019: CCTT Sol
foro-2019-josemariumb,Viernes Santo,LA O,Paso de Cristo,2000,CCTT Sol,1991-2019: CCTT Sol
foro-2019-josemariumb,Viernes Santo,LA O,Paso de Cristo,2001,CCTT Sol,1991-2019: CCTT Sol
foro-2019-josemariumb,Viernes Santo,LA O,Paso de Cristo,2002,CCTT Sol,1991-2019: CCTT Sol
foro-2019-josemariumb,Viernes Santo,LA O,Paso de Cristo,2003,CCTT Sol,1991-2019: CCTT Sol
foro-2019-josemariumb,Viernes Santo,LA O,Paso de Cristo,2004,CCTT Sol,1991-2019: CCTT Sol
foro-2019-josemariumb,Viernes Santo,LA O,Paso de Cristo,2005,CCTT Sol,1991-2019: CCTT Sol
foro-2019-josemariumb,Viernes Santo,LA O,Paso de Cristo,2006,CCTT Sol,1991-2019: CCTT Sol
foro-2019-josemariumb,Viernes Santo,LA O,Paso de Cristo,2007,CCTT Sol,1991-2019: CCTT Sol
foro-2019-josemariumb,Viernes Santo,LA O,Paso de Cristo,2008,CCTT Sol,1991-2019: CCTT Sol
foro-2019-josemariumb,Viernes Santo,LA O,Paso de Cristo,2009,CCTT Sol,1991-2019: CCTT Sol
foro-2019-josemariumb,Viernes Santo,LA O,Paso de Cristo,2010,CCTT Sol,1991-2019: CCTT Sol
foro-2019-josemariumb,Viernes Santo,LA O,Paso de Cristo,2011,CCTT Sol,1991-2019: CCTT Sol
foro-2019-josemariumb,Viernes Santo,LA O,Paso de Cristo,2012,CCTT Sol,1991-2019: CCTT Sol
foro-2019-josemariumb,Viernes Santo,LA O,Paso de Cristo,2013,CCTT Sol,1991-2019: CCTT Sol
foro-2019-josemariumb,Viernes Santo,LA O,Paso de Cristo,2014,CCTT Sol,1991-2019: CCTT Sol
foro-2019-josemariumb,Viernes Santo,LA O,Paso de Cristo,2015,CCTT Sol,1991-2019: CCTT Sol
foro-2019-josemariumb,Viernes Santo,LA O,Paso de Cristo,2016,CCTT Sol,1991-2019: CCTT Sol
foro-2019-josemariumb,Viernes Santo,LA O,Paso de Cristo,2017,CCTT Sol,1991-2019: CCTT Sol
foro-2019-josemariumb,Viernes Santo,LA O,Paso de Cristo,2018,CCTT Sol,1991-2019: CCTT Sol
foro-2019-josemariumb,Viernes Santo,LA O,Paso de Cristo,2019,CCTT Sol,1991-2019: CCTT Sol
foro-2019-josemariumb,Viernes Santo,LA O,Paso de Palio,1989,Sociedad Filarmonica Nuestra Senora del Carmen de Salteras,1989-2019: Sociedad Filarmonica Nuestra Senora del Carmen de Salteras
foro-2019-josemariumb,Viernes Santo,LA O,Paso de Palio,1990,Sociedad Filarmonica Nuestra Senora del Carmen de Salteras,1989-2019: Sociedad Filarmonica Nuestra Senora del Carmen de Salteras
foro-2019-josemariumb,Viernes Santo,LA O,Paso de Palio,1991,Sociedad Filarmonica Nuestra Senora del Carmen de Salteras,1989-2019: Sociedad Filarmonica Nuestra Senora del Carmen de Salteras
foro-2019-josemariumb,Viernes Santo,LA O,Paso de Palio,1992,Sociedad Filarmonica Nuestra Senora del Carmen de Salteras,1989-2019: Sociedad Filarmonica Nuestra Senora del Carmen de Salteras
foro-2019-josemariumb,Viernes Santo,LA O,Paso de Palio,1993,Sociedad Filarmonica Nuestra Senora del Carmen de Salteras,1989-2019: Sociedad Filarmonica Nuestra Senora del Carmen de Salteras
foro-2019-josemariumb,Viernes Santo,LA O,Paso de Palio,1994,Sociedad Filarmonica Nuestra Senora del Carmen de Salteras,1989-2019: Sociedad Filarmonica Nuestra Senora del Carmen de Salteras
foro-2019-josemariumb,Viernes Santo,LA O,Paso de Palio,1995,Sociedad Filarmonica Nuestra Senora del Carmen de Salteras,1989-2019: Sociedad Filarmonica Nuestra Senora del Carmen de Salteras
foro-2019-josemariumb,Viernes Santo,LA O,Paso de Palio,1996,Sociedad Filarmonica Nuestra Senora del Carmen de Salteras,1989-2019: Sociedad Filarmonica Nuestra Senora del Carmen de Salteras
foro-2019-josemariumb,Viernes Santo,LA O,Paso de Palio,1997,Sociedad Filarmonica Nuestra Senora del Carmen de Salteras,1989-2019: Sociedad Filarmonica Nuestra Senora del Carmen de Salteras
foro-2019-josemariumb,Viernes Santo,LA O,Paso de Palio,1998,Sociedad Filarmonica Nuestra Senora del Carmen de Salteras,1989-2019: Sociedad Filarmonica Nuestra Senora del Carmen de Salteras
foro-2019-josemariumb,Viernes Santo,LA O,Paso de Palio,1999,Sociedad Filarmonica Nuestra Senora del Carmen de Salteras,1989-2019: Sociedad Filarmonica Nuestra Senora del Carmen de Salteras
foro-2019-josemariumb,Viernes Santo,LA O,Paso de Palio,2000,Sociedad Filarmonica Nuestra Senora del Carmen de Salteras,1989-2019: Sociedad Filarmonica Nuestra Senora del Carmen de Salteras
foro-2019-josemariumb,Viernes Santo,LA O,Paso de Palio,2001,Sociedad Filarmonica Nuestra Senora del Carmen de Salteras,1989-2019: Sociedad Filarmonica Nuestra Senora del Carmen de Salteras
foro-2019-josemariumb,Viernes Santo,LA O,Paso de Palio,2002,Sociedad Filarmonica Nuestra Senora del Carmen de Salteras,1989-2019: Sociedad Filarmonica Nuestra Senora del Carmen de Salteras
foro-2019-josemariumb,Viernes Santo,LA O,Paso de Palio,2003,Sociedad Filarmonica Nuestra Senora del Carmen de Salteras,1989-2019: Sociedad Filarmonica Nuestra Senora del Carmen de Salteras
foro-2019-josemariumb,Viernes Santo,LA O,Paso de Palio,2004,Sociedad Filarmonica Nuestra Senora del Carmen de Salteras,1989-2019: Sociedad Filarmonica Nuestra Senora del Carmen de Salteras
foro-2019-josemariumb,Viernes Santo,LA O,Paso de Palio,2005,Sociedad Filarmonica Nuestra Senora del Carmen de Salteras,1989-2019: Sociedad Filarmonica Nuestra Senora del Carmen de Salteras
foro-2019-josemariumb,Viernes Santo,LA O,Paso de Palio,2006,Sociedad Filarmonica Nuestra Senora del Carmen de Salteras,1989-2019: Sociedad Filarmonica Nuestra Senora del Carmen de Salteras
foro-2019-josemariumb,Viernes Santo,LA O,Paso de Palio,2007,Sociedad Filarmonica Nuestra Senora del Carmen de Salteras,1989-2019: Sociedad Filarmonica Nuestra Senora del Carmen de Salteras
foro-2019-josemariumb,Viernes Santo,LA O,Paso de Palio,2008,Sociedad Filarmonica Nuestra Senora del Carmen de Salteras,1989-2019: Sociedad Filarmonica Nuestra Senora del Carmen de Salteras
foro-2019-josemariumb,Viernes Santo,LA O,Paso de Palio,2009,Sociedad Filarmonica Nuestra Senora del Carmen de Salteras,1989-2019: Sociedad Filarmonica Nuestra Senora del Carmen de Salteras
foro-2019-josemariumb,Viernes Santo,LA O,Paso de Palio,2010,Sociedad Filarmonica Nuestra Senora del Carmen de Salteras,1989-2019: Sociedad Filarmonica Nuestra Senora del Carmen de Salteras
foro-2019-josemariumb,Viernes Santo,LA O,Paso de Palio,2011,Sociedad Filarmonica Nuestra Senora del Carmen de Salteras,1989-2019: Sociedad Filarmonica Nuestra Senora del Carmen de Salteras
foro-2019-josemariumb,Viernes Santo,LA O,Paso de Palio,2012,Sociedad Filarmonica Nuestra Senora del Carmen de Salteras,1989-2019: Sociedad Filarmonica Nuestra Senora del Carmen de Salteras
foro-2019-josemariumb,Viernes Santo,LA O,Paso de Palio,2013,Sociedad Filarmonica Nuestra Senora del Carmen de Salteras,1989-2019: Sociedad Filarmonica Nuestra Senora del Carmen de Salteras
foro-2019-josemariumb,Viernes Santo,LA O,Paso de Palio,2014,Sociedad Filarmonica Nuestra Senora del Carmen de Salteras,1989-2019: Sociedad Filarmonica Nuestra Senora del Carmen de Salteras
foro-2019-josemariumb,Viernes Santo,LA O,Paso de Palio,2015,Sociedad Filarmonica Nuestra Senora del Carmen de Salteras,1989-2019: Sociedad Filarmonica Nuestra Senora del Carmen de Salteras
foro-2019-josemariumb,Viernes Santo,LA O,Paso de Palio,2016,Sociedad Filarmonica Nuestra Senora del Carmen de Salteras,1989-2019: Sociedad Filarmonica Nuestra Senora del Carmen de Salteras
foro-2019-josemariumb,Viernes Santo,LA O,Paso de Palio,2017,Sociedad Filarmonica Nuestra Senora del Carmen de Salteras,1989-2019: Sociedad Filarmonica Nuestra Senora del Carmen de Salteras
foro-2019-josemariumb,Viernes Santo,LA O,Paso de Palio,2018,Sociedad Filarmonica Nuestra Senora del Carmen de Salteras,1989-2019: Sociedad Filarmonica Nuestra Senora del Carmen de Salteras
foro-2019-josemariumb,Viernes Santo,LA O,Paso de Palio,2019,Sociedad Filarmonica Nuestra Senora del Carmen de Salteras,1989-2019: Sociedad Filarmonica Nuestra Senora del Carmen de Salteras
foro-2019-josemariumb,Viernes Santo,MONTSERRAT,Paso de Misterio,1980,CCTT Centuria Romana,1980-1987: CCTT Centuria Romana
foro-2019-josemariumb,Viernes Santo,MONTSERRAT,Paso de Misterio,1981,CCTT Centuria Romana,1980-1987: CCTT Centuria Romana
foro-2019-josemariumb,Viernes Santo,MONTSERRAT,Paso de Misterio,1982,CCTT Centuria Romana,1980-1987: CCTT Centuria Romana
foro-2019-josemariumb,Viernes Santo,MONTSERRAT,Paso de Misterio,1983,CCTT Centuria Romana,1980-1987: CCTT Centuria Romana
foro-2019-josemariumb,Viernes Santo,MONTSERRAT,Paso de Misterio,1984,CCTT Centuria Romana,1980-1987: CCTT Centuria Romana
foro-2019-josemariumb,Viernes Santo,MONTSERRAT,Paso de Misterio,1985,CCTT Centuria Romana,1980-1987: CCTT Centuria Romana
foro-2019-josemariumb,Viernes Santo,MONTSERRAT,Paso de Misterio,1986,CCTT Centuria Romana,1980-1987: CCTT Centuria Romana
foro-2019-josemariumb,Viernes Santo,MONTSERRAT,Paso de Misterio,1987,CCTT Centuria Romana,1980-1987: CCTT Centuria Romana
foro-2019-josemariumb,Viernes Santo,MONTSERRAT,Paso de Misterio,1988,CCTT Tres Caidas,1988-2019: CCTT Tres Caidas
foro-2019-josemariumb,Viernes Santo,MONTSERRAT,Paso de Misterio,1989,CCTT Tres Caidas,1988-2019: CCTT Tres Caidas
foro-2019-josemariumb,Viernes Santo,MONTSERRAT,Paso de Misterio,1990,CCTT Tres Caidas,1988-2019: CCTT Tres Caidas
foro-2019-josemariumb,Viernes Santo,MONTSERRAT,Paso de Misterio,1991,CCTT Tres Caidas,1988-2019: CCTT Tres Caidas
foro-2019-josemariumb,Viernes Santo,MONTSERRAT,Paso de Misterio,1992,CCTT Tres Caidas,1988-2019: CCTT Tres Caidas
foro-2019-josemariumb,Viernes Santo,MONTSERRAT,Paso de Misterio,1993,CCTT Tres Caidas,1988-2019: CCTT Tres Caidas
foro-2019-josemariumb,Viernes Santo,MONTSERRAT,Paso de Misterio,1994,CCTT Tres Caidas,1988-2019: CCTT Tres Caidas
foro-2019-josemariumb,Viernes Santo,MONTSERRAT,Paso de Misterio,1995,CCTT Tres Caidas,1988-2019: CCTT Tres Caidas
foro-2019-josemariumb,Viernes Santo,MONTSERRAT,Paso de Misterio,1996,CCTT Tres Caidas,1988-2019: CCTT Tres Caidas
foro-2019-josemariumb,Viernes Santo,MONTSERRAT,Paso de Misterio,1997,CCTT Tres Caidas,1988-2019: CCTT Tres Caidas
foro-2019-josemariumb,Viernes Santo,MONTSERRAT,Paso de Misterio,1998,CCTT Tres Caidas,1988-2019: CCTT Tres Caidas
foro-2019-josemariumb,Viernes Santo,MONTSERRAT,Paso de Misterio,1999,CCTT Tres Caidas,1988-2019: CCTT Tres Caidas
foro-2019-josemariumb,Viernes Santo,MONTSERRAT,Paso de Misterio,2000,CCTT Tres Caidas,1988-2019: CCTT Tres Caidas
foro-2019-josemariumb,Viernes Santo,MONTSERRAT,Paso de Misterio,2001,CCTT Tres Caidas,1988-2019: CCTT Tres Caidas
foro-2019-josemariumb,Viernes Santo,MONTSERRAT,Paso de Misterio,2002,CCTT Tres Caidas,1988-2019: CCTT Tres Caidas
foro-2019-josemariumb,Viernes Santo,MONTSERRAT,Paso de Misterio,2003,CCTT Tres Caidas,1988-2019: CCTT Tres Caidas
foro-2019-josemariumb,Viernes Santo,MONTSERRAT,Paso de Misterio,2004,CCTT Tres Caidas,1988-2019: CCTT Tres Caidas
foro-2019-josemariumb,Viernes Santo,MONTSERRAT,Paso de Misterio,2005,CCTT Tres Caidas,1988-2019: CCTT Tres Caidas
foro-2019-josemariumb,Viernes Santo,MONTSERRAT,Paso de Misterio,2006,CCTT Tres Caidas,1988-2019: CCTT Tres Caidas
foro-2019-josemariumb,Viernes Santo,MONTSERRAT,Paso de Misterio,2007,CCTT Tres Caidas,1988-2019: CCTT Tres Caidas
foro-2019-josemariumb,Viernes Santo,MONTSERRAT,Paso de Misterio,2008,CCTT Tres Caidas,1988-2019: CCTT Tres Caidas
foro-2019-josemariumb,Viernes Santo,MONTSERRAT,Paso de Misterio,2009,CCTT Tres Caidas,1988-2019: CCTT Tres Caidas
foro-2019-josemariumb,Viernes Santo,MONTSERRAT,Paso de Misterio,2010,CCTT Tres Caidas,1988-2019: CCTT Tres Caidas
foro-2019-josemariumb,Viernes Santo,MONTSERRAT,Paso de Misterio,2011,CCTT Tres Caidas,1988-2019: CCTT Tres Caidas
foro-2019-josemariumb,Viernes Santo,MONTSERRAT,Paso de Misterio,2012,CCTT Tres Caidas,1988-2019: CCTT Tres Caidas
foro-2019-josemariumb,Viernes Santo,MONTSERRAT,Paso de Misterio,2013,CCTT Tres Caidas,1988-2019: CCTT Tres Caidas
foro-2019-josemariumb,Viernes Santo,MONTSERRAT,Paso de Misterio,2014,CCTT Tres Caidas,1988-2019: CCTT Tres Caidas
foro-2019-josemariumb,Viernes Santo,MONTSERRAT,Paso de Misterio,2015,CCTT Tres Caidas,1988-2019: CCTT Tres Caidas
foro-2019-josemariumb,Viernes Santo,MONTSERRAT,Paso de Misterio,2016,CCTT Tres Caidas,1988-2019: CCTT Tres Caidas
foro-2019-josemariumb,Viernes Santo,MONTSERRAT,Paso de Misterio,2017,CCTT Tres Caidas,1988-2019: CCTT Tres Caidas
foro-2019-josemariumb,Viernes Santo,MONTSERRAT,Paso de Misterio,2018,CCTT Tres Caidas,1988-2019: CCTT Tres Caidas
foro-2019-josemariumb,Viernes Santo,MONTSERRAT,Paso de Misterio,2019,CCTT Tres Caidas,1988-2019: CCTT Tres Caidas
foro-2019-josemariumb,Viernes Santo,MONTSERRAT,Paso de Palio,1980,BM Regimiento Soria 9,1980-1984: BM Regimiento Soria 9
foro-2019-josemariumb,Viernes Santo,MONTSERRAT,Paso de Palio,1981,BM Regimiento Soria 9,1980-1984: BM Regimiento Soria 9
foro-2019-josemariumb,Viernes Santo,MONTSERRAT,Paso de Palio,1982,BM Regimiento Soria 9,1980-1984: BM Regimiento Soria 9
foro-2019-josemariumb,Viernes Santo,MONTSERRAT,Paso de Palio,1983,BM Regimiento Soria 9,1980-1984: BM Regimiento Soria 9
foro-2019-josemariumb,Viernes Santo,MONTSERRAT,Paso de Palio,1984,BM Regimiento Soria 9,1980-1984: BM Regimiento Soria 9
foro-2019-josemariumb,Viernes Santo,MONTSERRAT,Paso de Palio,1985,BM Cruz Roja,1985: BM Cruz Roja
foro-2019-josemariumb,Viernes Santo,MONTSERRAT,Paso de Palio,1986,BM Maestro Tejera,1986-2019: BM Maestro Tejera
foro-2019-josemariumb,Viernes Santo,MONTSERRAT,Paso de Palio,1987,BM Maestro Tejera,1986-2019: BM Maestro Tejera
foro-2019-josemariumb,Viernes Santo,MONTSERRAT,Paso de Palio,1988,BM Maestro Tejera,1986-2019: BM Maestro Tejera
foro-2019-josemariumb,Viernes Santo,MONTSERRAT,Paso de Palio,1989,BM Maestro Tejera,1986-2019: BM Maestro Tejera
foro-2019-josemariumb,Viernes Santo,MONTSERRAT,Paso de Palio,1990,BM Maestro Tejera,1986-2019: BM Maestro Tejera
foro-2019-josemariumb,Viernes Santo,MONTSERRAT,Paso de Palio,1991,BM Maestro Tejera,1986-2019: BM Maestro Tejera
foro-2019-josemariumb,Viernes Santo,MONTSERRAT,Paso de Palio,1992,BM Maestro Tejera,1986-2019: BM Maestro Tejera
foro-2019-josemariumb,Viernes Santo,MONTSERRAT,Paso de Palio,1993,BM Maestro Tejera,1986-2019: BM Maestro Tejera
foro-2019-josemariumb,Viernes Santo,MONTSERRAT,Paso de Palio,1994,BM Maestro Tejera,1986-2019: BM Maestro Tejera
foro-2019-josemariumb,Viernes Santo,MONTSERRAT,Paso de Palio,1995,BM Maestro Tejera,1986-2019: BM Maestro Tejera
foro-2019-josemariumb,Viernes Santo,MONTSERRAT,Paso de Palio,1996,BM Maestro Tejera,1986-2019: BM Maestro Tejera
foro-2019-josemariumb,Viernes Santo,MONTSERRAT,Paso de Palio,1997,BM Maestro Tejera,1986-2019: BM Maestro Tejera
foro-2019-josemariumb,Viernes Santo,MONTSERRAT,Paso de Palio,1998,BM Maestro Tejera,1986-2019: BM Maestro Tejera
foro-2019-josemariumb,Viernes Santo,MONTSERRAT,Paso de Palio,1999,BM Maestro Tejera,1986-2019: BM Maestro Tejera
foro-2019-josemariumb,Viernes Santo,MONTSERRAT,Paso de Palio,2000,BM Maestro Tejera,1986-2019: BM Maestro Tejera
foro-2019-josemariumb,Viernes Santo,MONTSERRAT,Paso de Palio,2001,BM Maestro Tejera,1986-2019: BM Maestro Tejera
foro-2019-josemariumb,Viernes Santo,MONTSERRAT,Paso de Palio,2002,BM Maestro Tejera,1986-2019: BM Maestro Tejera
foro-2019-josemariumb,Viernes Santo,MONTSERRAT,Paso de Palio,2003,BM Maestro Tejera,1986-2019: BM Maestro Tejera
foro-2019-josemariumb,Viernes Santo,MONTSERRAT,Paso de Palio,2004,BM Maestro Tejera,1986-2019: BM Maestro Tejera
foro-2019-josemariumb,Viernes Santo,MONTSERRAT,Paso de Palio,2005,BM Maestro Tejera,1986-2019: BM Maestro Tejera
foro-2019-josemariumb,Viernes Santo,MONTSERRAT,Paso de Palio,2006,BM Maestro Tejera,1986-2019: BM Maestro Tejera
foro-2019-josemariumb,Viernes Santo,MONTSERRAT,Paso de Palio,2007,BM Maestro Tejera,1986-2019: BM Maestro Tejera
foro-2019-josemariumb,Viernes Santo,MONTSERRAT,Paso de Palio,2008,BM Maestro Tejera,1986-2019: BM Maestro Tejera
foro-2019-josemariumb,Viernes Santo,MONTSERRAT,Paso de Palio,2009,BM Maestro Tejera,1986-2019: BM Maestro Tejera
foro-2019-josemariumb,Viernes Santo,MONTSERRAT,Paso de Palio,2010,BM Maestro Tejera,1986-2019: BM Maestro Tejera
foro-2019-josemariumb,Viernes Santo,MONTSERRAT,Paso de Palio,2011,BM Maestro Tejera,1986-2019: BM Maestro Tejera
foro-2019-josemariumb,Viernes Santo,MONTSERRAT,Paso de Palio,2012,BM Maestro Tejera,1986-2019: BM Maestro Tejera
foro-2019-josemariumb,Viernes Santo,MONTSERRAT,Paso de Palio,2013,BM Maestro Tejera,1986-2019: BM Maestro Tejera
foro-2019-josemariumb,Viernes Santo,MONTSERRAT,Paso de Palio,2014,BM Maestro Tejera,1986-2019: BM Maestro Tejera
foro-2019-josemariumb,Viernes Santo,MONTSERRAT,Paso de Palio,2015,BM Maestro Tejera,1986-2019: BM Maestro Tejera
foro-2019-josemariumb,Viernes Santo,MONTSERRAT,Paso de Palio,2016,BM Maestro Tejera,1986-2019: BM Maestro Tejera
foro-2019-josemariumb,Viernes Santo,MONTSERRAT,Paso de Palio,2017,BM Maestro Tejera,1986-2019: BM Maestro Tejera
foro-2019-josemariumb,Viernes Santo,MONTSERRAT,Paso de Palio,2018,BM Maestro Tejera,1986-2019: BM Maestro Tejera
foro-2019-josemariumb,Viernes Santo,MONTSERRAT,Paso de Palio,2019,BM Maestro Tejera,1986-2019: BM Maestro Tejera
foro-2019-josemariumb,Sabado Santo y Domingo de Resurreccion,SOL,Paso de Cristo,2010,CCTT Sol,2010-2019: CCTT Sol
foro-2019-josemariumb,Sabado Santo y Domingo de Resurreccion,SOL,Paso de Cristo,2011,CCTT Sol,2010-2019: CCTT Sol
foro-2019-josemariumb,Sabado Santo y Domingo de Resurreccion,SOL,Paso de Cristo,2012,CCTT Sol,2010-2019: CCTT Sol
foro-2019-josemariumb,Sabado Santo y Domingo de Resurreccion,SOL,Paso de Cristo,2013,CCTT Sol,2010-2019: CCTT Sol
foro-2019-josemariumb,Sabado Santo y Domingo de Resurreccion,SOL,Paso de Cristo,2014,CCTT Sol,2010-2019: CCTT Sol
foro-2019-josemariumb,Sabado Santo y Domingo de Resurreccion,SOL,Paso de Cristo,2015,CCTT Sol,2010-2019: CCTT Sol
foro-2019-josemariumb,Sabado Santo y Domingo de Resurreccion,SOL,Paso de Cristo,2016,CCTT Sol,2010-2019: CCTT Sol
foro-2019-josemariumb,Sabado Santo y Domingo de Resurreccion,SOL,Paso de Cristo,2017,CCTT Sol,2010-2019: CCTT Sol
foro-2019-josemariumb,Sabado Santo y Domingo de Resurreccion,SOL,Paso de Cristo,2018,CCTT Sol,2010-2019: CCTT Sol
foro-2019-josemariumb,Sabado Santo y Domingo de Resurreccion,SOL,Paso de Cristo,2019,CCTT Sol,2010-2019: CCTT Sol
foro-2019-josemariumb,Sabado Santo y Domingo de Resurreccion,SERVITAS,Paso de Cristo,1980,BM Nuestra Senora del Aguila de Alcala de Guadaira,1980-2019: BM Nuestra Senora del Aguila de Alcala de Guadaira
foro-2019-josemariumb,Sabado Santo y Domingo de Resurreccion,SERVITAS,Paso de Cristo,1981,BM Nuestra Senora del Aguila de Alcala de Guadaira,1980-2019: BM Nuestra Senora del Aguila de Alcala de Guadaira
foro-2019-josemariumb,Sabado Santo y Domingo de Resurreccion,SERVITAS,Paso de Cristo,1982,BM Nuestra Senora del Aguila de Alcala de Guadaira,1980-2019: BM Nuestra Senora del Aguila de Alcala de Guadaira
foro-2019-josemariumb,Sabado Santo y Domingo de Resurreccion,SERVITAS,Paso de Cristo,1983,BM Nuestra Senora del Aguila de Alcala de Guadaira,1980-2019: BM Nuestra Senora del Aguila de Alcala de Guadaira
foro-2019-josemariumb,Sabado Santo y Domingo de Resurreccion,SERVITAS,Paso de Cristo,1984,BM Nuestra Senora del Aguila de Alcala de Guadaira,1980-2019: BM Nuestra Senora del Aguila de Alcala de Guadaira
foro-2019-josemariumb,Sabado Santo y Domingo de Resurreccion,SERVITAS,Paso de Cristo,1985,BM Nuestra Senora del Aguila de Alcala de Guadaira,1980-2019: BM Nuestra Senora del Aguila de Alcala de Guadaira
foro-2019-josemariumb,Sabado Santo y Domingo de Resurreccion,SERVITAS,Paso de Cristo,1986,BM Nuestra Senora del Aguila de Alcala de Guadaira,1980-2019: BM Nuestra Senora del Aguila de Alcala de Guadaira
foro-2019-josemariumb,Sabado Santo y Domingo de Resurreccion,SERVITAS,Paso de Cristo,1987,BM Nuestra Senora del Aguila de Alcala de Guadaira,1980-2019: BM Nuestra Senora del Aguila de Alcala de Guadaira
foro-2019-josemariumb,Sabado Santo y Domingo de Resurreccion,SERVITAS,Paso de Cristo,1988,BM Nuestra Senora del Aguila de Alcala de Guadaira,1980-2019: BM Nuestra Senora del Aguila de Alcala de Guadaira
foro-2019-josemariumb,Sabado Santo y Domingo de Resurreccion,SERVITAS,Paso de Cristo,1989,BM Nuestra Senora del Aguila de Alcala de Guadaira,1980-2019: BM Nuestra Senora del Aguila de Alcala de Guadaira
foro-2019-josemariumb,Sabado Santo y Domingo de Resurreccion,SERVITAS,Paso de Cristo,1990,BM Nuestra Senora del Aguila de Alcala de Guadaira,1980-2019: BM Nuestra Senora del Aguila de Alcala de Guadaira
foro-2019-josemariumb,Sabado Santo y Domingo de Resurreccion,SERVITAS,Paso de Cristo,1991,BM Nuestra Senora del Aguila de Alcala de Guadaira,1980-2019: BM Nuestra Senora del Aguila de Alcala de Guadaira
foro-2019-josemariumb,Sabado Santo y Domingo de Resurreccion,SERVITAS,Paso de Cristo,1992,BM Nuestra Senora del Aguila de Alcala de Guadaira,1980-2019: BM Nuestra Senora del Aguila de Alcala de Guadaira
foro-2019-josemariumb,Sabado Santo y Domingo de Resurreccion,SERVITAS,Paso de Cristo,1993,BM Nuestra Senora del Aguila de Alcala de Guadaira,1980-2019: BM Nuestra Senora del Aguila de Alcala de Guadaira
foro-2019-josemariumb,Sabado Santo y Domingo de Resurreccion,SERVITAS,Paso de Cristo,1994,BM Nuestra Senora del Aguila de Alcala de Guadaira,1980-2019: BM Nuestra Senora del Aguila de Alcala de Guadaira
foro-2019-josemariumb,Sabado Santo y Domingo de Resurreccion,SERVITAS,Paso de Cristo,1995,BM Nuestra Senora del Aguila de Alcala de Guadaira,1980-2019: BM Nuestra Senora del Aguila de Alcala de Guadaira
foro-2019-josemariumb,Sabado Santo y Domingo de Resurreccion,SERVITAS,Paso de Cristo,1996,BM Nuestra Senora del Aguila de Alcala de Guadaira,1980-2019: BM Nuestra Senora del Aguila de Alcala de Guadaira
foro-2019-josemariumb,Sabado Santo y Domingo de Resurreccion,SERVITAS,Paso de Cristo,1997,BM Nuestra Senora del Aguila de Alcala de Guadaira,1980-2019: BM Nuestra Senora del Aguila de Alcala de Guadaira
foro-2019-josemariumb,Sabado Santo y Domingo de Resurreccion,SERVITAS,Paso de Cristo,1998,BM Nuestra Senora del Aguila de Alcala de Guadaira,1980-2019: BM Nuestra Senora del Aguila de Alcala de Guadaira
foro-2019-josemariumb,Sabado Santo y Domingo de Resurreccion,SERVITAS,Paso de Cristo,1999,BM Nuestra Senora del Aguila de Alcala de Guadaira,1980-2019: BM Nuestra Senora del Aguila de Alcala de Guadaira
foro-2019-josemariumb,Sabado Santo y Domingo de Resurreccion,SERVITAS,Paso de Cristo,2000,BM Nuestra Senora del Aguila de Alcala de Guadaira,1980-2019: BM Nuestra Senora del Aguila de Alcala de Guadaira
foro-2019-josemariumb,Sabado Santo y Domingo de Resurreccion,SERVITAS,Paso de Cristo,2001,BM Nuestra Senora del Aguila de Alcala de Guadaira,1980-2019: BM Nuestra Senora del Aguila de Alcala de Guadaira
foro-2019-josemariumb,Sabado Santo y Domingo de Resurreccion,SERVITAS,Paso de Cristo,2002,BM Nuestra Senora del Aguila de Alcala de Guadaira,1980-2019: BM Nuestra Senora del Aguila de Alcala de Guadaira
foro-2019-josemariumb,Sabado Santo y Domingo de Resurreccion,SERVITAS,Paso de Cristo,2003,BM Nuestra Senora del Aguila de Alcala de Guadaira,1980-2019: BM Nuestra Senora del Aguila de Alcala de Guadaira
foro-2019-josemariumb,Sabado Santo y Domingo de Resurreccion,SERVITAS,Paso de Cristo,2004,BM Nuestra Senora del Aguila de Alcala de Guadaira,1980-2019: BM Nuestra Senora del Aguila de Alcala de Guadaira
foro-2019-josemariumb,Sabado Santo y Domingo de Resurreccion,SERVITAS,Paso de Cristo,2005,BM Nuestra Senora del Aguila de Alcala de Guadaira,1980-2019: BM Nuestra Senora del Aguila de Alcala de Guadaira
foro-2019-josemariumb,Sabado Santo y Domingo de Resurreccion,SERVITAS,Paso de Cristo,2006,BM Nuestra Senora del Aguila de Alcala de Guadaira,1980-2019: BM Nuestra Senora del Aguila de Alcala de Guadaira
foro-2019-josemariumb,Sabado Santo y Domingo de Resurreccion,SERVITAS,Paso de Cristo,2007,BM Nuestra Senora del Aguila de Alcala de Guadaira,1980-2019: BM Nuestra Senora del Aguila de Alcala de Guadaira
foro-2019-josemariumb,Sabado Santo y Domingo de Resurreccion,SERVITAS,Paso de Cristo,2008,BM Nuestra Senora del Aguila de Alcala de Guadaira,1980-2019: BM Nuestra Senora del Aguila de Alcala de Guadaira
foro-2019-josemariumb,Sabado Santo y Domingo de Resurreccion,SERVITAS,Paso de Cristo,2009,BM Nuestra Senora del Aguila de Alcala de Guadaira,1980-2019: BM Nuestra Senora del Aguila de Alcala de Guadaira
foro-2019-josemariumb,Sabado Santo y Domingo de Resurreccion,SERVITAS,Paso de Cristo,2010,BM Nuestra Senora del Aguila de Alcala de Guadaira,1980-2019: BM Nuestra Senora del Aguila de Alcala de Guadaira
foro-2019-josemariumb,Sabado Santo y Domingo de Resurreccion,SERVITAS,Paso de Cristo,2011,BM Nuestra Senora del Aguila de Alcala de Guadaira,1980-2019: BM Nuestra Senora del Aguila de Alcala de Guadaira
foro-2019-josemariumb,Sabado Santo y Domingo de Resurreccion,SERVITAS,Paso de Cristo,2012,BM Nuestra Senora del Aguila de Alcala de Guadaira,1980-2019: BM Nuestra Senora del Aguila de Alcala de Guadaira
foro-2019-josemariumb,Sabado Santo y Domingo de Resurreccion,SERVITAS,Paso de Cristo,2013,BM Nuestra Senora del Aguila de Alcala de Guadaira,1980-2019: BM Nuestra Senora del Aguila de Alcala de Guadaira
foro-2019-josemariumb,Sabado Santo y Domingo de Resurreccion,SERVITAS,Paso de Cristo,2014,BM Nuestra Senora del Aguila de Alcala de Guadaira,1980-2019: BM Nuestra Senora del Aguila de Alcala de Guadaira
foro-2019-josemariumb,Sabado Santo y Domingo de Resurreccion,SERVITAS,Paso de Cristo,2015,BM Nuestra Senora del Aguila de Alcala de Guadaira,1980-2019: BM Nuestra Senora del Aguila de Alcala de Guadaira
foro-2019-josemariumb,Sabado Santo y Domingo de Resurreccion,SERVITAS,Paso de Cristo,2016,BM Nuestra Senora del Aguila de Alcala de Guadaira,1980-2019: BM Nuestra Senora del Aguila de Alcala de Guadaira
foro-2019-josemariumb,Sabado Santo y Domingo de Resurreccion,SERVITAS,Paso de Cristo,2017,BM Nuestra Senora del Aguila de Alcala de Guadaira,1980-2019: BM Nuestra Senora del Aguila de Alcala de Guadaira
foro-2019-josemariumb,Sabado Santo y Domingo de Resurreccion,SERVITAS,Paso de Cristo,2018,BM Nuestra Senora del Aguila de Alcala de Guadaira,1980-2019: BM Nuestra Senora del Aguila de Alcala de Guadaira
foro-2019-josemariumb,Sabado Santo y Domingo de Resurreccion,SERVITAS,Paso de Cristo,2019,BM Nuestra Senora del Aguila de Alcala de Guadaira,1980-2019: BM Nuestra Senora del Aguila de Alcala de Guadaira
foro-2019-josemariumb,Sabado Santo y Domingo de Resurreccion,TRINIDAD,Paso del Decreto,1994,AM Stma. Trinidad,1994-1996: AM Stma. Trinidad
foro-2019-josemariumb,Sabado Santo y Domingo de Resurreccion,TRINIDAD,Paso del Decreto,1995,AM Stma. Trinidad,1994-1996: AM Stma. Trinidad
foro-2019-josemariumb,Sabado Santo y Domingo de Resurreccion,TRINIDAD,Paso del Decreto,1996,AM Stma. Trinidad,1994-1996: AM Stma. Trinidad
foro-2019-josemariumb,Sabado Santo y Domingo de Resurreccion,TRINIDAD,Paso del Decreto,1997,CCTT Las Cigarreras,1997-2019: CCTT Las Cigarreras
foro-2019-josemariumb,Sabado Santo y Domingo de Resurreccion,TRINIDAD,Paso del Decreto,1998,CCTT Las Cigarreras,1997-2019: CCTT Las Cigarreras
foro-2019-josemariumb,Sabado Santo y Domingo de Resurreccion,TRINIDAD,Paso del Decreto,1999,CCTT Las Cigarreras,1997-2019: CCTT Las Cigarreras
foro-2019-josemariumb,Sabado Santo y Domingo de Resurreccion,TRINIDAD,Paso del Decreto,2000,CCTT Las Cigarreras,1997-2019: CCTT Las Cigarreras
foro-2019-josemariumb,Sabado Santo y Domingo de Resurreccion,TRINIDAD,Paso del Decreto,2001,CCTT Las Cigarreras,1997-2019: CCTT Las Cigarreras
foro-2019-josemariumb,Sabado Santo y Domingo de Resurreccion,TRINIDAD,Paso del Decreto,2002,CCTT Las Cigarreras,1997-2019: CCTT Las Cigarreras
foro-2019-josemariumb,Sabado Santo y Domingo de Resurreccion,TRINIDAD,Paso del Decreto,2003,CCTT Las Cigarreras,1997-2019: CCTT Las Cigarreras
foro-2019-josemariumb,Sabado Santo y Domingo de Resurreccion,TRINIDAD,Paso del Decreto,2004,CCTT Las Cigarreras,1997-2019: CCTT Las Cigarreras
foro-2019-josemariumb,Sabado Santo y Domingo de Resurreccion,TRINIDAD,Paso del Decreto,2005,CCTT Las Cigarreras,1997-2019: CCTT Las Cigarreras
foro-2019-josemariumb,Sabado Santo y Domingo de Resurreccion,TRINIDAD,Paso del Decreto,2006,CCTT Las Cigarreras,1997-2019: CCTT Las Cigarreras
foro-2019-josemariumb,Sabado Santo y Domingo de Resurreccion,TRINIDAD,Paso del Decreto,2007,CCTT Las Cigarreras,1997-2019: CCTT Las Cigarreras
foro-2019-josemariumb,Sabado Santo y Domingo de Resurreccion,TRINIDAD,Paso del Decreto,2008,CCTT Las Cigarreras,1997-2019: CCTT Las Cigarreras
foro-2019-josemariumb,Sabado Santo y Domingo de Resurreccion,TRINIDAD,Paso del Decreto,2009,CCTT Las Cigarreras,1997-2019: CCTT Las Cigarreras
foro-2019-josemariumb,Sabado Santo y Domingo de Resurreccion,TRINIDAD,Paso del Decreto,2010,CCTT Las Cigarreras,1997-2019: CCTT Las Cigarreras
foro-2019-josemariumb,Sabado Santo y Domingo de Resurreccion,TRINIDAD,Paso del Decreto,2011,CCTT Las Cigarreras,1997-2019: CCTT Las Cigarreras
foro-2019-josemariumb,Sabado Santo y Domingo de Resurreccion,TRINIDAD,Paso del Decreto,2012,CCTT Las Cigarreras,1997-2019: CCTT Las Cigarreras
foro-2019-josemariumb,Sabado Santo y Domingo de Resurreccion,TRINIDAD,Paso del Decreto,2013,CCTT Las Cigarreras,1997-2019: CCTT Las Cigarreras
foro-2019-josemariumb,Sabado Santo y Domingo de Resurreccion,TRINIDAD,Paso del Decreto,2014,CCTT Las Cigarreras,1997-2019: CCTT Las Cigarreras
foro-2019-josemariumb,Sabado Santo y Domingo de Resurreccion,TRINIDAD,Paso del Decreto,2015,CCTT Las Cigarreras,1997-2019: CCTT Las Cigarreras
foro-2019-josemariumb,Sabado Santo y Domingo de Resurreccion,TRINIDAD,Paso del Decreto,2016,CCTT Las Cigarreras,1997-2019: CCTT Las Cigarreras
foro-2019-josemariumb,Sabado Santo y Domingo de Resurreccion,TRINIDAD,Paso del Decreto,2017,CCTT Las Cigarreras,1997-2019: CCTT Las Cigarreras
foro-2019-josemariumb,Sabado Santo y Domingo de Resurreccion,TRINIDAD,Paso del Decreto,2018,CCTT Las Cigarreras,1997-2019: CCTT Las Cigarreras
foro-2019-josemariumb,Sabado Santo y Domingo de Resurreccion,TRINIDAD,Paso del Decreto,2019,CCTT Las Cigarreras,1997-2019: CCTT Las Cigarreras
foro-2019-josemariumb,Sabado Santo y Domingo de Resurreccion,TRINIDAD,Paso de las Cinco Llagas,1980,AM Sta. Ma Magdalena (Arahal),1980-1986: AM Sta. Ma Magdalena (Arahal)
foro-2019-josemariumb,Sabado Santo y Domingo de Resurreccion,TRINIDAD,Paso de las Cinco Llagas,1981,AM Sta. Ma Magdalena (Arahal),1980-1986: AM Sta. Ma Magdalena (Arahal)
foro-2019-josemariumb,Sabado Santo y Domingo de Resurreccion,TRINIDAD,Paso de las Cinco Llagas,1982,AM Sta. Ma Magdalena (Arahal),1980-1986: AM Sta. Ma Magdalena (Arahal)
foro-2019-josemariumb,Sabado Santo y Domingo de Resurreccion,TRINIDAD,Paso de las Cinco Llagas,1983,AM Sta. Ma Magdalena (Arahal),1980-1986: AM Sta. Ma Magdalena (Arahal)
foro-2019-josemariumb,Sabado Santo y Domingo de Resurreccion,TRINIDAD,Paso de las Cinco Llagas,1984,AM Sta. Ma Magdalena (Arahal),1980-1986: AM Sta. Ma Magdalena (Arahal)
foro-2019-josemariumb,Sabado Santo y Domingo de Resurreccion,TRINIDAD,Paso de las Cinco Llagas,1985,AM Sta. Ma Magdalena (Arahal),1980-1986: AM Sta. Ma Magdalena (Arahal)
foro-2019-josemariumb,Sabado Santo y Domingo de Resurreccion,TRINIDAD,Paso de las Cinco Llagas,1986,AM Sta. Ma Magdalena (Arahal),1980-1986: AM Sta. Ma Magdalena (Arahal)
foro-2019-josemariumb,Sabado Santo y Domingo de Resurreccion,TRINIDAD,Paso de las Cinco Llagas,1987,AM Ntra. Sra. de las Angustias,1987: AM Ntra. Sra. de las Angustias
foro-2019-josemariumb,Sabado Santo y Domingo de Resurreccion,TRINIDAD,Paso de las Cinco Llagas,1988,AM Stma. Trinidad,1988-1993: AM Stma. Trinidad
foro-2019-josemariumb,Sabado Santo y Domingo de Resurreccion,TRINIDAD,Paso de las Cinco Llagas,1989,AM Stma. Trinidad,1988-1993: AM Stma. Trinidad
foro-2019-josemariumb,Sabado Santo y Domingo de Resurreccion,TRINIDAD,Paso de las Cinco Llagas,1990,AM Stma. Trinidad,1988-1993: AM Stma. Trinidad
foro-2019-josemariumb,Sabado Santo y Domingo de Resurreccion,TRINIDAD,Paso de las Cinco Llagas,1991,AM Stma. Trinidad,1988-1993: AM Stma. Trinidad
foro-2019-josemariumb,Sabado Santo y Domingo de Resurreccion,TRINIDAD,Paso de las Cinco Llagas,1992,AM Stma. Trinidad,1988-1993: AM Stma. Trinidad
foro-2019-josemariumb,Sabado Santo y Domingo de Resurreccion,TRINIDAD,Paso de las Cinco Llagas,1993,AM Stma. Trinidad,1988-1993: AM Stma. Trinidad
foro-2019-josemariumb,Sabado Santo y Domingo de Resurreccion,TRINIDAD,Paso de las Cinco Llagas,1994,CCTT Tres Caidas,1994-2019: CCTT Tres Caidas
foro-2019-josemariumb,Sabado Santo y Domingo de Resurreccion,TRINIDAD,Paso de las Cinco Llagas,1995,CCTT Tres Caidas,1994-2019: CCTT Tres Caidas
foro-2019-josemariumb,Sabado Santo y Domingo de Resurreccion,TRINIDAD,Paso de las Cinco Llagas,1996,CCTT Tres Caidas,1994-2019: CCTT Tres Caidas
foro-2019-josemariumb,Sabado Santo y Domingo de Resurreccion,TRINIDAD,Paso de las Cinco Llagas,1997,CCTT Tres Caidas,1994-2019: CCTT Tres Caidas
foro-2019-josemariumb,Sabado Santo y Domingo de Resurreccion,TRINIDAD,Paso de las Cinco Llagas,1998,CCTT Tres Caidas,1994-2019: CCTT Tres Caidas
foro-2019-josemariumb,Sabado Santo y Domingo de Resurreccion,TRINIDAD,Paso de las Cinco Llagas,1999,CCTT Tres Caidas,1994-2019: CCTT Tres Caidas
foro-2019-josemariumb,Sabado Santo y Domingo de Resurreccion,TRINIDAD,Paso de las Cinco Llagas,2000,CCTT Tres Caidas,1994-2019: CCTT Tres Caidas
foro-2019-josemariumb,Sabado Santo y Domingo de Resurreccion,TRINIDAD,Paso de las Cinco Llagas,2001,CCTT Tres Caidas,1994-2019: CCTT Tres Caidas
foro-2019-josemariumb,Sabado Santo y Domingo de Resurreccion,TRINIDAD,Paso de las Cinco Llagas,2002,CCTT Tres Caidas,1994-2019: CCTT Tres Caidas
foro-2019-josemariumb,Sabado Santo y Domingo de Resurreccion,TRINIDAD,Paso de las Cinco Llagas,2003,CCTT Tres Caidas,1994-2019: CCTT Tres Caidas
foro-2019-josemariumb,Sabado Santo y Domingo de Resurreccion,TRINIDAD,Paso de las Cinco Llagas,2004,CCTT Tres Caidas,1994-2019: CCTT Tres Caidas
foro-2019-josemariumb,Sabado Santo y Domingo de Resurreccion,TRINIDAD,Paso de las Cinco Llagas,2005,CCTT Tres Caidas,1994-2019: CCTT Tres Caidas
foro-2019-josemariumb,Sabado Santo y Domingo de Resurreccion,TRINIDAD,Paso de las Cinco Llagas,2006,CCTT Tres Caidas,1994-2019: CCTT Tres Caidas
foro-2019-josemariumb,Sabado Santo y Domingo de Resurreccion,TRINIDAD,Paso de las Cinco Llagas,2007,CCTT Tres Caidas,1994-2019: CCTT Tres Caidas
foro-2019-josemariumb,Sabado Santo y Domingo de Resurreccion,TRINIDAD,Paso de las Cinco Llagas,2008,CCTT Tres Caidas,1994-2019: CCTT Tres Caidas
foro-2019-josemariumb,Sabado Santo y Domingo de Resurreccion,TRINIDAD,Paso de las Cinco Llagas,2009,CCTT Tres Caidas,1994-2019: CCTT Tres Caidas
foro-2019-josemariumb,Sabado Santo y Domingo de Resurreccion,TRINIDAD,Paso de las Cinco Llagas,2010,CCTT Tres Caidas,1994-2019: CCTT Tres Caidas
foro-2019-josemariumb,Sabado Santo y Domingo de Resurreccion,TRINIDAD,Paso de las Cinco Llagas,2011,CCTT Tres Caidas,1994-2019: CCTT Tres Caidas
foro-2019-josemariumb,Sabado Santo y Domingo de Resurreccion,TRINIDAD,Paso de las Cinco Llagas,2012,CCTT Tres Caidas,1994-2019: CCTT Tres Caidas
foro-2019-josemariumb,Sabado Santo y Domingo de Resurreccion,TRINIDAD,Paso de las Cinco Llagas,2013,CCTT Tres Caidas,1994-2019: CCTT Tres Caidas
foro-2019-josemariumb,Sabado Santo y Domingo de Resurreccion,TRINIDAD,Paso de las Cinco Llagas,2014,CCTT Tres Caidas,1994-2019: CCTT Tres Caidas
foro-2019-josemariumb,Sabado Santo y Domingo de Resurreccion,TRINIDAD,Paso de las Cinco Llagas,2015,CCTT Tres Caidas,1994-2019: CCTT Tres Caidas
foro-2019-josemariumb,Sabado Santo y Domingo de Resurreccion,TRINIDAD,Paso de las Cinco Llagas,2016,CCTT Tres Caidas,1994-2019: CCTT Tres Caidas
foro-2019-josemariumb,Sabado Santo y Domingo de Resurreccion,TRINIDAD,Paso de las Cinco Llagas,2017,CCTT Tres Caidas,1994-2019: CCTT Tres Caidas
foro-2019-josemariumb,Sabado Santo y Domingo de Resurreccion,TRINIDAD,Paso de las Cinco Llagas,2018,CCTT Tres Caidas,1994-2019: CCTT Tres Caidas
foro-2019-josemariumb,Sabado Santo y Domingo de Resurreccion,TRINIDAD,Paso de las Cinco Llagas,2019,CCTT Tres Caidas,1994-2019: CCTT Tres Caidas
foro-2019-josemariumb,Sabado Santo y Domingo de Resurreccion,SANTO ENTIERRO,Paso de la Urna,1980,BM Municipal de Sevilla,1980-2019: BM Municipal de Sevilla
foro-2019-josemariumb,Sabado Santo y Domingo de Resurreccion,SANTO ENTIERRO,Paso de la Urna,1981,BM Municipal de Sevilla,1980-2019: BM Municipal de Sevilla
foro-2019-josemariumb,Sabado Santo y Domingo de Resurreccion,SANTO ENTIERRO,Paso de la Urna,1982,BM Municipal de Sevilla,1980-2019: BM Municipal de Sevilla
foro-2019-josemariumb,Sabado Santo y Domingo de Resurreccion,SANTO ENTIERRO,Paso de la Urna,1983,BM Municipal de Sevilla,1980-2019: BM Municipal de Sevilla
foro-2019-josemariumb,Sabado Santo y Domingo de Resurreccion,SANTO ENTIERRO,Paso de la Urna,1984,BM Municipal de Sevilla,1980-2019: BM Municipal de Sevilla
foro-2019-josemariumb,Sabado Santo y Domingo de Resurreccion,SANTO ENTIERRO,Paso de la Urna,1985,BM Municipal de Sevilla,1980-2019: BM Municipal de Sevilla
foro-2019-josemariumb,Sabado Santo y Domingo de Resurreccion,SANTO ENTIERRO,Paso de la Urna,1986,BM Municipal de Sevilla,1980-2019: BM Municipal de Sevilla
foro-2019-josemariumb,Sabado Santo y Domingo de Resurreccion,SANTO ENTIERRO,Paso de la Urna,1987,BM Municipal de Sevilla,1980-2019: BM Municipal de Sevilla
foro-2019-josemariumb,Sabado Santo y Domingo de Resurreccion,SANTO ENTIERRO,Paso de la Urna,1988,BM Municipal de Sevilla,1980-2019: BM Municipal de Sevilla
foro-2019-josemariumb,Sabado Santo y Domingo de Resurreccion,SANTO ENTIERRO,Paso de la Urna,1989,BM Municipal de Sevilla,1980-2019: BM Municipal de Sevilla
foro-2019-josemariumb,Sabado Santo y Domingo de Resurreccion,SANTO ENTIERRO,Paso de la Urna,1990,BM Municipal de Sevilla,1980-2019: BM Municipal de Sevilla
foro-2019-josemariumb,Sabado Santo y Domingo de Resurreccion,SANTO ENTIERRO,Paso de la Urna,1991,BM Municipal de Sevilla,1980-2019: BM Municipal de Sevilla
foro-2019-josemariumb,Sabado Santo y Domingo de Resurreccion,SANTO ENTIERRO,Paso de la Urna,1992,BM Municipal de Sevilla,1980-2019: BM Municipal de Sevilla
foro-2019-josemariumb,Sabado Santo y Domingo de Resurreccion,SANTO ENTIERRO,Paso de la Urna,1993,BM Municipal de Sevilla,1980-2019: BM Municipal de Sevilla
foro-2019-josemariumb,Sabado Santo y Domingo de Resurreccion,SANTO ENTIERRO,Paso de la Urna,1994,BM Municipal de Sevilla,1980-2019: BM Municipal de Sevilla
foro-2019-josemariumb,Sabado Santo y Domingo de Resurreccion,SANTO ENTIERRO,Paso de la Urna,1995,BM Municipal de Sevilla,1980-2019: BM Municipal de Sevilla
foro-2019-josemariumb,Sabado Santo y Domingo de Resurreccion,SANTO ENTIERRO,Paso de la Urna,1996,BM Municipal de Sevilla,1980-2019: BM Municipal de Sevilla
foro-2019-josemariumb,Sabado Santo y Domingo de Resurreccion,SANTO ENTIERRO,Paso de la Urna,1997,BM Municipal de Sevilla,1980-2019: BM Municipal de Sevilla
foro-2019-josemariumb,Sabado Santo y Domingo de Resurreccion,SANTO ENTIERRO,Paso de la Urna,1998,BM Municipal de Sevilla,1980-2019: BM Municipal de Sevilla
foro-2019-josemariumb,Sabado Santo y Domingo de Resurreccion,SANTO ENTIERRO,Paso de la Urna,1999,BM Municipal de Sevilla,1980-2019: BM Municipal de Sevilla
foro-2019-josemariumb,Sabado Santo y Domingo de Resurreccion,SANTO ENTIERRO,Paso de la Urna,2000,BM Municipal de Sevilla,1980-2019: BM Municipal de Sevilla
foro-2019-josemariumb,Sabado Santo y Domingo de Resurreccion,SANTO ENTIERRO,Paso de la Urna,2001,BM Municipal de Sevilla,1980-2019: BM Municipal de Sevilla
foro-2019-josemariumb,Sabado Santo y Domingo de Resurreccion,SANTO ENTIERRO,Paso de la Urna,2002,BM Municipal de Sevilla,1980-2019: BM Municipal de Sevilla
foro-2019-josemariumb,Sabado Santo y Domingo de Resurreccion,SANTO ENTIERRO,Paso de la Urna,2003,BM Municipal de Sevilla,1980-2019: BM Municipal de Sevilla
foro-2019-josemariumb,Sabado Santo y Domingo de Resurreccion,SANTO ENTIERRO,Paso de la Urna,2004,BM Municipal de Sevilla,1980-2019: BM Municipal de Sevilla
foro-2019-josemariumb,Sabado Santo y Domingo de Resurreccion,SANTO ENTIERRO,Paso de la Urna,2005,BM Municipal de Sevilla,1980-2019: BM Municipal de Sevilla
foro-2019-josemariumb,Sabado Santo y Domingo de Resurreccion,SANTO ENTIERRO,Paso de la Urna,2006,BM Municipal de Sevilla,1980-2019: BM Municipal de Sevilla
foro-2019-josemariumb,Sabado Santo y Domingo de Resurreccion,SANTO ENTIERRO,Paso de la Urna,2007,BM Municipal de Sevilla,1980-2019: BM Municipal de Sevilla
foro-2019-josemariumb,Sabado Santo y Domingo de Resurreccion,SANTO ENTIERRO,Paso de la Urna,2008,BM Municipal de Sevilla,1980-2019: BM Municipal de Sevilla
foro-2019-josemariumb,Sabado Santo y Domingo de Resurreccion,SANTO ENTIERRO,Paso de la Urna,2009,BM Municipal de Sevilla,1980-2019: BM Municipal de Sevilla
foro-2019-josemariumb,Sabado Santo y Domingo de Resurreccion,SANTO ENTIERRO,Paso de la Urna,2010,BM Municipal de Sevilla,1980-2019: BM Municipal de Sevilla
foro-2019-josemariumb,Sabado Santo y Domingo de Resurreccion,SANTO ENTIERRO,Paso de la Urna,2011,BM Municipal de Sevilla,1980-2019: BM Municipal de Sevilla
foro-2019-josemariumb,Sabado Santo y Domingo de Resurreccion,SANTO ENTIERRO,Paso de la Urna,2012,BM Municipal de Sevilla,1980-2019: BM Municipal de Sevilla
foro-2019-josemariumb,Sabado Santo y Domingo de Resurreccion,SANTO ENTIERRO,Paso de la Urna,2013,BM Municipal de Sevilla,1980-2019: BM Municipal de Sevilla
foro-2019-josemariumb,Sabado Santo y Domingo de Resurreccion,SANTO ENTIERRO,Paso de la Urna,2014,BM Municipal de Sevilla,1980-2019: BM Municipal de Sevilla
foro-2019-josemariumb,Sabado Santo y Domingo de Resurreccion,SANTO ENTIERRO,Paso de la Urna,2015,BM Municipal de Sevilla,1980-2019: BM Municipal de Sevilla
foro-2019-josemariumb,Sabado Santo y Domingo de Resurreccion,SANTO ENTIERRO,Paso de la Urna,2016,BM Municipal de Sevilla,1980-2019: BM Municipal de Sevilla
foro-2019-josemariumb,Sabado Santo y Domingo de Resurreccion,SANTO ENTIERRO,Paso de la Urna,2017,BM Municipal de Sevilla,1980-2019: BM Municipal de Sevilla
foro-2019-josemariumb,Sabado Santo y Domingo de Resurreccion,SANTO ENTIERRO,Paso de la Urna,2018,BM Municipal de Sevilla,1980-2019: BM Municipal de Sevilla
foro-2019-josemariumb,Sabado Santo y Domingo de Resurreccion,SANTO ENTIERRO,Paso de la Urna,2019,BM Municipal de Sevilla,1980-2019: BM Municipal de Sevilla
foro-2019-josemariumb,Sabado Santo y Domingo de Resurreccion,RESURRECCION,Paso de Cristo,1982,AM Jesus Despojado,1982-1987: AM Jesus Despojado
foro-2019-josemariumb,Sabado Santo y Domingo de Resurreccion,RESURRECCION,Paso de Cristo,1983,AM Jesus Despojado,1982-1987: AM Jesus Despojado
foro-2019-josemariumb,Sabado Santo y Domingo de Resurreccion,RESURRECCION,Paso de Cristo,1984,AM Jesus Despojado,1982-1987: AM Jesus Despojado
foro-2019-josemariumb,Sabado Santo y Domingo de Resurreccion,RESURRECCION,Paso de Cristo,1985,AM Jesus Despojado,1982-1987: AM Jesus Despojado
foro-2019-josemariumb,Sabado Santo y Domingo de Resurreccion,RESURRECCION,Paso de Cristo,1986,AM Jesus Despojado,1982-1987: AM Jesus Despojado
foro-2019-josemariumb,Sabado Santo y Domingo de Resurreccion,RESURRECCION,Paso de Cristo,1987,AM Jesus Despojado,1982-1987: AM Jesus Despojado
foro-2019-josemariumb,Sabado Santo y Domingo de Resurreccion,RESURRECCION,Paso de Cristo,1988,CCTT Centuria Macarena,1988: CCTT Centuria Macarena
foro-2019-josemariumb,Sabado Santo y Domingo de Resurreccion,RESURRECCION,Paso de Cristo,1989,AM Jesus Despojado,1989-1991: AM Jesus Despojado
foro-2019-josemariumb,Sabado Santo y Domingo de Resurreccion,RESURRECCION,Paso de Cristo,1990,AM Jesus Despojado,1989-1991: AM Jesus Despojado
foro-2019-josemariumb,Sabado Santo y Domingo de Resurreccion,RESURRECCION,Paso de Cristo,1991,AM Jesus Despojado,1989-1991: AM Jesus Despojado
foro-2019-josemariumb,Sabado Santo y Domingo de Resurreccion,RESURRECCION,Paso de Cristo,1992,AM Virgen de los Reyes,1992-2019: AM Virgen de los Reyes
foro-2019-josemariumb,Sabado Santo y Domingo de Resurreccion,RESURRECCION,Paso de Cristo,1993,AM Virgen de los Reyes,1992-2019: AM Virgen de los Reyes
foro-2019-josemariumb,Sabado Santo y Domingo de Resurreccion,RESURRECCION,Paso de Cristo,1994,AM Virgen de los Reyes,1992-2019: AM Virgen de los Reyes
foro-2019-josemariumb,Sabado Santo y Domingo de Resurreccion,RESURRECCION,Paso de Cristo,1995,AM Virgen de los Reyes,1992-2019: AM Virgen de los Reyes
foro-2019-josemariumb,Sabado Santo y Domingo de Resurreccion,RESURRECCION,Paso de Cristo,1996,AM Virgen de los Reyes,1992-2019: AM Virgen de los Reyes
foro-2019-josemariumb,Sabado Santo y Domingo de Resurreccion,RESURRECCION,Paso de Cristo,1997,AM Virgen de los Reyes,1992-2019: AM Virgen de los Reyes
foro-2019-josemariumb,Sabado Santo y Domingo de Resurreccion,RESURRECCION,Paso de Cristo,1998,AM Virgen de los Reyes,1992-2019: AM Virgen de los Reyes
foro-2019-josemariumb,Sabado Santo y Domingo de Resurreccion,RESURRECCION,Paso de Cristo,1999,AM Virgen de los Reyes,1992-2019: AM Virgen de los Reyes
foro-2019-josemariumb,Sabado Santo y Domingo de Resurreccion,RESURRECCION,Paso de Cristo,2000,AM Virgen de los Reyes,1992-2019: AM Virgen de los Reyes
foro-2019-josemariumb,Sabado Santo y Domingo de Resurreccion,RESURRECCION,Paso de Cristo,2001,AM Virgen de los Reyes,1992-2019: AM Virgen de los Reyes
foro-2019-josemariumb,Sabado Santo y Domingo de Resurreccion,RESURRECCION,Paso de Cristo,2002,AM Virgen de los Reyes,1992-2019: AM Virgen de los Reyes
foro-2019-josemariumb,Sabado Santo y Domingo de Resurreccion,RESURRECCION,Paso de Cristo,2003,AM Virgen de los Reyes,1992-2019: AM Virgen de los Reyes
foro-2019-josemariumb,Sabado Santo y Domingo de Resurreccion,RESURRECCION,Paso de Cristo,2004,AM Virgen de los Reyes,1992-2019: AM Virgen de los Reyes
foro-2019-josemariumb,Sabado Santo y Domingo de Resurreccion,RESURRECCION,Paso de Cristo,2005,AM Virgen de los Reyes,1992-2019: AM Virgen de los Reyes
foro-2019-josemariumb,Sabado Santo y Domingo de Resurreccion,RESURRECCION,Paso de Cristo,2006,AM Virgen de los Reyes,1992-2019: AM Virgen de los Reyes
foro-2019-josemariumb,Sabado Santo y Domingo de Resurreccion,RESURRECCION,Paso de Cristo,2007,AM Virgen de los Reyes,1992-2019: AM Virgen de los Reyes
foro-2019-josemariumb,Sabado Santo y Domingo de Resurreccion,RESURRECCION,Paso de Cristo,2008,AM Virgen de los Reyes,1992-2019: AM Virgen de los Reyes
foro-2019-josemariumb,Sabado Santo y Domingo de Resurreccion,RESURRECCION,Paso de Cristo,2009,AM Virgen de los Reyes,1992-2019: AM Virgen de los Reyes
foro-2019-josemariumb,Sabado Santo y Domingo de Resurreccion,RESURRECCION,Paso de Cristo,2010,AM Virgen de los Reyes,1992-2019: AM Virgen de los Reyes
foro-2019-josemariumb,Sabado Santo y Domingo de Resurreccion,RESURRECCION,Paso de Cristo,2011,AM Virgen de los Reyes,1992-2019: AM Virgen de los Reyes
foro-2019-josemariumb,Sabado Santo y Domingo de Resurreccion,RESURRECCION,Paso de Cristo,2012,AM Virgen de los Reyes,1992-2019: AM Virgen de los Reyes
foro-2019-josemariumb,Sabado Santo y Domingo de Resurreccion,RESURRECCION,Paso de Cristo,2013,AM Virgen de los Reyes,1992-2019: AM Virgen de los Reyes
foro-2019-josemariumb,Sabado Santo y Domingo de Resurreccion,RESURRECCION,Paso de Cristo,2014,AM Virgen de los Reyes,1992-2019: AM Virgen de los Reyes
foro-2019-josemariumb,Sabado Santo y Domingo de Resurreccion,RESURRECCION,Paso de Cristo,2015,AM Virgen de los Reyes,1992-2019: AM Virgen de los Reyes
foro-2019-josemariumb,Sabado Santo y Domingo de Resurreccion,RESURRECCION,Paso de Cristo,2016,AM Virgen de los Reyes,1992-2019: AM Virgen de los Reyes
foro-2019-josemariumb,Sabado Santo y Domingo de Resurreccion,RESURRECCION,Paso de Cristo,2017,AM Virgen de los Reyes,1992-2019: AM Virgen de los Reyes
foro-2019-josemariumb,Sabado Santo y Domingo de Resurreccion,RESURRECCION,Paso de Cristo,2018,AM Virgen de los Reyes,1992-2019: AM Virgen de los Reyes
foro-2019-josemariumb,Sabado Santo y Domingo de Resurreccion,RESURRECCION,Paso de Cristo,2019,AM Virgen de los Reyes,1992-2019: AM Virgen de los Reyes
foro-2026-costalero_prado-visperas,Viernes de Dolores y Sabado de Pasion,LA MISIÓN (HELIÓPOLIS),,1992,B. Stmo. Cristo de la Sed,1992 – 1995: B. Stmo. Cristo de la Sed
foro-2026-costalero_prado-visperas,Viernes de Dolores y Sabado de Pasion,LA MISIÓN (HELIÓPOLIS),,1993,B. Stmo. Cristo de la Sed,1992 – 1995: B. Stmo. Cristo de la Sed
foro-2026-costalero_prado-visperas,Viernes de Dolores y Sabado de Pasion,LA MISIÓN (HELIÓPOLIS),,1994,B. Stmo. Cristo de la Sed,1992 – 1995: B. Stmo. Cristo de la Sed
foro-2026-costalero_prado-visperas,Viernes de Dolores y Sabado de Pasion,LA MISIÓN (HELIÓPOLIS),,1995,B. Stmo. Cristo de la Sed,1992 – 1995: B. Stmo. Cristo de la Sed
foro-2026-costalero_prado-visperas,Viernes de Dolores y Sabado de Pasion,LA MISIÓN (HELIÓPOLIS),,1996,B. Ntra. Sra. de la Salud de Utrera,1996: B. Ntra. Sra. de la Salud de Utrera
foro-2026-costalero_prado-visperas,Viernes de Dolores y Sabado de Pasion,LA MISIÓN (HELIÓPOLIS),,1997,B. de S. Francisco Javier,1997: B. de S. Francisco Javier
foro-2026-costalero_prado-visperas,Viernes de Dolores y Sabado de Pasion,LA MISIÓN (HELIÓPOLIS),,1998,C y T Cristo de la Exaltación,1998 – 2002: C y T Cristo de la Exaltación
foro-2026-costalero_prado-visperas,Viernes de Dolores y Sabado de Pasion,LA MISIÓN (HELIÓPOLIS),,1999,C y T Cristo de la Exaltación,1998 – 2002: C y T Cristo de la Exaltación
foro-2026-costalero_prado-visperas,Viernes de Dolores y Sabado de Pasion,LA MISIÓN (HELIÓPOLIS),,2000,C y T Cristo de la Exaltación,1998 – 2002: C y T Cristo de la Exaltación
foro-2026-costalero_prado-visperas,Viernes de Dolores y Sabado de Pasion,LA MISIÓN (HELIÓPOLIS),,2001,C y T Cristo de la Exaltación,1998 – 2002: C y T Cristo de la Exaltación
foro-2026-costalero_prado-visperas,Viernes de Dolores y Sabado de Pasion,LA MISIÓN (HELIÓPOLIS),,2002,C y T Cristo de la Exaltación,1998 – 2002: C y T Cristo de la Exaltación
foro-2026-costalero_prado-visperas,Viernes de Dolores y Sabado de Pasion,LA MISIÓN (HELIÓPOLIS),,2003,C y T Ntra. Sra. del Sol,2003 – 2007: C y T Ntra. Sra. del Sol
foro-2026-costalero_prado-visperas,Viernes de Dolores y Sabado de Pasion,LA MISIÓN (HELIÓPOLIS),,2004,C y T Ntra. Sra. del Sol,2003 – 2007: C y T Ntra. Sra. del Sol
foro-2026-costalero_prado-visperas,Viernes de Dolores y Sabado de Pasion,LA MISIÓN (HELIÓPOLIS),,2005,C y T Ntra. Sra. del Sol,2003 – 2007: C y T Ntra. Sra. del Sol
foro-2026-costalero_prado-visperas,Viernes de Dolores y Sabado de Pasion,LA MISIÓN (HELIÓPOLIS),,2006,C y T Ntra. Sra. del Sol,2003 – 2007: C y T Ntra. Sra. del Sol
foro-2026-costalero_prado-visperas,Viernes de Dolores y Sabado de Pasion,LA MISIÓN (HELIÓPOLIS),,2007,C y T Ntra. Sra. del Sol,2003 – 2007: C y T Ntra. Sra. del Sol
foro-2026-costalero_prado-visperas,Viernes de Dolores y Sabado de Pasion,LA MISIÓN (HELIÓPOLIS),,2008,"CyT Ntra Sra de la Victoria ""Cigarreras""","2008 – 2026 CyT Ntra Sra de la Victoria ""Cigarreras"""
foro-2026-costalero_prado-visperas,Viernes de Dolores y Sabado de Pasion,LA MISIÓN (HELIÓPOLIS),,2009,"CyT Ntra Sra de la Victoria ""Cigarreras""","2008 – 2026 CyT Ntra Sra de la Victoria ""Cigarreras"""
foro-2026-costalero_prado-visperas,Viernes de Dolores y Sabado de Pasion,LA MISIÓN (HELIÓPOLIS),,2010,"CyT Ntra Sra de la Victoria ""Cigarreras""","2008 – 2026 CyT Ntra Sra de la Victoria ""Cigarreras"""
foro-2026-costalero_prado-visperas,Viernes de Dolores y Sabado de Pasion,LA MISIÓN (HELIÓPOLIS),,2011,"CyT Ntra Sra de la Victoria ""Cigarreras""","2008 – 2026 CyT Ntra Sra de la Victoria ""Cigarreras"""
foro-2026-costalero_prado-visperas,Viernes de Dolores y Sabado de Pasion,LA MISIÓN (HELIÓPOLIS),,2012,"CyT Ntra Sra de la Victoria ""Cigarreras""","2008 – 2026 CyT Ntra Sra de la Victoria ""Cigarreras"""
foro-2026-costalero_prado-visperas,Viernes de Dolores y Sabado de Pasion,LA MISIÓN (HELIÓPOLIS),,2013,"CyT Ntra Sra de la Victoria ""Cigarreras""","2008 – 2026 CyT Ntra Sra de la Victoria ""Cigarreras"""
foro-2026-costalero_prado-visperas,Viernes de Dolores y Sabado de Pasion,LA MISIÓN (HELIÓPOLIS),,2014,"CyT Ntra Sra de la Victoria ""Cigarreras""","2008 – 2026 CyT Ntra Sra de la Victoria ""Cigarreras"""
foro-2026-costalero_prado-visperas,Viernes de Dolores y Sabado de Pasion,LA MISIÓN (HELIÓPOLIS),,2015,"CyT Ntra Sra de la Victoria ""Cigarreras""","2008 – 2026 CyT Ntra Sra de la Victoria ""Cigarreras"""
foro-2026-costalero_prado-visperas,Viernes de Dolores y Sabado de Pasion,LA MISIÓN (HELIÓPOLIS),,2016,"CyT Ntra Sra de la Victoria ""Cigarreras""","2008 – 2026 CyT Ntra Sra de la Victoria ""Cigarreras"""
foro-2026-costalero_prado-visperas,Viernes de Dolores y Sabado de Pasion,LA MISIÓN (HELIÓPOLIS),,2017,"CyT Ntra Sra de la Victoria ""Cigarreras""","2008 – 2026 CyT Ntra Sra de la Victoria ""Cigarreras"""
foro-2026-costalero_prado-visperas,Viernes de Dolores y Sabado de Pasion,LA MISIÓN (HELIÓPOLIS),,2018,"CyT Ntra Sra de la Victoria ""Cigarreras""","2008 – 2026 CyT Ntra Sra de la Victoria ""Cigarreras"""
foro-2026-costalero_prado-visperas,Viernes de Dolores y Sabado de Pasion,LA MISIÓN (HELIÓPOLIS),,2019,"CyT Ntra Sra de la Victoria ""Cigarreras""","2008 – 2026 CyT Ntra Sra de la Victoria ""Cigarreras"""
foro-2026-costalero_prado-visperas,Viernes de Dolores y Sabado de Pasion,LA MISIÓN (HELIÓPOLIS),,2020,"CyT Ntra Sra de la Victoria ""Cigarreras""","2008 – 2026 CyT Ntra Sra de la Victoria ""Cigarreras"""
foro-2026-costalero_prado-visperas,Viernes de Dolores y Sabado de Pasion,LA MISIÓN (HELIÓPOLIS),,2021,"CyT Ntra Sra de la Victoria ""Cigarreras""","2008 – 2026 CyT Ntra Sra de la Victoria ""Cigarreras"""
foro-2026-costalero_prado-visperas,Viernes de Dolores y Sabado de Pasion,LA MISIÓN (HELIÓPOLIS),,2022,"CyT Ntra Sra de la Victoria ""Cigarreras""","2008 – 2026 CyT Ntra Sra de la Victoria ""Cigarreras"""
foro-2026-costalero_prado-visperas,Viernes de Dolores y Sabado de Pasion,LA MISIÓN (HELIÓPOLIS),,2023,"CyT Ntra Sra de la Victoria ""Cigarreras""","2008 – 2026 CyT Ntra Sra de la Victoria ""Cigarreras"""
foro-2026-costalero_prado-visperas,Viernes de Dolores y Sabado de Pasion,LA MISIÓN (HELIÓPOLIS),,2024,"CyT Ntra Sra de la Victoria ""Cigarreras""","2008 – 2026 CyT Ntra Sra de la Victoria ""Cigarreras"""
foro-2026-costalero_prado-visperas,Viernes de Dolores y Sabado de Pasion,LA MISIÓN (HELIÓPOLIS),,2025,"CyT Ntra Sra de la Victoria ""Cigarreras""","2008 – 2026 CyT Ntra Sra de la Victoria ""Cigarreras"""
foro-2026-costalero_prado-visperas,Viernes de Dolores y Sabado de Pasion,LA MISIÓN (HELIÓPOLIS),,2026,"CyT Ntra Sra de la Victoria ""Cigarreras""","2008 – 2026 CyT Ntra Sra de la Victoria ""Cigarreras"""
foro-2026-costalero_prado-visperas,Viernes de Dolores y Sabado de Pasion,PINOMONTANO,Paso Cristo,1991,A. M. Santa Marta de La Algaba,1991: A. M. Santa Marta de La Algaba
foro-2026-costalero_prado-visperas,Viernes de Dolores y Sabado de Pasion,PINOMONTANO,Paso Cristo,1992,A. M. Nuestro Padre Jesús de Nazareth,1992: A. M. Nuestro Padre Jesús de Nazareth
foro-2026-costalero_prado-visperas,Viernes de Dolores y Sabado de Pasion,PINOMONTANO,Paso Cristo,1993,A.M. Ntro. Padre Jesús de la Redención,1993: A.M. Ntro. Padre Jesús de la Redención
foro-2026-costalero_prado-visperas,Viernes de Dolores y Sabado de Pasion,PINOMONTANO,Paso Cristo,1994,A.M. Stma. Trinidad,1994 – 1996: A.M. Stma. Trinidad
foro-2026-costalero_prado-visperas,Viernes de Dolores y Sabado de Pasion,PINOMONTANO,Paso Cristo,1995,A.M. Stma. Trinidad,1994 – 1996: A.M. Stma. Trinidad
foro-2026-costalero_prado-visperas,Viernes de Dolores y Sabado de Pasion,PINOMONTANO,Paso Cristo,1996,A.M. Stma. Trinidad,1994 – 1996: A.M. Stma. Trinidad
foro-2026-costalero_prado-visperas,Viernes de Dolores y Sabado de Pasion,PINOMONTANO,Paso Cristo,1997,AM Ntra. Sra. de la Encarnación,1997 – 2026: AM Ntra. Sra. de la Encarnación
foro-2026-costalero_prado-visperas,Viernes de Dolores y Sabado de Pasion,PINOMONTANO,Paso Cristo,1998,AM Ntra. Sra. de la Encarnación,1997 – 2026: AM Ntra. Sra. de la Encarnación
foro-2026-costalero_prado-visperas,Viernes de Dolores y Sabado de Pasion,PINOMONTANO,Paso Cristo,1999,AM Ntra. Sra. de la Encarnación,1997 – 2026: AM Ntra. Sra. de la Encarnación
foro-2026-costalero_prado-visperas,Viernes de Dolores y Sabado de Pasion,PINOMONTANO,Paso Cristo,2000,AM Ntra. Sra. de la Encarnación,1997 – 2026: AM Ntra. Sra. de la Encarnación
foro-2026-costalero_prado-visperas,Viernes de Dolores y Sabado de Pasion,PINOMONTANO,Paso Cristo,2001,AM Ntra. Sra. de la Encarnación,1997 – 2026: AM Ntra. Sra. de la Encarnación
foro-2026-costalero_prado-visperas,Viernes de Dolores y Sabado de Pasion,PINOMONTANO,Paso Cristo,2002,AM Ntra. Sra. de la Encarnación,1997 – 2026: AM Ntra. Sra. de la Encarnación
foro-2026-costalero_prado-visperas,Viernes de Dolores y Sabado de Pasion,PINOMONTANO,Paso Cristo,2003,AM Ntra. Sra. de la Encarnación,1997 – 2026: AM Ntra. Sra. de la Encarnación
foro-2026-costalero_prado-visperas,Viernes de Dolores y Sabado de Pasion,PINOMONTANO,Paso Cristo,2004,AM Ntra. Sra. de la Encarnación,1997 – 2026: AM Ntra. Sra. de la Encarnación
foro-2026-costalero_prado-visperas,Viernes de Dolores y Sabado de Pasion,PINOMONTANO,Paso Cristo,2005,AM Ntra. Sra. de la Encarnación,1997 – 2026: AM Ntra. Sra. de la Encarnación
foro-2026-costalero_prado-visperas,Viernes de Dolores y Sabado de Pasion,PINOMONTANO,Paso Cristo,2006,AM Ntra. Sra. de la Encarnación,1997 – 2026: AM Ntra. Sra. de la Encarnación
foro-2026-costalero_prado-visperas,Viernes de Dolores y Sabado de Pasion,PINOMONTANO,Paso Cristo,2007,AM Ntra. Sra. de la Encarnación,1997 – 2026: AM Ntra. Sra. de la Encarnación
foro-2026-costalero_prado-visperas,Viernes de Dolores y Sabado de Pasion,PINOMONTANO,Paso Cristo,2008,AM Ntra. Sra. de la Encarnación,1997 – 2026: AM Ntra. Sra. de la Encarnación
foro-2026-costalero_prado-visperas,Viernes de Dolores y Sabado de Pasion,PINOMONTANO,Paso Cristo,2009,AM Ntra. Sra. de la Encarnación,1997 – 2026: AM Ntra. Sra. de la Encarnación
foro-2026-costalero_prado-visperas,Viernes de Dolores y Sabado de Pasion,PINOMONTANO,Paso Cristo,2010,AM Ntra. Sra. de la Encarnación,1997 – 2026: AM Ntra. Sra. de la Encarnación
foro-2026-costalero_prado-visperas,Viernes de Dolores y Sabado de Pasion,PINOMONTANO,Paso Cristo,2011,AM Ntra. Sra. de la Encarnación,1997 – 2026: AM Ntra. Sra. de la Encarnación
foro-2026-costalero_prado-visperas,Viernes de Dolores y Sabado de Pasion,PINOMONTANO,Paso Cristo,2012,AM Ntra. Sra. de la Encarnación,1997 – 2026: AM Ntra. Sra. de la Encarnación
foro-2026-costalero_prado-visperas,Viernes de Dolores y Sabado de Pasion,PINOMONTANO,Paso Cristo,2013,AM Ntra. Sra. de la Encarnación,1997 – 2026: AM Ntra. Sra. de la Encarnación
foro-2026-costalero_prado-visperas,Viernes de Dolores y Sabado de Pasion,PINOMONTANO,Paso Cristo,2014,AM Ntra. Sra. de la Encarnación,1997 – 2026: AM Ntra. Sra. de la Encarnación
foro-2026-costalero_prado-visperas,Viernes de Dolores y Sabado de Pasion,PINOMONTANO,Paso Cristo,2015,AM Ntra. Sra. de la Encarnación,1997 – 2026: AM Ntra. Sra. de la Encarnación
foro-2026-costalero_prado-visperas,Viernes de Dolores y Sabado de Pasion,PINOMONTANO,Paso Cristo,2016,AM Ntra. Sra. de la Encarnación,1997 – 2026: AM Ntra. Sra. de la Encarnación
foro-2026-costalero_prado-visperas,Viernes de Dolores y Sabado de Pasion,PINOMONTANO,Paso Cristo,2017,AM Ntra. Sra. de la Encarnación,1997 – 2026: AM Ntra. Sra. de la Encarnación
foro-2026-costalero_prado-visperas,Viernes de Dolores y Sabado de Pasion,PINOMONTANO,Paso Cristo,2018,AM Ntra. Sra. de la Encarnación,1997 – 2026: AM Ntra. Sra. de la Encarnación
foro-2026-costalero_prado-visperas,Viernes de Dolores y Sabado de Pasion,PINOMONTANO,Paso Cristo,2019,AM Ntra. Sra. de la Encarnación,1997 – 2026: AM Ntra. Sra. de la Encarnación
foro-2026-costalero_prado-visperas,Viernes de Dolores y Sabado de Pasion,PINOMONTANO,Paso Cristo,2020,AM Ntra. Sra. de la Encarnación,1997 – 2026: AM Ntra. Sra. de la Encarnación
foro-2026-costalero_prado-visperas,Viernes de Dolores y Sabado de Pasion,PINOMONTANO,Paso Cristo,2021,AM Ntra. Sra. de la Encarnación,1997 – 2026: AM Ntra. Sra. de la Encarnación
foro-2026-costalero_prado-visperas,Viernes de Dolores y Sabado de Pasion,PINOMONTANO,Paso Cristo,2022,AM Ntra. Sra. de la Encarnación,1997 – 2026: AM Ntra. Sra. de la Encarnación
foro-2026-costalero_prado-visperas,Viernes de Dolores y Sabado de Pasion,PINOMONTANO,Paso Cristo,2023,AM Ntra. Sra. de la Encarnación,1997 – 2026: AM Ntra. Sra. de la Encarnación
foro-2026-costalero_prado-visperas,Viernes de Dolores y Sabado de Pasion,PINOMONTANO,Paso Cristo,2024,AM Ntra. Sra. de la Encarnación,1997 – 2026: AM Ntra. Sra. de la Encarnación
foro-2026-costalero_prado-visperas,Viernes de Dolores y Sabado de Pasion,PINOMONTANO,Paso Cristo,2025,AM Ntra. Sra. de la Encarnación,1997 – 2026: AM Ntra. Sra. de la Encarnación
foro-2026-costalero_prado-visperas,Viernes de Dolores y Sabado de Pasion,PINOMONTANO,Paso Cristo,2026,AM Ntra. Sra. de la Encarnación,1997 – 2026: AM Ntra. Sra. de la Encarnación
foro-2026-costalero_prado-visperas,Viernes de Dolores y Sabado de Pasion,PINOMONTANO,Paso Palio,1993,B. Municipal de La Rinconada,1993: B. Municipal de La Rinconada
foro-2026-costalero_prado-visperas,Viernes de Dolores y Sabado de Pasion,PINOMONTANO,Paso Palio,1994,B. Municipal de Gerena,1994: B. Municipal de Gerena
foro-2026-costalero_prado-visperas,Viernes de Dolores y Sabado de Pasion,PINOMONTANO,Paso Palio,1995,B. Municipal de Puebla del Río,1995: B. Municipal de Puebla del Río
foro-2026-costalero_prado-visperas,Viernes de Dolores y Sabado de Pasion,PINOMONTANO,Paso Palio,1996,B. Ntra. Sra. del Carmen de Salteras,1996 – 2006: B. Ntra. Sra. del Carmen de Salteras
foro-2026-costalero_prado-visperas,Viernes de Dolores y Sabado de Pasion,PINOMONTANO,Paso Palio,1997,B. Ntra. Sra. del Carmen de Salteras,1996 – 2006: B. Ntra. Sra. del Carmen de Salteras
foro-2026-costalero_prado-visperas,Viernes de Dolores y Sabado de Pasion,PINOMONTANO,Paso Palio,1998,B. Ntra. Sra. del Carmen de Salteras,1996 – 2006: B. Ntra. Sra. del Carmen de Salteras
foro-2026-costalero_prado-visperas,Viernes de Dolores y Sabado de Pasion,PINOMONTANO,Paso Palio,1999,B. Ntra. Sra. del Carmen de Salteras,1996 – 2006: B. Ntra. Sra. del Carmen de Salteras
foro-2026-costalero_prado-visperas,Viernes de Dolores y Sabado de Pasion,PINOMONTANO,Paso Palio,2000,B. Ntra. Sra. del Carmen de Salteras,1996 – 2006: B. Ntra. Sra. del Carmen de Salteras
foro-2026-costalero_prado-visperas,Viernes de Dolores y Sabado de Pasion,PINOMONTANO,Paso Palio,2001,B. Ntra. Sra. del Carmen de Salteras,1996 – 2006: B. Ntra. Sra. del Carmen de Salteras
foro-2026-costalero_prado-visperas,Viernes de Dolores y Sabado de Pasion,PINOMONTANO,Paso Palio,2002,B. Ntra. Sra. del Carmen de Salteras,1996 – 2006: B. Ntra. Sra. del Carmen de Salteras
foro-2026-costalero_prado-visperas,Viernes de Dolores y Sabado de Pasion,PINOMONTANO,Paso Palio,2003,B. Ntra. Sra. del Carmen de Salteras,1996 – 2006: B. Ntra. Sra. del Carmen de Salteras
foro-2026-costalero_prado-visperas,Viernes de Dolores y Sabado de Pasion,PINOMONTANO,Paso Palio,2004,B. Ntra. Sra. del Carmen de Salteras,1996 – 2006: B. Ntra. Sra. del Carmen de Salteras
foro-2026-costalero_prado-visperas,Viernes de Dolores y Sabado de Pasion,PINOMONTANO,Paso Palio,2005,B. Ntra. Sra. del Carmen de Salteras,1996 – 2006: B. Ntra. Sra. del Carmen de Salteras
foro-2026-costalero_prado-visperas,Viernes de Dolores y Sabado de Pasion,PINOMONTANO,Paso Palio,2006,B. Ntra. Sra. del Carmen de Salteras,1996 – 2006: B. Ntra. Sra. del Carmen de Salteras
foro-2026-costalero_prado-visperas,Viernes de Dolores y Sabado de Pasion,PINOMONTANO,Paso Palio,2007,B. Cruz Roja Sevilla,2007 – 2019: B. Cruz Roja Sevilla
foro-2026-costalero_prado-visperas,Viernes de Dolores y Sabado de Pasion,PINOMONTANO,Paso Palio,2008,B. Cruz Roja Sevilla,2007 – 2019: B. Cruz Roja Sevilla
foro-2026-costalero_prado-visperas,Viernes de Dolores y Sabado de Pasion,PINOMONTANO,Paso Palio,2009,B. Cruz Roja Sevilla,2007 – 2019: B. Cruz Roja Sevilla
foro-2026-costalero_prado-visperas,Viernes de Dolores y Sabado de Pasion,PINOMONTANO,Paso Palio,2010,B. Cruz Roja Sevilla,2007 – 2019: B. Cruz Roja Sevilla
foro-2026-costalero_prado-visperas,Viernes de Dolores y Sabado de Pasion,PINOMONTANO,Paso Palio,2011,B. Cruz Roja Sevilla,2007 – 2019: B. Cruz Roja Sevilla
foro-2026-costalero_prado-visperas,Viernes de Dolores y Sabado de Pasion,PINOMONTANO,Paso Palio,2012,B. Cruz Roja Sevilla,2007 – 2019: B. Cruz Roja Sevilla
foro-2026-costalero_prado-visperas,Viernes de Dolores y Sabado de Pasion,PINOMONTANO,Paso Palio,2013,B. Cruz Roja Sevilla,2007 – 2019: B. Cruz Roja Sevilla
foro-2026-costalero_prado-visperas,Viernes de Dolores y Sabado de Pasion,PINOMONTANO,Paso Palio,2014,B. Cruz Roja Sevilla,2007 – 2019: B. Cruz Roja Sevilla
foro-2026-costalero_prado-visperas,Viernes de Dolores y Sabado de Pasion,PINOMONTANO,Paso Palio,2015,B. Cruz Roja Sevilla,2007 – 2019: B. Cruz Roja Sevilla
foro-2026-costalero_prado-visperas,Viernes de Dolores y Sabado de Pasion,PINOMONTANO,Paso Palio,2016,B. Cruz Roja Sevilla,2007 – 2019: B. Cruz Roja Sevilla
foro-2026-costalero_prado-visperas,Viernes de Dolores y Sabado de Pasion,PINOMONTANO,Paso Palio,2017,B. Cruz Roja Sevilla,2007 – 2019: B. Cruz Roja Sevilla
foro-2026-costalero_prado-visperas,Viernes de Dolores y Sabado de Pasion,PINOMONTANO,Paso Palio,2018,B. Cruz Roja Sevilla,2007 – 2019: B. Cruz Roja Sevilla
foro-2026-costalero_prado-visperas,Viernes de Dolores y Sabado de Pasion,PINOMONTANO,Paso Palio,2019,B. Cruz Roja Sevilla,2007 – 2019: B. Cruz Roja Sevilla
foro-2026-costalero_prado-visperas,Viernes de Dolores y Sabado de Pasion,PINOMONTANO,Paso Palio,2020,B. Ntra Sra del Carmen de Salteras,2020-2023: B. Ntra Sra del Carmen de Salteras
foro-2026-costalero_prado-visperas,Viernes de Dolores y Sabado de Pasion,PINOMONTANO,Paso Palio,2021,B. Ntra Sra del Carmen de Salteras,2020-2023: B. Ntra Sra del Carmen de Salteras
foro-2026-costalero_prado-visperas,Viernes de Dolores y Sabado de Pasion,PINOMONTANO,Paso Palio,2022,B. Ntra Sra del Carmen de Salteras,2020-2023: B. Ntra Sra del Carmen de Salteras
foro-2026-costalero_prado-visperas,Viernes de Dolores y Sabado de Pasion,PINOMONTANO,Paso Palio,2023,B. Ntra Sra del Carmen de Salteras,2020-2023: B. Ntra Sra del Carmen de Salteras
foro-2026-costalero_prado-visperas,Viernes de Dolores y Sabado de Pasion,PINOMONTANO,Paso Palio,2024,B. Municipal Puebla del Rio,2024-2026: B. Municipal Puebla del Rio
foro-2026-costalero_prado-visperas,Viernes de Dolores y Sabado de Pasion,PINOMONTANO,Paso Palio,2025,B. Municipal Puebla del Rio,2024-2026: B. Municipal Puebla del Rio
foro-2026-costalero_prado-visperas,Viernes de Dolores y Sabado de Pasion,PINOMONTANO,Paso Palio,2026,B. Municipal Puebla del Rio,2024-2026: B. Municipal Puebla del Rio
foro-2026-costalero_prado-visperas,Viernes de Dolores y Sabado de Pasion,PADRE PÍO (PALMETE),Paso Cristo,1996,A. M. María Inmaculada (Castilleja de la Cuesta),1996: A. M. María Inmaculada (Castilleja de la Cuesta)
foro-2026-costalero_prado-visperas,Viernes de Dolores y Sabado de Pasion,PADRE PÍO (PALMETE),Paso Cristo,1997,A. M. Mª Stma. de la Paz,1997: A. M. Mª Stma. de la Paz
foro-2026-costalero_prado-visperas,Viernes de Dolores y Sabado de Pasion,PADRE PÍO (PALMETE),Paso Cristo,1998,B. Stmo. Cristo de la Sangre,1998: B. Stmo. Cristo de la Sangre
foro-2026-costalero_prado-visperas,Viernes de Dolores y Sabado de Pasion,PADRE PÍO (PALMETE),Paso Cristo,1999,B. Virgen de Gracia (Carmona),1999: B. Virgen de Gracia (Carmona)
foro-2026-costalero_prado-visperas,Viernes de Dolores y Sabado de Pasion,PADRE PÍO (PALMETE),Paso Cristo,2000,A. M. de San Juan de Aznalfarache,2000 – 2001: A. M. de San Juan de Aznalfarache
foro-2026-costalero_prado-visperas,Viernes de Dolores y Sabado de Pasion,PADRE PÍO (PALMETE),Paso Cristo,2001,A. M. de San Juan de Aznalfarache,2000 – 2001: A. M. de San Juan de Aznalfarache
foro-2026-costalero_prado-visperas,Viernes de Dolores y Sabado de Pasion,PADRE PÍO (PALMETE),Paso Cristo,2002,B. Veracruz (Los Palacios),2002 – 2004: B. Veracruz (Los Palacios)
foro-2026-costalero_prado-visperas,Viernes de Dolores y Sabado de Pasion,PADRE PÍO (PALMETE),Paso Cristo,2003,B. Veracruz (Los Palacios),2002 – 2004: B. Veracruz (Los Palacios)
foro-2026-costalero_prado-visperas,Viernes de Dolores y Sabado de Pasion,PADRE PÍO (PALMETE),Paso Cristo,2004,B. Veracruz (Los Palacios),2002 – 2004: B. Veracruz (Los Palacios)
foro-2026-costalero_prado-visperas,Viernes de Dolores y Sabado de Pasion,PADRE PÍO (PALMETE),Paso Cristo,2005,B. Presentación al Pueblo de Dos Hermanas,2005 – 2009: B. Presentación al Pueblo de Dos Hermanas
foro-2026-costalero_prado-visperas,Viernes de Dolores y Sabado de Pasion,PADRE PÍO (PALMETE),Paso Cristo,2006,B. Presentación al Pueblo de Dos Hermanas,2005 – 2009: B. Presentación al Pueblo de Dos Hermanas
foro-2026-costalero_prado-visperas,Viernes de Dolores y Sabado de Pasion,PADRE PÍO (PALMETE),Paso Cristo,2007,B. Presentación al Pueblo de Dos Hermanas,2005 – 2009: B. Presentación al Pueblo de Dos Hermanas
foro-2026-costalero_prado-visperas,Viernes de Dolores y Sabado de Pasion,PADRE PÍO (PALMETE),Paso Cristo,2008,B. Presentación al Pueblo de Dos Hermanas,2005 – 2009: B. Presentación al Pueblo de Dos Hermanas
foro-2026-costalero_prado-visperas,Viernes de Dolores y Sabado de Pasion,PADRE PÍO (PALMETE),Paso Cristo,2009,B. Presentación al Pueblo de Dos Hermanas,2005 – 2009: B. Presentación al Pueblo de Dos Hermanas
foro-2026-costalero_prado-visperas,Viernes de Dolores y Sabado de Pasion,PADRE PÍO (PALMETE),Paso Cristo,2010,CyT Ntro. Padre Jesús de la Humildad,2010 – 2013: CyT Ntro. Padre Jesús de la Humildad
foro-2026-costalero_prado-visperas,Viernes de Dolores y Sabado de Pasion,PADRE PÍO (PALMETE),Paso Cristo,2011,CyT Ntro. Padre Jesús de la Humildad,2010 – 2013: CyT Ntro. Padre Jesús de la Humildad
foro-2026-costalero_prado-visperas,Viernes de Dolores y Sabado de Pasion,PADRE PÍO (PALMETE),Paso Cristo,2012,CyT Ntro. Padre Jesús de la Humildad,2010 – 2013: CyT Ntro. Padre Jesús de la Humildad
foro-2026-costalero_prado-visperas,Viernes de Dolores y Sabado de Pasion,PADRE PÍO (PALMETE),Paso Cristo,2013,CyT Ntro. Padre Jesús de la Humildad,2010 – 2013: CyT Ntro. Padre Jesús de la Humildad
foro-2026-costalero_prado-visperas,Viernes de Dolores y Sabado de Pasion,PADRE PÍO (PALMETE),Paso Cristo,2014,AM Santa Cecilia,2014-2023: AM Santa Cecilia
foro-2026-costalero_prado-visperas,Viernes de Dolores y Sabado de Pasion,PADRE PÍO (PALMETE),Paso Cristo,2015,AM Santa Cecilia,2014-2023: AM Santa Cecilia
foro-2026-costalero_prado-visperas,Viernes de Dolores y Sabado de Pasion,PADRE PÍO (PALMETE),Paso Cristo,2016,AM Santa Cecilia,2014-2023: AM Santa Cecilia
foro-2026-costalero_prado-visperas,Viernes de Dolores y Sabado de Pasion,PADRE PÍO (PALMETE),Paso Cristo,2017,AM Santa Cecilia,2014-2023: AM Santa Cecilia
foro-2026-costalero_prado-visperas,Viernes de Dolores y Sabado de Pasion,PADRE PÍO (PALMETE),Paso Cristo,2018,AM Santa Cecilia,2014-2023: AM Santa Cecilia
foro-2026-costalero_prado-visperas,Viernes de Dolores y Sabado de Pasion,PADRE PÍO (PALMETE),Paso Cristo,2019,AM Santa Cecilia,2014-2023: AM Santa Cecilia
foro-2026-costalero_prado-visperas,Viernes de Dolores y Sabado de Pasion,PADRE PÍO (PALMETE),Paso Cristo,2020,AM Santa Cecilia,2014-2023: AM Santa Cecilia
foro-2026-costalero_prado-visperas,Viernes de Dolores y Sabado de Pasion,PADRE PÍO (PALMETE),Paso Cristo,2021,AM Santa Cecilia,2014-2023: AM Santa Cecilia
foro-2026-costalero_prado-visperas,Viernes de Dolores y Sabado de Pasion,PADRE PÍO (PALMETE),Paso Cristo,2022,AM Santa Cecilia,2014-2023: AM Santa Cecilia
foro-2026-costalero_prado-visperas,Viernes de Dolores y Sabado de Pasion,PADRE PÍO (PALMETE),Paso Cristo,2023,AM Santa Cecilia,2014-2023: AM Santa Cecilia
foro-2026-costalero_prado-visperas,Viernes de Dolores y Sabado de Pasion,PADRE PÍO (PALMETE),Paso Cristo,2024,AM Lagrimas de San Fernando,2024-2026: AM Lagrimas de San Fernando
foro-2026-costalero_prado-visperas,Viernes de Dolores y Sabado de Pasion,PADRE PÍO (PALMETE),Paso Cristo,2025,AM Lagrimas de San Fernando,2024-2026: AM Lagrimas de San Fernando
foro-2026-costalero_prado-visperas,Viernes de Dolores y Sabado de Pasion,PADRE PÍO (PALMETE),Paso Cristo,2026,AM Lagrimas de San Fernando,2024-2026: AM Lagrimas de San Fernando
foro-2026-costalero_prado-visperas,Viernes de Dolores y Sabado de Pasion,PADRE PÍO (PALMETE),Paso Palio,1994,A. M. Mª Stma. de la Paz,1994 – 1996: A. M. Mª Stma. de la Paz
foro-2026-costalero_prado-visperas,Viernes de Dolores y Sabado de Pasion,PADRE PÍO (PALMETE),Paso Palio,1995,A. M. Mª Stma. de la Paz,1994 – 1996: A. M. Mª Stma. de la Paz
foro-2026-costalero_prado-visperas,Viernes de Dolores y Sabado de Pasion,PADRE PÍO (PALMETE),Paso Palio,1996,A. M. Mª Stma. de la Paz,1994 – 1996: A. M. Mª Stma. de la Paz
foro-2026-costalero_prado-visperas,Viernes de Dolores y Sabado de Pasion,PADRE PÍO (PALMETE),Paso Palio,1997,B. Municipal de Aracena (Huelva),1997: B. Municipal de Aracena (Huelva)
foro-2026-costalero_prado-visperas,Viernes de Dolores y Sabado de Pasion,PADRE PÍO (PALMETE),Paso Palio,1998,A. M. Mª Stma. de la Paz,1998: A. M. Mª Stma. de la Paz
foro-2026-costalero_prado-visperas,Viernes de Dolores y Sabado de Pasion,PADRE PÍO (PALMETE),Paso Palio,1999,A. M. de San Juan de Aznalfarache,1999: A. M. de San Juan de Aznalfarache
foro-2026-costalero_prado-visperas,Viernes de Dolores y Sabado de Pasion,PADRE PÍO (PALMETE),Paso Palio,2000,B. Ntra. Sra. de Guaditoca (Guadalcanal),2000 – 2012: B. Ntra. Sra. de Guaditoca (Guadalcanal)
foro-2026-costalero_prado-visperas,Viernes de Dolores y Sabado de Pasion,PADRE PÍO (PALMETE),Paso Palio,2001,B. Ntra. Sra. de Guaditoca (Guadalcanal),2000 – 2012: B. Ntra. Sra. de Guaditoca (Guadalcanal)
foro-2026-costalero_prado-visperas,Viernes de Dolores y Sabado de Pasion,PADRE PÍO (PALMETE),Paso Palio,2002,B. Ntra. Sra. de Guaditoca (Guadalcanal),2000 – 2012: B. Ntra. Sra. de Guaditoca (Guadalcanal)
foro-2026-costalero_prado-visperas,Viernes de Dolores y Sabado de Pasion,PADRE PÍO (PALMETE),Paso Palio,2003,B. Ntra. Sra. de Guaditoca (Guadalcanal),2000 – 2012: B. Ntra. Sra. de Guaditoca (Guadalcanal)
foro-2026-costalero_prado-visperas,Viernes de Dolores y Sabado de Pasion,PADRE PÍO (PALMETE),Paso Palio,2004,B. Ntra. Sra. de Guaditoca (Guadalcanal),2000 – 2012: B. Ntra. Sra. de Guaditoca (Guadalcanal)
foro-2026-costalero_prado-visperas,Viernes de Dolores y Sabado de Pasion,PADRE PÍO (PALMETE),Paso Palio,2005,B. Ntra. Sra. de Guaditoca (Guadalcanal),2000 – 2012: B. Ntra. Sra. de Guaditoca (Guadalcanal)
foro-2026-costalero_prado-visperas,Viernes de Dolores y Sabado de Pasion,PADRE PÍO (PALMETE),Paso Palio,2006,B. Ntra. Sra. de Guaditoca (Guadalcanal),2000 – 2012: B. Ntra. Sra. de Guaditoca (Guadalcanal)
foro-2026-costalero_prado-visperas,Viernes de Dolores y Sabado de Pasion,PADRE PÍO (PALMETE),Paso Palio,2007,B. Ntra. Sra. de Guaditoca (Guadalcanal),2000 – 2012: B. Ntra. Sra. de Guaditoca (Guadalcanal)
foro-2026-costalero_prado-visperas,Viernes de Dolores y Sabado de Pasion,PADRE PÍO (PALMETE),Paso Palio,2008,B. Ntra. Sra. de Guaditoca (Guadalcanal),2000 – 2012: B. Ntra. Sra. de Guaditoca (Guadalcanal)
foro-2026-costalero_prado-visperas,Viernes de Dolores y Sabado de Pasion,PADRE PÍO (PALMETE),Paso Palio,2009,B. Ntra. Sra. de Guaditoca (Guadalcanal),2000 – 2012: B. Ntra. Sra. de Guaditoca (Guadalcanal)
foro-2026-costalero_prado-visperas,Viernes de Dolores y Sabado de Pasion,PADRE PÍO (PALMETE),Paso Palio,2010,B. Ntra. Sra. de Guaditoca (Guadalcanal),2000 – 2012: B. Ntra. Sra. de Guaditoca (Guadalcanal)
foro-2026-costalero_prado-visperas,Viernes de Dolores y Sabado de Pasion,PADRE PÍO (PALMETE),Paso Palio,2011,B. Ntra. Sra. de Guaditoca (Guadalcanal),2000 – 2012: B. Ntra. Sra. de Guaditoca (Guadalcanal)
foro-2026-costalero_prado-visperas,Viernes de Dolores y Sabado de Pasion,PADRE PÍO (PALMETE),Paso Palio,2012,B. Ntra. Sra. de Guaditoca (Guadalcanal),2000 – 2012: B. Ntra. Sra. de Guaditoca (Guadalcanal)
foro-2026-costalero_prado-visperas,Viernes de Dolores y Sabado de Pasion,PADRE PÍO (PALMETE),Paso Palio,2013,B. Ntra Sra de la Victoria Cigarreras,2013: B. Ntra Sra de la Victoria Cigarreras
foro-2026-costalero_prado-visperas,Viernes de Dolores y Sabado de Pasion,PADRE PÍO (PALMETE),Paso Palio,2014,B. Ntra Sra del Sol,2014-2016: B. Ntra Sra del Sol
foro-2026-costalero_prado-visperas,Viernes de Dolores y Sabado de Pasion,PADRE PÍO (PALMETE),Paso Palio,2015,B. Ntra Sra del Sol,2014-2016: B. Ntra Sra del Sol
foro-2026-costalero_prado-visperas,Viernes de Dolores y Sabado de Pasion,PADRE PÍO (PALMETE),Paso Palio,2016,B. Ntra Sra del Sol,2014-2016: B. Ntra Sra del Sol
foro-2026-costalero_prado-visperas,Viernes de Dolores y Sabado de Pasion,PADRE PÍO (PALMETE),Paso Palio,2017,B. Ntra Sra Angustias Sanlúcar la Mayor,2017-2018: B. Ntra Sra Angustias Sanlúcar la Mayor
foro-2026-costalero_prado-visperas,Viernes de Dolores y Sabado de Pasion,PADRE PÍO (PALMETE),Paso Palio,2018,B. Ntra Sra Angustias Sanlúcar la Mayor,2017-2018: B. Ntra Sra Angustias Sanlúcar la Mayor
foro-2026-costalero_prado-visperas,Viernes de Dolores y Sabado de Pasion,PADRE PÍO (PALMETE),Paso Palio,2019,B. Fernando Guerrero Los Palacios,2019: B. Fernando Guerrero Los Palacios
foro-2026-costalero_prado-visperas,Viernes de Dolores y Sabado de Pasion,PADRE PÍO (PALMETE),Paso Palio,2020,B. Ntra Sra Angustias Sanlúcar la Mayor,2020-2026: B. Ntra Sra Angustias Sanlúcar la Mayor
foro-2026-costalero_prado-visperas,Viernes de Dolores y Sabado de Pasion,PADRE PÍO (PALMETE),Paso Palio,2021,B. Ntra Sra Angustias Sanlúcar la Mayor,2020-2026: B. Ntra Sra Angustias Sanlúcar la Mayor
foro-2026-costalero_prado-visperas,Viernes de Dolores y Sabado de Pasion,PADRE PÍO (PALMETE),Paso Palio,2022,B. Ntra Sra Angustias Sanlúcar la Mayor,2020-2026: B. Ntra Sra Angustias Sanlúcar la Mayor
foro-2026-costalero_prado-visperas,Viernes de Dolores y Sabado de Pasion,PADRE PÍO (PALMETE),Paso Palio,2023,B. Ntra Sra Angustias Sanlúcar la Mayor,2020-2026: B. Ntra Sra Angustias Sanlúcar la Mayor
foro-2026-costalero_prado-visperas,Viernes de Dolores y Sabado de Pasion,PADRE PÍO (PALMETE),Paso Palio,2024,B. Ntra Sra Angustias Sanlúcar la Mayor,2020-2026: B. Ntra Sra Angustias Sanlúcar la Mayor
foro-2026-costalero_prado-visperas,Viernes de Dolores y Sabado de Pasion,PADRE PÍO (PALMETE),Paso Palio,2025,B. Ntra Sra Angustias Sanlúcar la Mayor,2020-2026: B. Ntra Sra Angustias Sanlúcar la Mayor
foro-2026-costalero_prado-visperas,Viernes de Dolores y Sabado de Pasion,PADRE PÍO (PALMETE),Paso Palio,2026,B. Ntra Sra Angustias Sanlúcar la Mayor,2020-2026: B. Ntra Sra Angustias Sanlúcar la Mayor
foro-2026-costalero_prado-visperas,Viernes de Dolores y Sabado de Pasion,DULCE NOMBRE (BELLAVISTA),Paso Cristo,1994,"A. M. de las Aguas, de Las Cabezas de San Juan","1994: A. M. de las Aguas, de Las Cabezas de San Juan"
foro-2026-costalero_prado-visperas,Viernes de Dolores y Sabado de Pasion,DULCE NOMBRE (BELLAVISTA),Paso Cristo,1995,B. de cornetas y tambores del Dulce Nombre de María,1995: B. de cornetas y tambores del Dulce Nombre de María
foro-2026-costalero_prado-visperas,Viernes de Dolores y Sabado de Pasion,DULCE NOMBRE (BELLAVISTA),Paso Cristo,1996,B. Juvenil Ntra. Sra. de la Victoria (Cigarreras),1996: B. Juvenil Ntra. Sra. de la Victoria (Cigarreras)
foro-2026-costalero_prado-visperas,Viernes de Dolores y Sabado de Pasion,DULCE NOMBRE (BELLAVISTA),Paso Cristo,1997,B. Presentación al Pueblo de Dos Hermanas,1997 – 1999: B. Presentación al Pueblo de Dos Hermanas
foro-2026-costalero_prado-visperas,Viernes de Dolores y Sabado de Pasion,DULCE NOMBRE (BELLAVISTA),Paso Cristo,1998,B. Presentación al Pueblo de Dos Hermanas,1997 – 1999: B. Presentación al Pueblo de Dos Hermanas
foro-2026-costalero_prado-visperas,Viernes de Dolores y Sabado de Pasion,DULCE NOMBRE (BELLAVISTA),Paso Cristo,1999,B. Presentación al Pueblo de Dos Hermanas,1997 – 1999: B. Presentación al Pueblo de Dos Hermanas
foro-2026-costalero_prado-visperas,Viernes de Dolores y Sabado de Pasion,DULCE NOMBRE (BELLAVISTA),Paso Cristo,2000,A. M. Mª Stma. de la Paz,2000: A. M. Mª Stma. de la Paz
foro-2026-costalero_prado-visperas,Viernes de Dolores y Sabado de Pasion,DULCE NOMBRE (BELLAVISTA),Paso Cristo,2001,B. Stmo. Cristo de la Sed,2001: B. Stmo. Cristo de la Sed
foro-2026-costalero_prado-visperas,Viernes de Dolores y Sabado de Pasion,DULCE NOMBRE (BELLAVISTA),Paso Cristo,2002,B. Ntro. Padre Jesús Cautivo,2002 – 2005: B. Ntro. Padre Jesús Cautivo
foro-2026-costalero_prado-visperas,Viernes de Dolores y Sabado de Pasion,DULCE NOMBRE (BELLAVISTA),Paso Cristo,2003,B. Ntro. Padre Jesús Cautivo,2002 – 2005: B. Ntro. Padre Jesús Cautivo
foro-2026-costalero_prado-visperas,Viernes de Dolores y Sabado de Pasion,DULCE NOMBRE (BELLAVISTA),Paso Cristo,2004,B. Ntro. Padre Jesús Cautivo,2002 – 2005: B. Ntro. Padre Jesús Cautivo
foro-2026-costalero_prado-visperas,Viernes de Dolores y Sabado de Pasion,DULCE NOMBRE (BELLAVISTA),Paso Cristo,2005,B. Ntro. Padre Jesús Cautivo,2002 – 2005: B. Ntro. Padre Jesús Cautivo
foro-2026-costalero_prado-visperas,Viernes de Dolores y Sabado de Pasion,DULCE NOMBRE (BELLAVISTA),Paso Cristo,2006,AM Ntro. Padre Jesús de la Redención,2006 - 2026: AM Ntro. Padre Jesús de la Redención
foro-2026-costalero_prado-visperas,Viernes de Dolores y Sabado de Pasion,DULCE NOMBRE (BELLAVISTA),Paso Cristo,2007,AM Ntro. Padre Jesús de la Redención,2006 - 2026: AM Ntro. Padre Jesús de la Redención
foro-2026-costalero_prado-visperas,Viernes de Dolores y Sabado de Pasion,DULCE NOMBRE (BELLAVISTA),Paso Cristo,2008,AM Ntro. Padre Jesús de la Redención,2006 - 2026: AM Ntro. Padre Jesús de la Redención
foro-2026-costalero_prado-visperas,Viernes de Dolores y Sabado de Pasion,DULCE NOMBRE (BELLAVISTA),Paso Cristo,2009,AM Ntro. Padre Jesús de la Redención,2006 - 2026: AM Ntro. Padre Jesús de la Redención
foro-2026-costalero_prado-visperas,Viernes de Dolores y Sabado de Pasion,DULCE NOMBRE (BELLAVISTA),Paso Cristo,2010,AM Ntro. Padre Jesús de la Redención,2006 - 2026: AM Ntro. Padre Jesús de la Redención
foro-2026-costalero_prado-visperas,Viernes de Dolores y Sabado de Pasion,DULCE NOMBRE (BELLAVISTA),Paso Cristo,2011,AM Ntro. Padre Jesús de la Redención,2006 - 2026: AM Ntro. Padre Jesús de la Redención
foro-2026-costalero_prado-visperas,Viernes de Dolores y Sabado de Pasion,DULCE NOMBRE (BELLAVISTA),Paso Cristo,2012,AM Ntro. Padre Jesús de la Redención,2006 - 2026: AM Ntro. Padre Jesús de la Redención
foro-2026-costalero_prado-visperas,Viernes de Dolores y Sabado de Pasion,DULCE NOMBRE (BELLAVISTA),Paso Cristo,2013,AM Ntro. Padre Jesús de la Redención,2006 - 2026: AM Ntro. Padre Jesús de la Redención
foro-2026-costalero_prado-visperas,Viernes de Dolores y Sabado de Pasion,DULCE NOMBRE (BELLAVISTA),Paso Cristo,2014,AM Ntro. Padre Jesús de la Redención,2006 - 2026: AM Ntro. Padre Jesús de la Redención
foro-2026-costalero_prado-visperas,Viernes de Dolores y Sabado de Pasion,DULCE NOMBRE (BELLAVISTA),Paso Cristo,2015,AM Ntro. Padre Jesús de la Redención,2006 - 2026: AM Ntro. Padre Jesús de la Redención
foro-2026-costalero_prado-visperas,Viernes de Dolores y Sabado de Pasion,DULCE NOMBRE (BELLAVISTA),Paso Cristo,2016,AM Ntro. Padre Jesús de la Redención,2006 - 2026: AM Ntro. Padre Jesús de la Redención
foro-2026-costalero_prado-visperas,Viernes de Dolores y Sabado de Pasion,DULCE NOMBRE (BELLAVISTA),Paso Cristo,2017,AM Ntro. Padre Jesús de la Redención,2006 - 2026: AM Ntro. Padre Jesús de la Redención
foro-2026-costalero_prado-visperas,Viernes de Dolores y Sabado de Pasion,DULCE NOMBRE (BELLAVISTA),Paso Cristo,2018,AM Ntro. Padre Jesús de la Redención,2006 - 2026: AM Ntro. Padre Jesús de la Redención
foro-2026-costalero_prado-visperas,Viernes de Dolores y Sabado de Pasion,DULCE NOMBRE (BELLAVISTA),Paso Cristo,2019,AM Ntro. Padre Jesús de la Redención,2006 - 2026: AM Ntro. Padre Jesús de la Redención
foro-2026-costalero_prado-visperas,Viernes de Dolores y Sabado de Pasion,DULCE NOMBRE (BELLAVISTA),Paso Cristo,2020,AM Ntro. Padre Jesús de la Redención,2006 - 2026: AM Ntro. Padre Jesús de la Redención
foro-2026-costalero_prado-visperas,Viernes de Dolores y Sabado de Pasion,DULCE NOMBRE (BELLAVISTA),Paso Cristo,2021,AM Ntro. Padre Jesús de la Redención,2006 - 2026: AM Ntro. Padre Jesús de la Redención
foro-2026-costalero_prado-visperas,Viernes de Dolores y Sabado de Pasion,DULCE NOMBRE (BELLAVISTA),Paso Cristo,2022,AM Ntro. Padre Jesús de la Redención,2006 - 2026: AM Ntro. Padre Jesús de la Redención
foro-2026-costalero_prado-visperas,Viernes de Dolores y Sabado de Pasion,DULCE NOMBRE (BELLAVISTA),Paso Cristo,2023,AM Ntro. Padre Jesús de la Redención,2006 - 2026: AM Ntro. Padre Jesús de la Redención
foro-2026-costalero_prado-visperas,Viernes de Dolores y Sabado de Pasion,DULCE NOMBRE (BELLAVISTA),Paso Cristo,2024,AM Ntro. Padre Jesús de la Redención,2006 - 2026: AM Ntro. Padre Jesús de la Redención
foro-2026-costalero_prado-visperas,Viernes de Dolores y Sabado de Pasion,DULCE NOMBRE (BELLAVISTA),Paso Cristo,2025,AM Ntro. Padre Jesús de la Redención,2006 - 2026: AM Ntro. Padre Jesús de la Redención
foro-2026-costalero_prado-visperas,Viernes de Dolores y Sabado de Pasion,DULCE NOMBRE (BELLAVISTA),Paso Cristo,2026,AM Ntro. Padre Jesús de la Redención,2006 - 2026: AM Ntro. Padre Jesús de la Redención
foro-2026-costalero_prado-visperas,Viernes de Dolores y Sabado de Pasion,DULCE NOMBRE (BELLAVISTA),Paso Palio,2000,Banda Municipal de Dos Hermanas,2000 -2001: Banda Municipal de Dos Hermanas
foro-2026-costalero_prado-visperas,Viernes de Dolores y Sabado de Pasion,DULCE NOMBRE (BELLAVISTA),Paso Palio,2001,Banda Municipal de Dos Hermanas,2000 -2001: Banda Municipal de Dos Hermanas
foro-2026-costalero_prado-visperas,Viernes de Dolores y Sabado de Pasion,DULCE NOMBRE (BELLAVISTA),Paso Palio,2002,B. Santa Ana Dos Hermanas,2002 – 2026: B. Santa Ana Dos Hermanas
foro-2026-costalero_prado-visperas,Viernes de Dolores y Sabado de Pasion,DULCE NOMBRE (BELLAVISTA),Paso Palio,2003,B. Santa Ana Dos Hermanas,2002 – 2026: B. Santa Ana Dos Hermanas
foro-2026-costalero_prado-visperas,Viernes de Dolores y Sabado de Pasion,DULCE NOMBRE (BELLAVISTA),Paso Palio,2004,B. Santa Ana Dos Hermanas,2002 – 2026: B. Santa Ana Dos Hermanas
foro-2026-costalero_prado-visperas,Viernes de Dolores y Sabado de Pasion,DULCE NOMBRE (BELLAVISTA),Paso Palio,2005,B. Santa Ana Dos Hermanas,2002 – 2026: B. Santa Ana Dos Hermanas
foro-2026-costalero_prado-visperas,Viernes de Dolores y Sabado de Pasion,DULCE NOMBRE (BELLAVISTA),Paso Palio,2006,B. Santa Ana Dos Hermanas,2002 – 2026: B. Santa Ana Dos Hermanas
foro-2026-costalero_prado-visperas,Viernes de Dolores y Sabado de Pasion,DULCE NOMBRE (BELLAVISTA),Paso Palio,2007,B. Santa Ana Dos Hermanas,2002 – 2026: B. Santa Ana Dos Hermanas
foro-2026-costalero_prado-visperas,Viernes de Dolores y Sabado de Pasion,DULCE NOMBRE (BELLAVISTA),Paso Palio,2008,B. Santa Ana Dos Hermanas,2002 – 2026: B. Santa Ana Dos Hermanas
foro-2026-costalero_prado-visperas,Viernes de Dolores y Sabado de Pasion,DULCE NOMBRE (BELLAVISTA),Paso Palio,2009,B. Santa Ana Dos Hermanas,2002 – 2026: B. Santa Ana Dos Hermanas
foro-2026-costalero_prado-visperas,Viernes de Dolores y Sabado de Pasion,DULCE NOMBRE (BELLAVISTA),Paso Palio,2010,B. Santa Ana Dos Hermanas,2002 – 2026: B. Santa Ana Dos Hermanas
foro-2026-costalero_prado-visperas,Viernes de Dolores y Sabado de Pasion,DULCE NOMBRE (BELLAVISTA),Paso Palio,2011,B. Santa Ana Dos Hermanas,2002 – 2026: B. Santa Ana Dos Hermanas
foro-2026-costalero_prado-visperas,Viernes de Dolores y Sabado de Pasion,DULCE NOMBRE (BELLAVISTA),Paso Palio,2012,B. Santa Ana Dos Hermanas,2002 – 2026: B. Santa Ana Dos Hermanas
foro-2026-costalero_prado-visperas,Viernes de Dolores y Sabado de Pasion,DULCE NOMBRE (BELLAVISTA),Paso Palio,2013,B. Santa Ana Dos Hermanas,2002 – 2026: B. Santa Ana Dos Hermanas
foro-2026-costalero_prado-visperas,Viernes de Dolores y Sabado de Pasion,DULCE NOMBRE (BELLAVISTA),Paso Palio,2014,B. Santa Ana Dos Hermanas,2002 – 2026: B. Santa Ana Dos Hermanas
foro-2026-costalero_prado-visperas,Viernes de Dolores y Sabado de Pasion,DULCE NOMBRE (BELLAVISTA),Paso Palio,2015,B. Santa Ana Dos Hermanas,2002 – 2026: B. Santa Ana Dos Hermanas
foro-2026-costalero_prado-visperas,Viernes de Dolores y Sabado de Pasion,DULCE NOMBRE (BELLAVISTA),Paso Palio,2016,B. Santa Ana Dos Hermanas,2002 – 2026: B. Santa Ana Dos Hermanas
foro-2026-costalero_prado-visperas,Viernes de Dolores y Sabado de Pasion,DULCE NOMBRE (BELLAVISTA),Paso Palio,2017,B. Santa Ana Dos Hermanas,2002 – 2026: B. Santa Ana Dos Hermanas
foro-2026-costalero_prado-visperas,Viernes de Dolores y Sabado de Pasion,DULCE NOMBRE (BELLAVISTA),Paso Palio,2018,B. Santa Ana Dos Hermanas,2002 – 2026: B. Santa Ana Dos Hermanas
foro-2026-costalero_prado-visperas,Viernes de Dolores y Sabado de Pasion,DULCE NOMBRE (BELLAVISTA),Paso Palio,2019,B. Santa Ana Dos Hermanas,2002 – 2026: B. Santa Ana Dos Hermanas
foro-2026-costalero_prado-visperas,Viernes de Dolores y Sabado de Pasion,DULCE NOMBRE (BELLAVISTA),Paso Palio,2020,B. Santa Ana Dos Hermanas,2002 – 2026: B. Santa Ana Dos Hermanas
foro-2026-costalero_prado-visperas,Viernes de Dolores y Sabado de Pasion,DULCE NOMBRE (BELLAVISTA),Paso Palio,2021,B. Santa Ana Dos Hermanas,2002 – 2026: B. Santa Ana Dos Hermanas
foro-2026-costalero_prado-visperas,Viernes de Dolores y Sabado de Pasion,DULCE NOMBRE (BELLAVISTA),Paso Palio,2022,B. Santa Ana Dos Hermanas,2002 – 2026: B. Santa Ana Dos Hermanas
foro-2026-costalero_prado-visperas,Viernes de Dolores y Sabado de Pasion,DULCE NOMBRE (BELLAVISTA),Paso Palio,2023,B. Santa Ana Dos Hermanas,2002 – 2026: B. Santa Ana Dos Hermanas
foro-2026-costalero_prado-visperas,Viernes de Dolores y Sabado de Pasion,DULCE NOMBRE (BELLAVISTA),Paso Palio,2024,B. Santa Ana Dos Hermanas,2002 – 2026: B. Santa Ana Dos Hermanas
foro-2026-costalero_prado-visperas,Viernes de Dolores y Sabado de Pasion,DULCE NOMBRE (BELLAVISTA),Paso Palio,2025,B. Santa Ana Dos Hermanas,2002 – 2026: B. Santa Ana Dos Hermanas
foro-2026-costalero_prado-visperas,Viernes de Dolores y Sabado de Pasion,DULCE NOMBRE (BELLAVISTA),Paso Palio,2026,B. Santa Ana Dos Hermanas,2002 – 2026: B. Santa Ana Dos Hermanas
foro-2026-costalero_prado-visperas,Viernes de Dolores y Sabado de Pasion,BENDICIÓN Y ESPERANZA,Paso Cristo,2008,AM Virgen de los Reyes,2008: AM Virgen de los Reyes
foro-2026-costalero_prado-visperas,Viernes de Dolores y Sabado de Pasion,BENDICIÓN Y ESPERANZA,Paso Cristo,2009,AM Santa Cecilia,2009-2011: AM Santa Cecilia
foro-2026-costalero_prado-visperas,Viernes de Dolores y Sabado de Pasion,BENDICIÓN Y ESPERANZA,Paso Cristo,2010,AM Santa Cecilia,2009-2011: AM Santa Cecilia
foro-2026-costalero_prado-visperas,Viernes de Dolores y Sabado de Pasion,BENDICIÓN Y ESPERANZA,Paso Cristo,2011,AM Santa Cecilia,2009-2011: AM Santa Cecilia
foro-2026-costalero_prado-visperas,Viernes de Dolores y Sabado de Pasion,BENDICIÓN Y ESPERANZA,Paso Cristo,2012,"Banda de Cornetas y Tambores ""Fraternitas""","2012: Banda de Cornetas y Tambores ""Fraternitas"""
foro-2026-costalero_prado-visperas,Viernes de Dolores y Sabado de Pasion,BENDICIÓN Y ESPERANZA,Paso Cristo,2013,AM Virgen de los Reyes,2013-2016: AM Virgen de los Reyes
foro-2026-costalero_prado-visperas,Viernes de Dolores y Sabado de Pasion,BENDICIÓN Y ESPERANZA,Paso Cristo,2014,AM Virgen de los Reyes,2013-2016: AM Virgen de los Reyes
foro-2026-costalero_prado-visperas,Viernes de Dolores y Sabado de Pasion,BENDICIÓN Y ESPERANZA,Paso Cristo,2015,AM Virgen de los Reyes,2013-2016: AM Virgen de los Reyes
foro-2026-costalero_prado-visperas,Viernes de Dolores y Sabado de Pasion,BENDICIÓN Y ESPERANZA,Paso Cristo,2016,AM Virgen de los Reyes,2013-2016: AM Virgen de los Reyes
foro-2026-costalero_prado-visperas,Viernes de Dolores y Sabado de Pasion,BENDICIÓN Y ESPERANZA,Paso Cristo,2017,AM Sta. María de la Esperanza,2017-2026: AM Sta. María de la Esperanza
foro-2026-costalero_prado-visperas,Viernes de Dolores y Sabado de Pasion,BENDICIÓN Y ESPERANZA,Paso Cristo,2018,AM Sta. María de la Esperanza,2017-2026: AM Sta. María de la Esperanza
foro-2026-costalero_prado-visperas,Viernes de Dolores y Sabado de Pasion,BENDICIÓN Y ESPERANZA,Paso Cristo,2019,AM Sta. María de la Esperanza,2017-2026: AM Sta. María de la Esperanza
foro-2026-costalero_prado-visperas,Viernes de Dolores y Sabado de Pasion,BENDICIÓN Y ESPERANZA,Paso Cristo,2020,AM Sta. María de la Esperanza,2017-2026: AM Sta. María de la Esperanza
foro-2026-costalero_prado-visperas,Viernes de Dolores y Sabado de Pasion,BENDICIÓN Y ESPERANZA,Paso Cristo,2021,AM Sta. María de la Esperanza,2017-2026: AM Sta. María de la Esperanza
foro-2026-costalero_prado-visperas,Viernes de Dolores y Sabado de Pasion,BENDICIÓN Y ESPERANZA,Paso Cristo,2022,AM Sta. María de la Esperanza,2017-2026: AM Sta. María de la Esperanza
foro-2026-costalero_prado-visperas,Viernes de Dolores y Sabado de Pasion,BENDICIÓN Y ESPERANZA,Paso Cristo,2023,AM Sta. María de la Esperanza,2017-2026: AM Sta. María de la Esperanza
foro-2026-costalero_prado-visperas,Viernes de Dolores y Sabado de Pasion,BENDICIÓN Y ESPERANZA,Paso Cristo,2024,AM Sta. María de la Esperanza,2017-2026: AM Sta. María de la Esperanza
foro-2026-costalero_prado-visperas,Viernes de Dolores y Sabado de Pasion,BENDICIÓN Y ESPERANZA,Paso Cristo,2025,AM Sta. María de la Esperanza,2017-2026: AM Sta. María de la Esperanza
foro-2026-costalero_prado-visperas,Viernes de Dolores y Sabado de Pasion,BENDICIÓN Y ESPERANZA,Paso Cristo,2026,AM Sta. María de la Esperanza,2017-2026: AM Sta. María de la Esperanza
foro-2026-costalero_prado-visperas,Viernes de Dolores y Sabado de Pasion,PAZ Y MISERICORDIA (ROCHELAMBERT),Paso,2013,B. Música Ntra Sra de los Desamparados Sevilla,2013-2014: B. Música Ntra Sra de los Desamparados Sevilla
foro-2026-costalero_prado-visperas,Viernes de Dolores y Sabado de Pasion,PAZ Y MISERICORDIA (ROCHELAMBERT),Paso,2014,B. Música Ntra Sra de los Desamparados Sevilla,2013-2014: B. Música Ntra Sra de los Desamparados Sevilla
foro-2026-costalero_prado-visperas,Viernes de Dolores y Sabado de Pasion,PAZ Y MISERICORDIA (ROCHELAMBERT),Paso,2015,CyT Ntra Sra de los Ángeles,2015-2026: CyT Ntra Sra de los Ángeles
foro-2026-costalero_prado-visperas,Viernes de Dolores y Sabado de Pasion,PAZ Y MISERICORDIA (ROCHELAMBERT),Paso,2016,CyT Ntra Sra de los Ángeles,2015-2026: CyT Ntra Sra de los Ángeles
foro-2026-costalero_prado-visperas,Viernes de Dolores y Sabado de Pasion,PAZ Y MISERICORDIA (ROCHELAMBERT),Paso,2017,CyT Ntra Sra de los Ángeles,2015-2026: CyT Ntra Sra de los Ángeles
foro-2026-costalero_prado-visperas,Viernes de Dolores y Sabado de Pasion,PAZ Y MISERICORDIA (ROCHELAMBERT),Paso,2018,CyT Ntra Sra de los Ángeles,2015-2026: CyT Ntra Sra de los Ángeles
foro-2026-costalero_prado-visperas,Viernes de Dolores y Sabado de Pasion,PAZ Y MISERICORDIA (ROCHELAMBERT),Paso,2019,CyT Ntra Sra de los Ángeles,2015-2026: CyT Ntra Sra de los Ángeles
foro-2026-costalero_prado-visperas,Viernes de Dolores y Sabado de Pasion,PAZ Y MISERICORDIA (ROCHELAMBERT),Paso,2020,CyT Ntra Sra de los Ángeles,2015-2026: CyT Ntra Sra de los Ángeles
foro-2026-costalero_prado-visperas,Viernes de Dolores y Sabado de Pasion,PAZ Y MISERICORDIA (ROCHELAMBERT),Paso,2021,CyT Ntra Sra de los Ángeles,2015-2026: CyT Ntra Sra de los Ángeles
foro-2026-costalero_prado-visperas,Viernes de Dolores y Sabado de Pasion,PAZ Y MISERICORDIA (ROCHELAMBERT),Paso,2022,CyT Ntra Sra de los Ángeles,2015-2026: CyT Ntra Sra de los Ángeles
foro-2026-costalero_prado-visperas,Viernes de Dolores y Sabado de Pasion,PAZ Y MISERICORDIA (ROCHELAMBERT),Paso,2023,CyT Ntra Sra de los Ángeles,2015-2026: CyT Ntra Sra de los Ángeles
foro-2026-costalero_prado-visperas,Viernes de Dolores y Sabado de Pasion,PAZ Y MISERICORDIA (ROCHELAMBERT),Paso,2024,CyT Ntra Sra de los Ángeles,2015-2026: CyT Ntra Sra de los Ángeles
foro-2026-costalero_prado-visperas,Viernes de Dolores y Sabado de Pasion,PAZ Y MISERICORDIA (ROCHELAMBERT),Paso,2025,CyT Ntra Sra de los Ángeles,2015-2026: CyT Ntra Sra de los Ángeles
foro-2026-costalero_prado-visperas,Viernes de Dolores y Sabado de Pasion,PAZ Y MISERICORDIA (ROCHELAMBERT),Paso,2026,CyT Ntra Sra de los Ángeles,2015-2026: CyT Ntra Sra de los Ángeles
foro-2026-costalero_prado-visperas,Viernes de Dolores y Sabado de Pasion,SAN JOSÉ OBRERO,Paso Cristo,2013,"AM Nuestro Padre Jesús de la Salud ""Gitanos""","2013-2026: AM Nuestro Padre Jesús de la Salud ""Gitanos"""
foro-2026-costalero_prado-visperas,Viernes de Dolores y Sabado de Pasion,SAN JOSÉ OBRERO,Paso Cristo,2014,"AM Nuestro Padre Jesús de la Salud ""Gitanos""","2013-2026: AM Nuestro Padre Jesús de la Salud ""Gitanos"""
foro-2026-costalero_prado-visperas,Viernes de Dolores y Sabado de Pasion,SAN JOSÉ OBRERO,Paso Cristo,2015,"AM Nuestro Padre Jesús de la Salud ""Gitanos""","2013-2026: AM Nuestro Padre Jesús de la Salud ""Gitanos"""
foro-2026-costalero_prado-visperas,Viernes de Dolores y Sabado de Pasion,SAN JOSÉ OBRERO,Paso Cristo,2016,"AM Nuestro Padre Jesús de la Salud ""Gitanos""","2013-2026: AM Nuestro Padre Jesús de la Salud ""Gitanos"""
foro-2026-costalero_prado-visperas,Viernes de Dolores y Sabado de Pasion,SAN JOSÉ OBRERO,Paso Cristo,2017,"AM Nuestro Padre Jesús de la Salud ""Gitanos""","2013-2026: AM Nuestro Padre Jesús de la Salud ""Gitanos"""
foro-2026-costalero_prado-visperas,Viernes de Dolores y Sabado de Pasion,SAN JOSÉ OBRERO,Paso Cristo,2018,"AM Nuestro Padre Jesús de la Salud ""Gitanos""","2013-2026: AM Nuestro Padre Jesús de la Salud ""Gitanos"""
foro-2026-costalero_prado-visperas,Viernes de Dolores y Sabado de Pasion,SAN JOSÉ OBRERO,Paso Cristo,2019,"AM Nuestro Padre Jesús de la Salud ""Gitanos""","2013-2026: AM Nuestro Padre Jesús de la Salud ""Gitanos"""
foro-2026-costalero_prado-visperas,Viernes de Dolores y Sabado de Pasion,SAN JOSÉ OBRERO,Paso Cristo,2020,"AM Nuestro Padre Jesús de la Salud ""Gitanos""","2013-2026: AM Nuestro Padre Jesús de la Salud ""Gitanos"""
foro-2026-costalero_prado-visperas,Viernes de Dolores y Sabado de Pasion,SAN JOSÉ OBRERO,Paso Cristo,2021,"AM Nuestro Padre Jesús de la Salud ""Gitanos""","2013-2026: AM Nuestro Padre Jesús de la Salud ""Gitanos"""
foro-2026-costalero_prado-visperas,Viernes de Dolores y Sabado de Pasion,SAN JOSÉ OBRERO,Paso Cristo,2022,"AM Nuestro Padre Jesús de la Salud ""Gitanos""","2013-2026: AM Nuestro Padre Jesús de la Salud ""Gitanos"""
foro-2026-costalero_prado-visperas,Viernes de Dolores y Sabado de Pasion,SAN JOSÉ OBRERO,Paso Cristo,2023,"AM Nuestro Padre Jesús de la Salud ""Gitanos""","2013-2026: AM Nuestro Padre Jesús de la Salud ""Gitanos"""
foro-2026-costalero_prado-visperas,Viernes de Dolores y Sabado de Pasion,SAN JOSÉ OBRERO,Paso Cristo,2024,"AM Nuestro Padre Jesús de la Salud ""Gitanos""","2013-2026: AM Nuestro Padre Jesús de la Salud ""Gitanos"""
foro-2026-costalero_prado-visperas,Viernes de Dolores y Sabado de Pasion,SAN JOSÉ OBRERO,Paso Cristo,2025,"AM Nuestro Padre Jesús de la Salud ""Gitanos""","2013-2026: AM Nuestro Padre Jesús de la Salud ""Gitanos"""
foro-2026-costalero_prado-visperas,Viernes de Dolores y Sabado de Pasion,SAN JOSÉ OBRERO,Paso Cristo,2026,"AM Nuestro Padre Jesús de la Salud ""Gitanos""","2013-2026: AM Nuestro Padre Jesús de la Salud ""Gitanos"""
foro-2026-costalero_prado-visperas,Viernes de Dolores y Sabado de Pasion,SAN JOSÉ OBRERO,Paso Virgen,2009,B. Virgen del Castillo (Lebrija),2009 – 2019: B. Virgen del Castillo (Lebrija)
foro-2026-costalero_prado-visperas,Viernes de Dolores y Sabado de Pasion,SAN JOSÉ OBRERO,Paso Virgen,2010,B. Virgen del Castillo (Lebrija),2009 – 2019: B. Virgen del Castillo (Lebrija)
foro-2026-costalero_prado-visperas,Viernes de Dolores y Sabado de Pasion,SAN JOSÉ OBRERO,Paso Virgen,2011,B. Virgen del Castillo (Lebrija),2009 – 2019: B. Virgen del Castillo (Lebrija)
foro-2026-costalero_prado-visperas,Viernes de Dolores y Sabado de Pasion,SAN JOSÉ OBRERO,Paso Virgen,2012,B. Virgen del Castillo (Lebrija),2009 – 2019: B. Virgen del Castillo (Lebrija)
foro-2026-costalero_prado-visperas,Viernes de Dolores y Sabado de Pasion,SAN JOSÉ OBRERO,Paso Virgen,2013,B. Virgen del Castillo (Lebrija),2009 – 2019: B. Virgen del Castillo (Lebrija)
foro-2026-costalero_prado-visperas,Viernes de Dolores y Sabado de Pasion,SAN JOSÉ OBRERO,Paso Virgen,2014,B. Virgen del Castillo (Lebrija),2009 – 2019: B. Virgen del Castillo (Lebrija)
foro-2026-costalero_prado-visperas,Viernes de Dolores y Sabado de Pasion,SAN JOSÉ OBRERO,Paso Virgen,2015,B. Virgen del Castillo (Lebrija),2009 – 2019: B. Virgen del Castillo (Lebrija)
foro-2026-costalero_prado-visperas,Viernes de Dolores y Sabado de Pasion,SAN JOSÉ OBRERO,Paso Virgen,2016,B. Virgen del Castillo (Lebrija),2009 – 2019: B. Virgen del Castillo (Lebrija)
foro-2026-costalero_prado-visperas,Viernes de Dolores y Sabado de Pasion,SAN JOSÉ OBRERO,Paso Virgen,2017,B. Virgen del Castillo (Lebrija),2009 – 2019: B. Virgen del Castillo (Lebrija)
foro-2026-costalero_prado-visperas,Viernes de Dolores y Sabado de Pasion,SAN JOSÉ OBRERO,Paso Virgen,2018,B. Virgen del Castillo (Lebrija),2009 – 2019: B. Virgen del Castillo (Lebrija)
foro-2026-costalero_prado-visperas,Viernes de Dolores y Sabado de Pasion,SAN JOSÉ OBRERO,Paso Virgen,2019,B. Virgen del Castillo (Lebrija),2009 – 2019: B. Virgen del Castillo (Lebrija)
foro-2026-costalero_prado-visperas,Viernes de Dolores y Sabado de Pasion,SAN JOSÉ OBRERO,Paso Virgen,2022,B. Municipal de Coria del Rio,2022-2026: B. Municipal de Coria del Rio
foro-2026-costalero_prado-visperas,Viernes de Dolores y Sabado de Pasion,SAN JOSÉ OBRERO,Paso Virgen,2023,B. Municipal de Coria del Rio,2022-2026: B. Municipal de Coria del Rio
foro-2026-costalero_prado-visperas,Viernes de Dolores y Sabado de Pasion,SAN JOSÉ OBRERO,Paso Virgen,2024,B. Municipal de Coria del Rio,2022-2026: B. Municipal de Coria del Rio
foro-2026-costalero_prado-visperas,Viernes de Dolores y Sabado de Pasion,SAN JOSÉ OBRERO,Paso Virgen,2025,B. Municipal de Coria del Rio,2022-2026: B. Municipal de Coria del Rio
foro-2026-costalero_prado-visperas,Viernes de Dolores y Sabado de Pasion,SAN JOSÉ OBRERO,Paso Virgen,2026,B. Municipal de Coria del Rio,2022-2026: B. Municipal de Coria del Rio
foro-2026-costalero_prado-visperas,Viernes de Dolores y Sabado de Pasion,TORREBLANCA,"Paso Cristo (corregido en post #740, sustituye a la versión del post original)",1992,AM Santa María la Blanca de los Palacios,1992-1995: AM Santa María la Blanca de los Palacios
foro-2026-costalero_prado-visperas,Viernes de Dolores y Sabado de Pasion,TORREBLANCA,"Paso Cristo (corregido en post #740, sustituye a la versión del post original)",1993,AM Santa María la Blanca de los Palacios,1992-1995: AM Santa María la Blanca de los Palacios
foro-2026-costalero_prado-visperas,Viernes de Dolores y Sabado de Pasion,TORREBLANCA,"Paso Cristo (corregido en post #740, sustituye a la versión del post original)",1994,AM Santa María la Blanca de los Palacios,1992-1995: AM Santa María la Blanca de los Palacios
foro-2026-costalero_prado-visperas,Viernes de Dolores y Sabado de Pasion,TORREBLANCA,"Paso Cristo (corregido en post #740, sustituye a la versión del post original)",1995,AM Santa María la Blanca de los Palacios,1992-1995: AM Santa María la Blanca de los Palacios
foro-2026-costalero_prado-visperas,Viernes de Dolores y Sabado de Pasion,TORREBLANCA,"Paso Cristo (corregido en post #740, sustituye a la versión del post original)",1996,Centuria Macarena,1996-1997: Centuria Macarena
foro-2026-costalero_prado-visperas,Viernes de Dolores y Sabado de Pasion,TORREBLANCA,"Paso Cristo (corregido en post #740, sustituye a la versión del post original)",1997,Centuria Macarena,1996-1997: Centuria Macarena
foro-2026-costalero_prado-visperas,Viernes de Dolores y Sabado de Pasion,TORREBLANCA,"Paso Cristo (corregido en post #740, sustituye a la versión del post original)",1998,Banda de CC y TT Jesús Nazareno de Mairena del Alcor,1998-2003: Banda de CC y TT Jesús Nazareno de Mairena del Alcor
foro-2026-costalero_prado-visperas,Viernes de Dolores y Sabado de Pasion,TORREBLANCA,"Paso Cristo (corregido en post #740, sustituye a la versión del post original)",1999,Banda de CC y TT Jesús Nazareno de Mairena del Alcor,1998-2003: Banda de CC y TT Jesús Nazareno de Mairena del Alcor
foro-2026-costalero_prado-visperas,Viernes de Dolores y Sabado de Pasion,TORREBLANCA,"Paso Cristo (corregido en post #740, sustituye a la versión del post original)",2000,Banda de CC y TT Jesús Nazareno de Mairena del Alcor,1998-2003: Banda de CC y TT Jesús Nazareno de Mairena del Alcor
foro-2026-costalero_prado-visperas,Viernes de Dolores y Sabado de Pasion,TORREBLANCA,"Paso Cristo (corregido en post #740, sustituye a la versión del post original)",2001,Banda de CC y TT Jesús Nazareno de Mairena del Alcor,1998-2003: Banda de CC y TT Jesús Nazareno de Mairena del Alcor
foro-2026-costalero_prado-visperas,Viernes de Dolores y Sabado de Pasion,TORREBLANCA,"Paso Cristo (corregido en post #740, sustituye a la versión del post original)",2002,Banda de CC y TT Jesús Nazareno de Mairena del Alcor,1998-2003: Banda de CC y TT Jesús Nazareno de Mairena del Alcor
foro-2026-costalero_prado-visperas,Viernes de Dolores y Sabado de Pasion,TORREBLANCA,"Paso Cristo (corregido en post #740, sustituye a la versión del post original)",2003,Banda de CC y TT Jesús Nazareno de Mairena del Alcor,1998-2003: Banda de CC y TT Jesús Nazareno de Mairena del Alcor
foro-2026-costalero_prado-visperas,Viernes de Dolores y Sabado de Pasion,TORREBLANCA,"Paso Cristo (corregido en post #740, sustituye a la versión del post original)",2004,AM Virgen de los Reyes,2004-2018: AM Virgen de los Reyes
foro-2026-costalero_prado-visperas,Viernes de Dolores y Sabado de Pasion,TORREBLANCA,"Paso Cristo (corregido en post #740, sustituye a la versión del post original)",2005,AM Virgen de los Reyes,2004-2018: AM Virgen de los Reyes
foro-2026-costalero_prado-visperas,Viernes de Dolores y Sabado de Pasion,TORREBLANCA,"Paso Cristo (corregido en post #740, sustituye a la versión del post original)",2006,AM Virgen de los Reyes,2004-2018: AM Virgen de los Reyes
foro-2026-costalero_prado-visperas,Viernes de Dolores y Sabado de Pasion,TORREBLANCA,"Paso Cristo (corregido en post #740, sustituye a la versión del post original)",2007,AM Virgen de los Reyes,2004-2018: AM Virgen de los Reyes
foro-2026-costalero_prado-visperas,Viernes de Dolores y Sabado de Pasion,TORREBLANCA,"Paso Cristo (corregido en post #740, sustituye a la versión del post original)",2008,AM Virgen de los Reyes,2004-2018: AM Virgen de los Reyes
foro-2026-costalero_prado-visperas,Viernes de Dolores y Sabado de Pasion,TORREBLANCA,"Paso Cristo (corregido en post #740, sustituye a la versión del post original)",2009,AM Virgen de los Reyes,2004-2018: AM Virgen de los Reyes
foro-2026-costalero_prado-visperas,Viernes de Dolores y Sabado de Pasion,TORREBLANCA,"Paso Cristo (corregido en post #740, sustituye a la versión del post original)",2010,AM Virgen de los Reyes,2004-2018: AM Virgen de los Reyes
foro-2026-costalero_prado-visperas,Viernes de Dolores y Sabado de Pasion,TORREBLANCA,"Paso Cristo (corregido en post #740, sustituye a la versión del post original)",2011,AM Virgen de los Reyes,2004-2018: AM Virgen de los Reyes
foro-2026-costalero_prado-visperas,Viernes de Dolores y Sabado de Pasion,TORREBLANCA,"Paso Cristo (corregido en post #740, sustituye a la versión del post original)",2012,AM Virgen de los Reyes,2004-2018: AM Virgen de los Reyes
foro-2026-costalero_prado-visperas,Viernes de Dolores y Sabado de Pasion,TORREBLANCA,"Paso Cristo (corregido en post #740, sustituye a la versión del post original)",2013,AM Virgen de los Reyes,2004-2018: AM Virgen de los Reyes
foro-2026-costalero_prado-visperas,Viernes de Dolores y Sabado de Pasion,TORREBLANCA,"Paso Cristo (corregido en post #740, sustituye a la versión del post original)",2014,AM Virgen de los Reyes,2004-2018: AM Virgen de los Reyes
foro-2026-costalero_prado-visperas,Viernes de Dolores y Sabado de Pasion,TORREBLANCA,"Paso Cristo (corregido en post #740, sustituye a la versión del post original)",2015,AM Virgen de los Reyes,2004-2018: AM Virgen de los Reyes
foro-2026-costalero_prado-visperas,Viernes de Dolores y Sabado de Pasion,TORREBLANCA,"Paso Cristo (corregido en post #740, sustituye a la versión del post original)",2016,AM Virgen de los Reyes,2004-2018: AM Virgen de los Reyes
foro-2026-costalero_prado-visperas,Viernes de Dolores y Sabado de Pasion,TORREBLANCA,"Paso Cristo (corregido en post #740, sustituye a la versión del post original)",2017,AM Virgen de los Reyes,2004-2018: AM Virgen de los Reyes
foro-2026-costalero_prado-visperas,Viernes de Dolores y Sabado de Pasion,TORREBLANCA,"Paso Cristo (corregido en post #740, sustituye a la versión del post original)",2018,AM Virgen de los Reyes,2004-2018: AM Virgen de los Reyes
foro-2026-costalero_prado-visperas,Viernes de Dolores y Sabado de Pasion,TORREBLANCA,"Paso Cristo (corregido en post #740, sustituye a la versión del post original)",2019,AM Sentencia de Jerez,2019-2026: AM Sentencia de Jerez
foro-2026-costalero_prado-visperas,Viernes de Dolores y Sabado de Pasion,TORREBLANCA,"Paso Cristo (corregido en post #740, sustituye a la versión del post original)",2020,AM Sentencia de Jerez,2019-2026: AM Sentencia de Jerez
foro-2026-costalero_prado-visperas,Viernes de Dolores y Sabado de Pasion,TORREBLANCA,"Paso Cristo (corregido en post #740, sustituye a la versión del post original)",2021,AM Sentencia de Jerez,2019-2026: AM Sentencia de Jerez
foro-2026-costalero_prado-visperas,Viernes de Dolores y Sabado de Pasion,TORREBLANCA,"Paso Cristo (corregido en post #740, sustituye a la versión del post original)",2022,AM Sentencia de Jerez,2019-2026: AM Sentencia de Jerez
foro-2026-costalero_prado-visperas,Viernes de Dolores y Sabado de Pasion,TORREBLANCA,"Paso Cristo (corregido en post #740, sustituye a la versión del post original)",2023,AM Sentencia de Jerez,2019-2026: AM Sentencia de Jerez
foro-2026-costalero_prado-visperas,Viernes de Dolores y Sabado de Pasion,TORREBLANCA,"Paso Cristo (corregido en post #740, sustituye a la versión del post original)",2024,AM Sentencia de Jerez,2019-2026: AM Sentencia de Jerez
foro-2026-costalero_prado-visperas,Viernes de Dolores y Sabado de Pasion,TORREBLANCA,"Paso Cristo (corregido en post #740, sustituye a la versión del post original)",2025,AM Sentencia de Jerez,2019-2026: AM Sentencia de Jerez
foro-2026-costalero_prado-visperas,Viernes de Dolores y Sabado de Pasion,TORREBLANCA,"Paso Cristo (corregido en post #740, sustituye a la versión del post original)",2026,AM Sentencia de Jerez,2019-2026: AM Sentencia de Jerez
foro-2026-costalero_prado-visperas,Viernes de Dolores y Sabado de Pasion,TORREBLANCA,Paso Virgen,1995,B. de Música de Puebla del Río,1995: B. de Música de Puebla del Río
foro-2026-costalero_prado-visperas,Viernes de Dolores y Sabado de Pasion,TORREBLANCA,Paso Virgen,1996,B. Ntra Sra Las Nieves de Olivares,1996 – 2026: B. Ntra Sra Las Nieves de Olivares
foro-2026-costalero_prado-visperas,Viernes de Dolores y Sabado de Pasion,TORREBLANCA,Paso Virgen,1997,B. Ntra Sra Las Nieves de Olivares,1996 – 2026: B. Ntra Sra Las Nieves de Olivares
foro-2026-costalero_prado-visperas,Viernes de Dolores y Sabado de Pasion,TORREBLANCA,Paso Virgen,1998,B. Ntra Sra Las Nieves de Olivares,1996 – 2026: B. Ntra Sra Las Nieves de Olivares
foro-2026-costalero_prado-visperas,Viernes de Dolores y Sabado de Pasion,TORREBLANCA,Paso Virgen,1999,B. Ntra Sra Las Nieves de Olivares,1996 – 2026: B. Ntra Sra Las Nieves de Olivares
foro-2026-costalero_prado-visperas,Viernes de Dolores y Sabado de Pasion,TORREBLANCA,Paso Virgen,2000,B. Ntra Sra Las Nieves de Olivares,1996 – 2026: B. Ntra Sra Las Nieves de Olivares
foro-2026-costalero_prado-visperas,Viernes de Dolores y Sabado de Pasion,TORREBLANCA,Paso Virgen,2001,B. Ntra Sra Las Nieves de Olivares,1996 – 2026: B. Ntra Sra Las Nieves de Olivares
foro-2026-costalero_prado-visperas,Viernes de Dolores y Sabado de Pasion,TORREBLANCA,Paso Virgen,2002,B. Ntra Sra Las Nieves de Olivares,1996 – 2026: B. Ntra Sra Las Nieves de Olivares
foro-2026-costalero_prado-visperas,Viernes de Dolores y Sabado de Pasion,TORREBLANCA,Paso Virgen,2003,B. Ntra Sra Las Nieves de Olivares,1996 – 2026: B. Ntra Sra Las Nieves de Olivares
foro-2026-costalero_prado-visperas,Viernes de Dolores y Sabado de Pasion,TORREBLANCA,Paso Virgen,2004,B. Ntra Sra Las Nieves de Olivares,1996 – 2026: B. Ntra Sra Las Nieves de Olivares
foro-2026-costalero_prado-visperas,Viernes de Dolores y Sabado de Pasion,TORREBLANCA,Paso Virgen,2005,B. Ntra Sra Las Nieves de Olivares,1996 – 2026: B. Ntra Sra Las Nieves de Olivares
foro-2026-costalero_prado-visperas,Viernes de Dolores y Sabado de Pasion,TORREBLANCA,Paso Virgen,2006,B. Ntra Sra Las Nieves de Olivares,1996 – 2026: B. Ntra Sra Las Nieves de Olivares
foro-2026-costalero_prado-visperas,Viernes de Dolores y Sabado de Pasion,TORREBLANCA,Paso Virgen,2007,B. Ntra Sra Las Nieves de Olivares,1996 – 2026: B. Ntra Sra Las Nieves de Olivares
foro-2026-costalero_prado-visperas,Viernes de Dolores y Sabado de Pasion,TORREBLANCA,Paso Virgen,2008,B. Ntra Sra Las Nieves de Olivares,1996 – 2026: B. Ntra Sra Las Nieves de Olivares
foro-2026-costalero_prado-visperas,Viernes de Dolores y Sabado de Pasion,TORREBLANCA,Paso Virgen,2009,B. Ntra Sra Las Nieves de Olivares,1996 – 2026: B. Ntra Sra Las Nieves de Olivares
foro-2026-costalero_prado-visperas,Viernes de Dolores y Sabado de Pasion,TORREBLANCA,Paso Virgen,2010,B. Ntra Sra Las Nieves de Olivares,1996 – 2026: B. Ntra Sra Las Nieves de Olivares
foro-2026-costalero_prado-visperas,Viernes de Dolores y Sabado de Pasion,TORREBLANCA,Paso Virgen,2011,B. Ntra Sra Las Nieves de Olivares,1996 – 2026: B. Ntra Sra Las Nieves de Olivares
foro-2026-costalero_prado-visperas,Viernes de Dolores y Sabado de Pasion,TORREBLANCA,Paso Virgen,2012,B. Ntra Sra Las Nieves de Olivares,1996 – 2026: B. Ntra Sra Las Nieves de Olivares
foro-2026-costalero_prado-visperas,Viernes de Dolores y Sabado de Pasion,TORREBLANCA,Paso Virgen,2013,B. Ntra Sra Las Nieves de Olivares,1996 – 2026: B. Ntra Sra Las Nieves de Olivares
foro-2026-costalero_prado-visperas,Viernes de Dolores y Sabado de Pasion,TORREBLANCA,Paso Virgen,2014,B. Ntra Sra Las Nieves de Olivares,1996 – 2026: B. Ntra Sra Las Nieves de Olivares
foro-2026-costalero_prado-visperas,Viernes de Dolores y Sabado de Pasion,TORREBLANCA,Paso Virgen,2015,B. Ntra Sra Las Nieves de Olivares,1996 – 2026: B. Ntra Sra Las Nieves de Olivares
foro-2026-costalero_prado-visperas,Viernes de Dolores y Sabado de Pasion,TORREBLANCA,Paso Virgen,2016,B. Ntra Sra Las Nieves de Olivares,1996 – 2026: B. Ntra Sra Las Nieves de Olivares
foro-2026-costalero_prado-visperas,Viernes de Dolores y Sabado de Pasion,TORREBLANCA,Paso Virgen,2017,B. Ntra Sra Las Nieves de Olivares,1996 – 2026: B. Ntra Sra Las Nieves de Olivares
foro-2026-costalero_prado-visperas,Viernes de Dolores y Sabado de Pasion,TORREBLANCA,Paso Virgen,2018,B. Ntra Sra Las Nieves de Olivares,1996 – 2026: B. Ntra Sra Las Nieves de Olivares
foro-2026-costalero_prado-visperas,Viernes de Dolores y Sabado de Pasion,TORREBLANCA,Paso Virgen,2019,B. Ntra Sra Las Nieves de Olivares,1996 – 2026: B. Ntra Sra Las Nieves de Olivares
foro-2026-costalero_prado-visperas,Viernes de Dolores y Sabado de Pasion,TORREBLANCA,Paso Virgen,2020,B. Ntra Sra Las Nieves de Olivares,1996 – 2026: B. Ntra Sra Las Nieves de Olivares
foro-2026-costalero_prado-visperas,Viernes de Dolores y Sabado de Pasion,TORREBLANCA,Paso Virgen,2021,B. Ntra Sra Las Nieves de Olivares,1996 – 2026: B. Ntra Sra Las Nieves de Olivares
foro-2026-costalero_prado-visperas,Viernes de Dolores y Sabado de Pasion,TORREBLANCA,Paso Virgen,2022,B. Ntra Sra Las Nieves de Olivares,1996 – 2026: B. Ntra Sra Las Nieves de Olivares
foro-2026-costalero_prado-visperas,Viernes de Dolores y Sabado de Pasion,TORREBLANCA,Paso Virgen,2023,B. Ntra Sra Las Nieves de Olivares,1996 – 2026: B. Ntra Sra Las Nieves de Olivares
foro-2026-costalero_prado-visperas,Viernes de Dolores y Sabado de Pasion,TORREBLANCA,Paso Virgen,2024,B. Ntra Sra Las Nieves de Olivares,1996 – 2026: B. Ntra Sra Las Nieves de Olivares
foro-2026-costalero_prado-visperas,Viernes de Dolores y Sabado de Pasion,TORREBLANCA,Paso Virgen,2025,B. Ntra Sra Las Nieves de Olivares,1996 – 2026: B. Ntra Sra Las Nieves de Olivares
foro-2026-costalero_prado-visperas,Viernes de Dolores y Sabado de Pasion,TORREBLANCA,Paso Virgen,2026,B. Ntra Sra Las Nieves de Olivares,1996 – 2026: B. Ntra Sra Las Nieves de Olivares
foro-2026-costalero_prado-visperas,Viernes de Dolores y Sabado de Pasion,DIVINO PERDÓN (ALCOSA),Paso Cristo,2001,B. Juvenil Stmo. Cristo de las Tres Caídas,2001: B. Juvenil Stmo. Cristo de las Tres Caídas
foro-2026-costalero_prado-visperas,Viernes de Dolores y Sabado de Pasion,DIVINO PERDÓN (ALCOSA),Paso Cristo,2002,B. Stmo. Cristo de la Sed,2002 – 2003: B. Stmo. Cristo de la Sed
foro-2026-costalero_prado-visperas,Viernes de Dolores y Sabado de Pasion,DIVINO PERDÓN (ALCOSA),Paso Cristo,2003,B. Stmo. Cristo de la Sed,2002 – 2003: B. Stmo. Cristo de la Sed
foro-2026-costalero_prado-visperas,Viernes de Dolores y Sabado de Pasion,DIVINO PERDÓN (ALCOSA),Paso Cristo,2004,A. M. Ntro. Padre Jesús de la Salud,2004 – 2006: A. M. Ntro. Padre Jesús de la Salud
foro-2026-costalero_prado-visperas,Viernes de Dolores y Sabado de Pasion,DIVINO PERDÓN (ALCOSA),Paso Cristo,2005,A. M. Ntro. Padre Jesús de la Salud,2004 – 2006: A. M. Ntro. Padre Jesús de la Salud
foro-2026-costalero_prado-visperas,Viernes de Dolores y Sabado de Pasion,DIVINO PERDÓN (ALCOSA),Paso Cristo,2006,A. M. Ntro. Padre Jesús de la Salud,2004 – 2006: A. M. Ntro. Padre Jesús de la Salud
foro-2026-costalero_prado-visperas,Viernes de Dolores y Sabado de Pasion,DIVINO PERDÓN (ALCOSA),Paso Cristo,2007,A. M. Ntra. Sra. de la Estrella (Dos Hermanas),2007 – 2021: A. M. Ntra. Sra. de la Estrella (Dos Hermanas)
foro-2026-costalero_prado-visperas,Viernes de Dolores y Sabado de Pasion,DIVINO PERDÓN (ALCOSA),Paso Cristo,2008,A. M. Ntra. Sra. de la Estrella (Dos Hermanas),2007 – 2021: A. M. Ntra. Sra. de la Estrella (Dos Hermanas)
foro-2026-costalero_prado-visperas,Viernes de Dolores y Sabado de Pasion,DIVINO PERDÓN (ALCOSA),Paso Cristo,2009,A. M. Ntra. Sra. de la Estrella (Dos Hermanas),2007 – 2021: A. M. Ntra. Sra. de la Estrella (Dos Hermanas)
foro-2026-costalero_prado-visperas,Viernes de Dolores y Sabado de Pasion,DIVINO PERDÓN (ALCOSA),Paso Cristo,2010,A. M. Ntra. Sra. de la Estrella (Dos Hermanas),2007 – 2021: A. M. Ntra. Sra. de la Estrella (Dos Hermanas)
foro-2026-costalero_prado-visperas,Viernes de Dolores y Sabado de Pasion,DIVINO PERDÓN (ALCOSA),Paso Cristo,2011,A. M. Ntra. Sra. de la Estrella (Dos Hermanas),2007 – 2021: A. M. Ntra. Sra. de la Estrella (Dos Hermanas)
foro-2026-costalero_prado-visperas,Viernes de Dolores y Sabado de Pasion,DIVINO PERDÓN (ALCOSA),Paso Cristo,2012,A. M. Ntra. Sra. de la Estrella (Dos Hermanas),2007 – 2021: A. M. Ntra. Sra. de la Estrella (Dos Hermanas)
foro-2026-costalero_prado-visperas,Viernes de Dolores y Sabado de Pasion,DIVINO PERDÓN (ALCOSA),Paso Cristo,2013,A. M. Ntra. Sra. de la Estrella (Dos Hermanas),2007 – 2021: A. M. Ntra. Sra. de la Estrella (Dos Hermanas)
foro-2026-costalero_prado-visperas,Viernes de Dolores y Sabado de Pasion,DIVINO PERDÓN (ALCOSA),Paso Cristo,2014,A. M. Ntra. Sra. de la Estrella (Dos Hermanas),2007 – 2021: A. M. Ntra. Sra. de la Estrella (Dos Hermanas)
foro-2026-costalero_prado-visperas,Viernes de Dolores y Sabado de Pasion,DIVINO PERDÓN (ALCOSA),Paso Cristo,2015,A. M. Ntra. Sra. de la Estrella (Dos Hermanas),2007 – 2021: A. M. Ntra. Sra. de la Estrella (Dos Hermanas)
foro-2026-costalero_prado-visperas,Viernes de Dolores y Sabado de Pasion,DIVINO PERDÓN (ALCOSA),Paso Cristo,2016,A. M. Ntra. Sra. de la Estrella (Dos Hermanas),2007 – 2021: A. M. Ntra. Sra. de la Estrella (Dos Hermanas)
foro-2026-costalero_prado-visperas,Viernes de Dolores y Sabado de Pasion,DIVINO PERDÓN (ALCOSA),Paso Cristo,2017,A. M. Ntra. Sra. de la Estrella (Dos Hermanas),2007 – 2021: A. M. Ntra. Sra. de la Estrella (Dos Hermanas)
foro-2026-costalero_prado-visperas,Viernes de Dolores y Sabado de Pasion,DIVINO PERDÓN (ALCOSA),Paso Cristo,2018,A. M. Ntra. Sra. de la Estrella (Dos Hermanas),2007 – 2021: A. M. Ntra. Sra. de la Estrella (Dos Hermanas)
foro-2026-costalero_prado-visperas,Viernes de Dolores y Sabado de Pasion,DIVINO PERDÓN (ALCOSA),Paso Cristo,2019,A. M. Ntra. Sra. de la Estrella (Dos Hermanas),2007 – 2021: A. M. Ntra. Sra. de la Estrella (Dos Hermanas)
foro-2026-costalero_prado-visperas,Viernes de Dolores y Sabado de Pasion,DIVINO PERDÓN (ALCOSA),Paso Cristo,2020,A. M. Ntra. Sra. de la Estrella (Dos Hermanas),2007 – 2021: A. M. Ntra. Sra. de la Estrella (Dos Hermanas)
foro-2026-costalero_prado-visperas,Viernes de Dolores y Sabado de Pasion,DIVINO PERDÓN (ALCOSA),Paso Cristo,2021,A. M. Ntra. Sra. de la Estrella (Dos Hermanas),2007 – 2021: A. M. Ntra. Sra. de la Estrella (Dos Hermanas)
foro-2026-costalero_prado-visperas,Viernes de Dolores y Sabado de Pasion,DIVINO PERDÓN (ALCOSA),Paso Cristo,2022,C y T Presentacion al Pueblo DH,2022-2023: C y T Presentacion al Pueblo DH
foro-2026-costalero_prado-visperas,Viernes de Dolores y Sabado de Pasion,DIVINO PERDÓN (ALCOSA),Paso Cristo,2023,C y T Presentacion al Pueblo DH,2022-2023: C y T Presentacion al Pueblo DH
foro-2026-costalero_prado-visperas,Viernes de Dolores y Sabado de Pasion,DIVINO PERDÓN (ALCOSA),Paso Cristo,2024,AM Virgen de los Reyes,2024-2025: AM Virgen de los Reyes
foro-2026-costalero_prado-visperas,Viernes de Dolores y Sabado de Pasion,DIVINO PERDÓN (ALCOSA),Paso Cristo,2025,AM Virgen de los Reyes,2024-2025: AM Virgen de los Reyes
foro-2026-costalero_prado-visperas,Viernes de Dolores y Sabado de Pasion,DIVINO PERDÓN (ALCOSA),Paso Cristo,2026,AM Ntra Sra de la Encarnación,2026: AM Ntra Sra de la Encarnación
foro-2026-costalero_prado-visperas,Viernes de Dolores y Sabado de Pasion,DIVINO PERDÓN (ALCOSA),Paso Palio,2013,B. Nuestra Señora del Rosario (Sanlúcar la Mayor),2013 – 2024: B. Nuestra Señora del Rosario (Sanlúcar la Mayor)
foro-2026-costalero_prado-visperas,Viernes de Dolores y Sabado de Pasion,DIVINO PERDÓN (ALCOSA),Paso Palio,2014,B. Nuestra Señora del Rosario (Sanlúcar la Mayor),2013 – 2024: B. Nuestra Señora del Rosario (Sanlúcar la Mayor)
foro-2026-costalero_prado-visperas,Viernes de Dolores y Sabado de Pasion,DIVINO PERDÓN (ALCOSA),Paso Palio,2015,B. Nuestra Señora del Rosario (Sanlúcar la Mayor),2013 – 2024: B. Nuestra Señora del Rosario (Sanlúcar la Mayor)
foro-2026-costalero_prado-visperas,Viernes de Dolores y Sabado de Pasion,DIVINO PERDÓN (ALCOSA),Paso Palio,2016,B. Nuestra Señora del Rosario (Sanlúcar la Mayor),2013 – 2024: B. Nuestra Señora del Rosario (Sanlúcar la Mayor)
foro-2026-costalero_prado-visperas,Viernes de Dolores y Sabado de Pasion,DIVINO PERDÓN (ALCOSA),Paso Palio,2017,B. Nuestra Señora del Rosario (Sanlúcar la Mayor),2013 – 2024: B. Nuestra Señora del Rosario (Sanlúcar la Mayor)
foro-2026-costalero_prado-visperas,Viernes de Dolores y Sabado de Pasion,DIVINO PERDÓN (ALCOSA),Paso Palio,2018,B. Nuestra Señora del Rosario (Sanlúcar la Mayor),2013 – 2024: B. Nuestra Señora del Rosario (Sanlúcar la Mayor)
foro-2026-costalero_prado-visperas,Viernes de Dolores y Sabado de Pasion,DIVINO PERDÓN (ALCOSA),Paso Palio,2019,B. Nuestra Señora del Rosario (Sanlúcar la Mayor),2013 – 2024: B. Nuestra Señora del Rosario (Sanlúcar la Mayor)
foro-2026-costalero_prado-visperas,Viernes de Dolores y Sabado de Pasion,DIVINO PERDÓN (ALCOSA),Paso Palio,2020,B. Nuestra Señora del Rosario (Sanlúcar la Mayor),2013 – 2024: B. Nuestra Señora del Rosario (Sanlúcar la Mayor)
foro-2026-costalero_prado-visperas,Viernes de Dolores y Sabado de Pasion,DIVINO PERDÓN (ALCOSA),Paso Palio,2021,B. Nuestra Señora del Rosario (Sanlúcar la Mayor),2013 – 2024: B. Nuestra Señora del Rosario (Sanlúcar la Mayor)
foro-2026-costalero_prado-visperas,Viernes de Dolores y Sabado de Pasion,DIVINO PERDÓN (ALCOSA),Paso Palio,2022,B. Nuestra Señora del Rosario (Sanlúcar la Mayor),2013 – 2024: B. Nuestra Señora del Rosario (Sanlúcar la Mayor)
foro-2026-costalero_prado-visperas,Viernes de Dolores y Sabado de Pasion,DIVINO PERDÓN (ALCOSA),Paso Palio,2023,B. Nuestra Señora del Rosario (Sanlúcar la Mayor),2013 – 2024: B. Nuestra Señora del Rosario (Sanlúcar la Mayor)
foro-2026-costalero_prado-visperas,Viernes de Dolores y Sabado de Pasion,DIVINO PERDÓN (ALCOSA),Paso Palio,2024,B. Nuestra Señora del Rosario (Sanlúcar la Mayor),2013 – 2024: B. Nuestra Señora del Rosario (Sanlúcar la Mayor)
foro-2026-costalero_prado-visperas,Viernes de Dolores y Sabado de Pasion,DIVINO PERDÓN (ALCOSA),Paso Palio,2025,B. Santa Ana de Dos Hermanas,2025-2026: B. Santa Ana de Dos Hermanas
foro-2026-costalero_prado-visperas,Viernes de Dolores y Sabado de Pasion,DIVINO PERDÓN (ALCOSA),Paso Palio,2026,B. Santa Ana de Dos Hermanas,2025-2026: B. Santa Ana de Dos Hermanas
foro-2026-costalero_prado-visperas,Viernes de Dolores y Sabado de Pasion,LA ESPIGA (SEVILLA ESTE),Paso,2023,AM Ntra Sra de la Encarnación,2023-2025: AM Ntra Sra de la Encarnación
foro-2026-costalero_prado-visperas,Viernes de Dolores y Sabado de Pasion,LA ESPIGA (SEVILLA ESTE),Paso,2024,AM Ntra Sra de la Encarnación,2023-2025: AM Ntra Sra de la Encarnación
foro-2026-costalero_prado-visperas,Viernes de Dolores y Sabado de Pasion,LA ESPIGA (SEVILLA ESTE),Paso,2025,AM Ntra Sra de la Encarnación,2023-2025: AM Ntra Sra de la Encarnación
foro-2026-costalero_prado-visperas,Viernes de Dolores y Sabado de Pasion,LA ESPIGA (SEVILLA ESTE),Paso,2026,AM Ntro Padre Jesús de la Redención,2026: AM Ntro Padre Jesús de la Redención
foro-2026-costalero_prado-visperas,Viernes de Dolores y Sabado de Pasion,LA MILAGROSA,Paso Cristo,2010,AM Ntro Padre Jesús de la Redención,2010-2025: AM Ntro Padre Jesús de la Redención
foro-2026-costalero_prado-visperas,Viernes de Dolores y Sabado de Pasion,LA MILAGROSA,Paso Cristo,2011,AM Ntro Padre Jesús de la Redención,2010-2025: AM Ntro Padre Jesús de la Redención
foro-2026-costalero_prado-visperas,Viernes de Dolores y Sabado de Pasion,LA MILAGROSA,Paso Cristo,2012,AM Ntro Padre Jesús de la Redención,2010-2025: AM Ntro Padre Jesús de la Redención
foro-2026-costalero_prado-visperas,Viernes de Dolores y Sabado de Pasion,LA MILAGROSA,Paso Cristo,2013,AM Ntro Padre Jesús de la Redención,2010-2025: AM Ntro Padre Jesús de la Redención
foro-2026-costalero_prado-visperas,Viernes de Dolores y Sabado de Pasion,LA MILAGROSA,Paso Cristo,2014,AM Ntro Padre Jesús de la Redención,2010-2025: AM Ntro Padre Jesús de la Redención
foro-2026-costalero_prado-visperas,Viernes de Dolores y Sabado de Pasion,LA MILAGROSA,Paso Cristo,2015,AM Ntro Padre Jesús de la Redención,2010-2025: AM Ntro Padre Jesús de la Redención
foro-2026-costalero_prado-visperas,Viernes de Dolores y Sabado de Pasion,LA MILAGROSA,Paso Cristo,2016,AM Ntro Padre Jesús de la Redención,2010-2025: AM Ntro Padre Jesús de la Redención
foro-2026-costalero_prado-visperas,Viernes de Dolores y Sabado de Pasion,LA MILAGROSA,Paso Cristo,2017,AM Ntro Padre Jesús de la Redención,2010-2025: AM Ntro Padre Jesús de la Redención
foro-2026-costalero_prado-visperas,Viernes de Dolores y Sabado de Pasion,LA MILAGROSA,Paso Cristo,2018,AM Ntro Padre Jesús de la Redención,2010-2025: AM Ntro Padre Jesús de la Redención
foro-2026-costalero_prado-visperas,Viernes de Dolores y Sabado de Pasion,LA MILAGROSA,Paso Cristo,2019,AM Ntro Padre Jesús de la Redención,2010-2025: AM Ntro Padre Jesús de la Redención
foro-2026-costalero_prado-visperas,Viernes de Dolores y Sabado de Pasion,LA MILAGROSA,Paso Cristo,2020,AM Ntro Padre Jesús de la Redención,2010-2025: AM Ntro Padre Jesús de la Redención
foro-2026-costalero_prado-visperas,Viernes de Dolores y Sabado de Pasion,LA MILAGROSA,Paso Cristo,2021,AM Ntro Padre Jesús de la Redención,2010-2025: AM Ntro Padre Jesús de la Redención
foro-2026-costalero_prado-visperas,Viernes de Dolores y Sabado de Pasion,LA MILAGROSA,Paso Cristo,2022,AM Ntro Padre Jesús de la Redención,2010-2025: AM Ntro Padre Jesús de la Redención
foro-2026-costalero_prado-visperas,Viernes de Dolores y Sabado de Pasion,LA MILAGROSA,Paso Cristo,2023,AM Ntro Padre Jesús de la Redención,2010-2025: AM Ntro Padre Jesús de la Redención
foro-2026-costalero_prado-visperas,Viernes de Dolores y Sabado de Pasion,LA MILAGROSA,Paso Cristo,2024,AM Ntro Padre Jesús de la Redención,2010-2025: AM Ntro Padre Jesús de la Redención
foro-2026-costalero_prado-visperas,Viernes de Dolores y Sabado de Pasion,LA MILAGROSA,Paso Cristo,2025,AM Ntro Padre Jesús de la Redención,2010-2025: AM Ntro Padre Jesús de la Redención
foro-2026-costalero_prado-visperas,Viernes de Dolores y Sabado de Pasion,LA MILAGROSA,Paso Cristo,2026,AM Virgen de los Reyes,2026: AM Virgen de los Reyes
foro-2026-costalero_prado-visperas,Viernes de Dolores y Sabado de Pasion,LA MILAGROSA,Paso Palio,2010,B. Maestro Enrique Galán de Rota,2010-2015: B. Maestro Enrique Galán de Rota
foro-2026-costalero_prado-visperas,Viernes de Dolores y Sabado de Pasion,LA MILAGROSA,Paso Palio,2011,B. Maestro Enrique Galán de Rota,2010-2015: B. Maestro Enrique Galán de Rota
foro-2026-costalero_prado-visperas,Viernes de Dolores y Sabado de Pasion,LA MILAGROSA,Paso Palio,2012,B. Maestro Enrique Galán de Rota,2010-2015: B. Maestro Enrique Galán de Rota
foro-2026-costalero_prado-visperas,Viernes de Dolores y Sabado de Pasion,LA MILAGROSA,Paso Palio,2013,B. Maestro Enrique Galán de Rota,2010-2015: B. Maestro Enrique Galán de Rota
foro-2026-costalero_prado-visperas,Viernes de Dolores y Sabado de Pasion,LA MILAGROSA,Paso Palio,2014,B. Maestro Enrique Galán de Rota,2010-2015: B. Maestro Enrique Galán de Rota
foro-2026-costalero_prado-visperas,Viernes de Dolores y Sabado de Pasion,LA MILAGROSA,Paso Palio,2015,B. Maestro Enrique Galán de Rota,2010-2015: B. Maestro Enrique Galán de Rota
foro-2026-costalero_prado-visperas,Viernes de Dolores y Sabado de Pasion,LA MILAGROSA,Paso Palio,2016,B. Cruz Roja,2016-2025: B. Cruz Roja
foro-2026-costalero_prado-visperas,Viernes de Dolores y Sabado de Pasion,LA MILAGROSA,Paso Palio,2017,B. Cruz Roja,2016-2025: B. Cruz Roja
foro-2026-costalero_prado-visperas,Viernes de Dolores y Sabado de Pasion,LA MILAGROSA,Paso Palio,2018,B. Cruz Roja,2016-2025: B. Cruz Roja
foro-2026-costalero_prado-visperas,Viernes de Dolores y Sabado de Pasion,LA MILAGROSA,Paso Palio,2019,B. Cruz Roja,2016-2025: B. Cruz Roja
foro-2026-costalero_prado-visperas,Viernes de Dolores y Sabado de Pasion,LA MILAGROSA,Paso Palio,2020,B. Cruz Roja,2016-2025: B. Cruz Roja
foro-2026-costalero_prado-visperas,Viernes de Dolores y Sabado de Pasion,LA MILAGROSA,Paso Palio,2021,B. Cruz Roja,2016-2025: B. Cruz Roja
foro-2026-costalero_prado-visperas,Viernes de Dolores y Sabado de Pasion,LA MILAGROSA,Paso Palio,2022,B. Cruz Roja,2016-2025: B. Cruz Roja
foro-2026-costalero_prado-visperas,Viernes de Dolores y Sabado de Pasion,LA MILAGROSA,Paso Palio,2023,B. Cruz Roja,2016-2025: B. Cruz Roja
foro-2026-costalero_prado-visperas,Viernes de Dolores y Sabado de Pasion,LA MILAGROSA,Paso Palio,2024,B. Cruz Roja,2016-2025: B. Cruz Roja
foro-2026-costalero_prado-visperas,Viernes de Dolores y Sabado de Pasion,LA MILAGROSA,Paso Palio,2025,B. Cruz Roja,2016-2025: B. Cruz Roja
foro-2026-costalero_prado-visperas,Viernes de Dolores y Sabado de Pasion,LA MILAGROSA,Paso Palio,2026,"B. Ntra Sra de la Victoria ""Cigarreras""","2026: B. Ntra Sra de la Victoria ""Cigarreras"""
foro-2026-costalero_prado-visperas,Viernes de Dolores y Sabado de Pasion,SAN JERÓNIMO,Paso Cristo,2015,CCTT Stmo. Cristo de la Sangre.,2015 - 2019: CCTT Stmo. Cristo de la Sangre.
foro-2026-costalero_prado-visperas,Viernes de Dolores y Sabado de Pasion,SAN JERÓNIMO,Paso Cristo,2016,CCTT Stmo. Cristo de la Sangre.,2015 - 2019: CCTT Stmo. Cristo de la Sangre.
foro-2026-costalero_prado-visperas,Viernes de Dolores y Sabado de Pasion,SAN JERÓNIMO,Paso Cristo,2017,CCTT Stmo. Cristo de la Sangre.,2015 - 2019: CCTT Stmo. Cristo de la Sangre.
foro-2026-costalero_prado-visperas,Viernes de Dolores y Sabado de Pasion,SAN JERÓNIMO,Paso Cristo,2018,CCTT Stmo. Cristo de la Sangre.,2015 - 2019: CCTT Stmo. Cristo de la Sangre.
foro-2026-costalero_prado-visperas,Viernes de Dolores y Sabado de Pasion,SAN JERÓNIMO,Paso Cristo,2019,CCTT Stmo. Cristo de la Sangre.,2015 - 2019: CCTT Stmo. Cristo de la Sangre.
foro-2026-costalero_prado-visperas,Viernes de Dolores y Sabado de Pasion,SAN JERÓNIMO,Paso Cristo,2020,AM Jesús Nazareno de La Algaba,2020-2026: AM Jesús Nazareno de La Algaba
foro-2026-costalero_prado-visperas,Viernes de Dolores y Sabado de Pasion,SAN JERÓNIMO,Paso Cristo,2021,AM Jesús Nazareno de La Algaba,2020-2026: AM Jesús Nazareno de La Algaba
foro-2026-costalero_prado-visperas,Viernes de Dolores y Sabado de Pasion,SAN JERÓNIMO,Paso Cristo,2022,AM Jesús Nazareno de La Algaba,2020-2026: AM Jesús Nazareno de La Algaba
foro-2026-costalero_prado-visperas,Viernes de Dolores y Sabado de Pasion,SAN JERÓNIMO,Paso Cristo,2023,AM Jesús Nazareno de La Algaba,2020-2026: AM Jesús Nazareno de La Algaba
foro-2026-costalero_prado-visperas,Viernes de Dolores y Sabado de Pasion,SAN JERÓNIMO,Paso Cristo,2024,AM Jesús Nazareno de La Algaba,2020-2026: AM Jesús Nazareno de La Algaba
foro-2026-costalero_prado-visperas,Viernes de Dolores y Sabado de Pasion,SAN JERÓNIMO,Paso Cristo,2025,AM Jesús Nazareno de La Algaba,2020-2026: AM Jesús Nazareno de La Algaba
foro-2026-costalero_prado-visperas,Viernes de Dolores y Sabado de Pasion,SAN JERÓNIMO,Paso Cristo,2026,AM Jesús Nazareno de La Algaba,2020-2026: AM Jesús Nazareno de La Algaba
foro-2026-costalero_prado-carrera,Domingo de Ramos,ENTRADA EN JERUSALÉN,Paso Cristo,1980,A. M. Virgen de las Angustias,1980: A. M. Virgen de las Angustias
foro-2026-costalero_prado-carrera,Domingo de Ramos,ENTRADA EN JERUSALÉN,Paso Cristo,1981,B. Ntra. Sra. de Gracia y Esperanza (Patón),1981: B. Ntra. Sra. de Gracia y Esperanza (Patón)
foro-2026-costalero_prado-carrera,Domingo de Ramos,ENTRADA EN JERUSALÉN,Paso Cristo,1982,A. M. Sagrada Lanzada,1982 – 1984: A. M. Sagrada Lanzada
foro-2026-costalero_prado-carrera,Domingo de Ramos,ENTRADA EN JERUSALÉN,Paso Cristo,1983,A. M. Sagrada Lanzada,1982 – 1984: A. M. Sagrada Lanzada
foro-2026-costalero_prado-carrera,Domingo de Ramos,ENTRADA EN JERUSALÉN,Paso Cristo,1984,A. M. Sagrada Lanzada,1982 – 1984: A. M. Sagrada Lanzada
foro-2026-costalero_prado-carrera,Domingo de Ramos,ENTRADA EN JERUSALÉN,Paso Cristo,1985,B. Cristo de las Tres Caídas,1985 – 1990: B. Cristo de las Tres Caídas
foro-2026-costalero_prado-carrera,Domingo de Ramos,ENTRADA EN JERUSALÉN,Paso Cristo,1986,B. Cristo de las Tres Caídas,1985 – 1990: B. Cristo de las Tres Caídas
foro-2026-costalero_prado-carrera,Domingo de Ramos,ENTRADA EN JERUSALÉN,Paso Cristo,1987,B. Cristo de las Tres Caídas,1985 – 1990: B. Cristo de las Tres Caídas
foro-2026-costalero_prado-carrera,Domingo de Ramos,ENTRADA EN JERUSALÉN,Paso Cristo,1988,B. Cristo de las Tres Caídas,1985 – 1990: B. Cristo de las Tres Caídas
foro-2026-costalero_prado-carrera,Domingo de Ramos,ENTRADA EN JERUSALÉN,Paso Cristo,1989,B. Cristo de las Tres Caídas,1985 – 1990: B. Cristo de las Tres Caídas
foro-2026-costalero_prado-carrera,Domingo de Ramos,ENTRADA EN JERUSALÉN,Paso Cristo,1990,B. Cristo de las Tres Caídas,1985 – 1990: B. Cristo de las Tres Caídas
foro-2026-costalero_prado-carrera,Domingo de Ramos,ENTRADA EN JERUSALÉN,Paso Cristo,1991,CyT Ntra. Sra. del Sol,1991 – 2026: CyT Ntra. Sra. del Sol
foro-2026-costalero_prado-carrera,Domingo de Ramos,ENTRADA EN JERUSALÉN,Paso Cristo,1992,CyT Ntra. Sra. del Sol,1991 – 2026: CyT Ntra. Sra. del Sol
foro-2026-costalero_prado-carrera,Domingo de Ramos,ENTRADA EN JERUSALÉN,Paso Cristo,1993,CyT Ntra. Sra. del Sol,1991 – 2026: CyT Ntra. Sra. del Sol
foro-2026-costalero_prado-carrera,Domingo de Ramos,ENTRADA EN JERUSALÉN,Paso Cristo,1994,CyT Ntra. Sra. del Sol,1991 – 2026: CyT Ntra. Sra. del Sol
foro-2026-costalero_prado-carrera,Domingo de Ramos,ENTRADA EN JERUSALÉN,Paso Cristo,1995,CyT Ntra. Sra. del Sol,1991 – 2026: CyT Ntra. Sra. del Sol
foro-2026-costalero_prado-carrera,Domingo de Ramos,ENTRADA EN JERUSALÉN,Paso Cristo,1996,CyT Ntra. Sra. del Sol,1991 – 2026: CyT Ntra. Sra. del Sol
foro-2026-costalero_prado-carrera,Domingo de Ramos,ENTRADA EN JERUSALÉN,Paso Cristo,1997,CyT Ntra. Sra. del Sol,1991 – 2026: CyT Ntra. Sra. del Sol
foro-2026-costalero_prado-carrera,Domingo de Ramos,ENTRADA EN JERUSALÉN,Paso Cristo,1998,CyT Ntra. Sra. del Sol,1991 – 2026: CyT Ntra. Sra. del Sol
foro-2026-costalero_prado-carrera,Domingo de Ramos,ENTRADA EN JERUSALÉN,Paso Cristo,1999,CyT Ntra. Sra. del Sol,1991 – 2026: CyT Ntra. Sra. del Sol
foro-2026-costalero_prado-carrera,Domingo de Ramos,ENTRADA EN JERUSALÉN,Paso Cristo,2000,CyT Ntra. Sra. del Sol,1991 – 2026: CyT Ntra. Sra. del Sol
foro-2026-costalero_prado-carrera,Domingo de Ramos,ENTRADA EN JERUSALÉN,Paso Cristo,2001,CyT Ntra. Sra. del Sol,1991 – 2026: CyT Ntra. Sra. del Sol
foro-2026-costalero_prado-carrera,Domingo de Ramos,ENTRADA EN JERUSALÉN,Paso Cristo,2002,CyT Ntra. Sra. del Sol,1991 – 2026: CyT Ntra. Sra. del Sol
foro-2026-costalero_prado-carrera,Domingo de Ramos,ENTRADA EN JERUSALÉN,Paso Cristo,2003,CyT Ntra. Sra. del Sol,1991 – 2026: CyT Ntra. Sra. del Sol
foro-2026-costalero_prado-carrera,Domingo de Ramos,ENTRADA EN JERUSALÉN,Paso Cristo,2004,CyT Ntra. Sra. del Sol,1991 – 2026: CyT Ntra. Sra. del Sol
foro-2026-costalero_prado-carrera,Domingo de Ramos,ENTRADA EN JERUSALÉN,Paso Cristo,2005,CyT Ntra. Sra. del Sol,1991 – 2026: CyT Ntra. Sra. del Sol
foro-2026-costalero_prado-carrera,Domingo de Ramos,ENTRADA EN JERUSALÉN,Paso Cristo,2006,CyT Ntra. Sra. del Sol,1991 – 2026: CyT Ntra. Sra. del Sol
foro-2026-costalero_prado-carrera,Domingo de Ramos,ENTRADA EN JERUSALÉN,Paso Cristo,2007,CyT Ntra. Sra. del Sol,1991 – 2026: CyT Ntra. Sra. del Sol
foro-2026-costalero_prado-carrera,Domingo de Ramos,ENTRADA EN JERUSALÉN,Paso Cristo,2008,CyT Ntra. Sra. del Sol,1991 – 2026: CyT Ntra. Sra. del Sol
foro-2026-costalero_prado-carrera,Domingo de Ramos,ENTRADA EN JERUSALÉN,Paso Cristo,2009,CyT Ntra. Sra. del Sol,1991 – 2026: CyT Ntra. Sra. del Sol
foro-2026-costalero_prado-carrera,Domingo de Ramos,ENTRADA EN JERUSALÉN,Paso Cristo,2010,CyT Ntra. Sra. del Sol,1991 – 2026: CyT Ntra. Sra. del Sol
foro-2026-costalero_prado-carrera,Domingo de Ramos,ENTRADA EN JERUSALÉN,Paso Cristo,2011,CyT Ntra. Sra. del Sol,1991 – 2026: CyT Ntra. Sra. del Sol
foro-2026-costalero_prado-carrera,Domingo de Ramos,ENTRADA EN JERUSALÉN,Paso Cristo,2012,CyT Ntra. Sra. del Sol,1991 – 2026: CyT Ntra. Sra. del Sol
foro-2026-costalero_prado-carrera,Domingo de Ramos,ENTRADA EN JERUSALÉN,Paso Cristo,2013,CyT Ntra. Sra. del Sol,1991 – 2026: CyT Ntra. Sra. del Sol
foro-2026-costalero_prado-carrera,Domingo de Ramos,ENTRADA EN JERUSALÉN,Paso Cristo,2014,CyT Ntra. Sra. del Sol,1991 – 2026: CyT Ntra. Sra. del Sol
foro-2026-costalero_prado-carrera,Domingo de Ramos,ENTRADA EN JERUSALÉN,Paso Cristo,2015,CyT Ntra. Sra. del Sol,1991 – 2026: CyT Ntra. Sra. del Sol
foro-2026-costalero_prado-carrera,Domingo de Ramos,ENTRADA EN JERUSALÉN,Paso Cristo,2016,CyT Ntra. Sra. del Sol,1991 – 2026: CyT Ntra. Sra. del Sol
foro-2026-costalero_prado-carrera,Domingo de Ramos,ENTRADA EN JERUSALÉN,Paso Cristo,2017,CyT Ntra. Sra. del Sol,1991 – 2026: CyT Ntra. Sra. del Sol
foro-2026-costalero_prado-carrera,Domingo de Ramos,ENTRADA EN JERUSALÉN,Paso Cristo,2018,CyT Ntra. Sra. del Sol,1991 – 2026: CyT Ntra. Sra. del Sol
foro-2026-costalero_prado-carrera,Domingo de Ramos,ENTRADA EN JERUSALÉN,Paso Cristo,2019,CyT Ntra. Sra. del Sol,1991 – 2026: CyT Ntra. Sra. del Sol
foro-2026-costalero_prado-carrera,Domingo de Ramos,ENTRADA EN JERUSALÉN,Paso Cristo,2020,CyT Ntra. Sra. del Sol,1991 – 2026: CyT Ntra. Sra. del Sol
foro-2026-costalero_prado-carrera,Domingo de Ramos,ENTRADA EN JERUSALÉN,Paso Cristo,2021,CyT Ntra. Sra. del Sol,1991 – 2026: CyT Ntra. Sra. del Sol
foro-2026-costalero_prado-carrera,Domingo de Ramos,ENTRADA EN JERUSALÉN,Paso Cristo,2022,CyT Ntra. Sra. del Sol,1991 – 2026: CyT Ntra. Sra. del Sol
foro-2026-costalero_prado-carrera,Domingo de Ramos,ENTRADA EN JERUSALÉN,Paso Cristo,2023,CyT Ntra. Sra. del Sol,1991 – 2026: CyT Ntra. Sra. del Sol
foro-2026-costalero_prado-carrera,Domingo de Ramos,ENTRADA EN JERUSALÉN,Paso Cristo,2024,CyT Ntra. Sra. del Sol,1991 – 2026: CyT Ntra. Sra. del Sol
foro-2026-costalero_prado-carrera,Domingo de Ramos,ENTRADA EN JERUSALÉN,Paso Cristo,2025,CyT Ntra. Sra. del Sol,1991 – 2026: CyT Ntra. Sra. del Sol
foro-2026-costalero_prado-carrera,Domingo de Ramos,ENTRADA EN JERUSALÉN,Paso Cristo,2026,CyT Ntra. Sra. del Sol,1991 – 2026: CyT Ntra. Sra. del Sol
foro-2026-costalero_prado-carrera,Domingo de Ramos,JESÚS DESPOJADO,Paso Cristo,1980,B. de cornetas de la Cruz Roja,1980: B. de cornetas de la Cruz Roja
foro-2026-costalero_prado-carrera,Domingo de Ramos,JESÚS DESPOJADO,Paso Cristo,1981,A. M. Ntra. Sra. de los Dolores y Misericordia,1981 – 1982: A. M. Ntra. Sra. de los Dolores y Misericordia
foro-2026-costalero_prado-carrera,Domingo de Ramos,JESÚS DESPOJADO,Paso Cristo,1982,A. M. Ntra. Sra. de los Dolores y Misericordia,1981 – 1982: A. M. Ntra. Sra. de los Dolores y Misericordia
foro-2026-costalero_prado-carrera,Domingo de Ramos,JESÚS DESPOJADO,Paso Cristo,1983,A. M. Jesús Despojado,1983 – 1991: A. M. Jesús Despojado
foro-2026-costalero_prado-carrera,Domingo de Ramos,JESÚS DESPOJADO,Paso Cristo,1984,A. M. Jesús Despojado,1983 – 1991: A. M. Jesús Despojado
foro-2026-costalero_prado-carrera,Domingo de Ramos,JESÚS DESPOJADO,Paso Cristo,1985,A. M. Jesús Despojado,1983 – 1991: A. M. Jesús Despojado
foro-2026-costalero_prado-carrera,Domingo de Ramos,JESÚS DESPOJADO,Paso Cristo,1986,A. M. Jesús Despojado,1983 – 1991: A. M. Jesús Despojado
foro-2026-costalero_prado-carrera,Domingo de Ramos,JESÚS DESPOJADO,Paso Cristo,1987,A. M. Jesús Despojado,1983 – 1991: A. M. Jesús Despojado
foro-2026-costalero_prado-carrera,Domingo de Ramos,JESÚS DESPOJADO,Paso Cristo,1988,A. M. Jesús Despojado,1983 – 1991: A. M. Jesús Despojado
foro-2026-costalero_prado-carrera,Domingo de Ramos,JESÚS DESPOJADO,Paso Cristo,1989,A. M. Jesús Despojado,1983 – 1991: A. M. Jesús Despojado
foro-2026-costalero_prado-carrera,Domingo de Ramos,JESÚS DESPOJADO,Paso Cristo,1990,A. M. Jesús Despojado,1983 – 1991: A. M. Jesús Despojado
foro-2026-costalero_prado-carrera,Domingo de Ramos,JESÚS DESPOJADO,Paso Cristo,1991,A. M. Jesús Despojado,1983 – 1991: A. M. Jesús Despojado
foro-2026-costalero_prado-carrera,Domingo de Ramos,JESÚS DESPOJADO,Paso Cristo,1992,B. Stmo. Cristo de la Sed,1992 – 1995: B. Stmo. Cristo de la Sed
foro-2026-costalero_prado-carrera,Domingo de Ramos,JESÚS DESPOJADO,Paso Cristo,1993,B. Stmo. Cristo de la Sed,1992 – 1995: B. Stmo. Cristo de la Sed
foro-2026-costalero_prado-carrera,Domingo de Ramos,JESÚS DESPOJADO,Paso Cristo,1994,B. Stmo. Cristo de la Sed,1992 – 1995: B. Stmo. Cristo de la Sed
foro-2026-costalero_prado-carrera,Domingo de Ramos,JESÚS DESPOJADO,Paso Cristo,1995,B. Stmo. Cristo de la Sed,1992 – 1995: B. Stmo. Cristo de la Sed
foro-2026-costalero_prado-carrera,Domingo de Ramos,JESÚS DESPOJADO,Paso Cristo,1996,B. de la Veracruz de Utrera,1996 – 2004: B. de la Veracruz de Utrera
foro-2026-costalero_prado-carrera,Domingo de Ramos,JESÚS DESPOJADO,Paso Cristo,1997,B. de la Veracruz de Utrera,1996 – 2004: B. de la Veracruz de Utrera
foro-2026-costalero_prado-carrera,Domingo de Ramos,JESÚS DESPOJADO,Paso Cristo,1998,B. de la Veracruz de Utrera,1996 – 2004: B. de la Veracruz de Utrera
foro-2026-costalero_prado-carrera,Domingo de Ramos,JESÚS DESPOJADO,Paso Cristo,1999,B. de la Veracruz de Utrera,1996 – 2004: B. de la Veracruz de Utrera
foro-2026-costalero_prado-carrera,Domingo de Ramos,JESÚS DESPOJADO,Paso Cristo,2000,B. de la Veracruz de Utrera,1996 – 2004: B. de la Veracruz de Utrera
foro-2026-costalero_prado-carrera,Domingo de Ramos,JESÚS DESPOJADO,Paso Cristo,2001,B. de la Veracruz de Utrera,1996 – 2004: B. de la Veracruz de Utrera
foro-2026-costalero_prado-carrera,Domingo de Ramos,JESÚS DESPOJADO,Paso Cristo,2002,B. de la Veracruz de Utrera,1996 – 2004: B. de la Veracruz de Utrera
foro-2026-costalero_prado-carrera,Domingo de Ramos,JESÚS DESPOJADO,Paso Cristo,2003,B. de la Veracruz de Utrera,1996 – 2004: B. de la Veracruz de Utrera
foro-2026-costalero_prado-carrera,Domingo de Ramos,JESÚS DESPOJADO,Paso Cristo,2004,B. de la Veracruz de Utrera,1996 – 2004: B. de la Veracruz de Utrera
foro-2026-costalero_prado-carrera,Domingo de Ramos,JESÚS DESPOJADO,Paso Cristo,2005,A. M. Ntra. Sra. de los Reyes,2005 – 2009: A. M. Ntra. Sra. de los Reyes
foro-2026-costalero_prado-carrera,Domingo de Ramos,JESÚS DESPOJADO,Paso Cristo,2006,A. M. Ntra. Sra. de los Reyes,2005 – 2009: A. M. Ntra. Sra. de los Reyes
foro-2026-costalero_prado-carrera,Domingo de Ramos,JESÚS DESPOJADO,Paso Cristo,2007,A. M. Ntra. Sra. de los Reyes,2005 – 2009: A. M. Ntra. Sra. de los Reyes
foro-2026-costalero_prado-carrera,Domingo de Ramos,JESÚS DESPOJADO,Paso Cristo,2008,A. M. Ntra. Sra. de los Reyes,2005 – 2009: A. M. Ntra. Sra. de los Reyes
foro-2026-costalero_prado-carrera,Domingo de Ramos,JESÚS DESPOJADO,Paso Cristo,2009,A. M. Ntra. Sra. de los Reyes,2005 – 2009: A. M. Ntra. Sra. de los Reyes
foro-2026-costalero_prado-carrera,Domingo de Ramos,JESÚS DESPOJADO,Paso Cristo,2010,A. M. Jesús Despojado/ AM Virgen de los Reyes,2010 - 2011: A. M. Jesús Despojado/ AM Virgen de los Reyes
foro-2026-costalero_prado-carrera,Domingo de Ramos,JESÚS DESPOJADO,Paso Cristo,2011,A. M. Jesús Despojado/ AM Virgen de los Reyes,2010 - 2011: A. M. Jesús Despojado/ AM Virgen de los Reyes
foro-2026-costalero_prado-carrera,Domingo de Ramos,JESÚS DESPOJADO,Paso Cristo,2012,AM Virgen de los Reyes,2012-2026: AM Virgen de los Reyes
foro-2026-costalero_prado-carrera,Domingo de Ramos,JESÚS DESPOJADO,Paso Cristo,2013,AM Virgen de los Reyes,2012-2026: AM Virgen de los Reyes
foro-2026-costalero_prado-carrera,Domingo de Ramos,JESÚS DESPOJADO,Paso Cristo,2014,AM Virgen de los Reyes,2012-2026: AM Virgen de los Reyes
foro-2026-costalero_prado-carrera,Domingo de Ramos,JESÚS DESPOJADO,Paso Cristo,2015,AM Virgen de los Reyes,2012-2026: AM Virgen de los Reyes
foro-2026-costalero_prado-carrera,Domingo de Ramos,JESÚS DESPOJADO,Paso Cristo,2016,AM Virgen de los Reyes,2012-2026: AM Virgen de los Reyes
foro-2026-costalero_prado-carrera,Domingo de Ramos,JESÚS DESPOJADO,Paso Cristo,2017,AM Virgen de los Reyes,2012-2026: AM Virgen de los Reyes
foro-2026-costalero_prado-carrera,Domingo de Ramos,JESÚS DESPOJADO,Paso Cristo,2018,AM Virgen de los Reyes,2012-2026: AM Virgen de los Reyes
foro-2026-costalero_prado-carrera,Domingo de Ramos,JESÚS DESPOJADO,Paso Cristo,2019,AM Virgen de los Reyes,2012-2026: AM Virgen de los Reyes
foro-2026-costalero_prado-carrera,Domingo de Ramos,JESÚS DESPOJADO,Paso Cristo,2020,AM Virgen de los Reyes,2012-2026: AM Virgen de los Reyes
foro-2026-costalero_prado-carrera,Domingo de Ramos,JESÚS DESPOJADO,Paso Cristo,2021,AM Virgen de los Reyes,2012-2026: AM Virgen de los Reyes
foro-2026-costalero_prado-carrera,Domingo de Ramos,JESÚS DESPOJADO,Paso Cristo,2022,AM Virgen de los Reyes,2012-2026: AM Virgen de los Reyes
foro-2026-costalero_prado-carrera,Domingo de Ramos,JESÚS DESPOJADO,Paso Cristo,2023,AM Virgen de los Reyes,2012-2026: AM Virgen de los Reyes
foro-2026-costalero_prado-carrera,Domingo de Ramos,JESÚS DESPOJADO,Paso Cristo,2024,AM Virgen de los Reyes,2012-2026: AM Virgen de los Reyes
foro-2026-costalero_prado-carrera,Domingo de Ramos,JESÚS DESPOJADO,Paso Cristo,2025,AM Virgen de los Reyes,2012-2026: AM Virgen de los Reyes
foro-2026-costalero_prado-carrera,Domingo de Ramos,JESÚS DESPOJADO,Paso Cristo,2026,AM Virgen de los Reyes,2012-2026: AM Virgen de los Reyes
foro-2026-costalero_prado-carrera,Domingo de Ramos,JESÚS DESPOJADO,Paso Virgen,1980,B. Ntra. Sra. del Carmen de Salteras,1980 – 1988: B. Ntra. Sra. del Carmen de Salteras
foro-2026-costalero_prado-carrera,Domingo de Ramos,JESÚS DESPOJADO,Paso Virgen,1981,B. Ntra. Sra. del Carmen de Salteras,1980 – 1988: B. Ntra. Sra. del Carmen de Salteras
foro-2026-costalero_prado-carrera,Domingo de Ramos,JESÚS DESPOJADO,Paso Virgen,1982,B. Ntra. Sra. del Carmen de Salteras,1980 – 1988: B. Ntra. Sra. del Carmen de Salteras
foro-2026-costalero_prado-carrera,Domingo de Ramos,JESÚS DESPOJADO,Paso Virgen,1983,B. Ntra. Sra. del Carmen de Salteras,1980 – 1988: B. Ntra. Sra. del Carmen de Salteras
foro-2026-costalero_prado-carrera,Domingo de Ramos,JESÚS DESPOJADO,Paso Virgen,1984,B. Ntra. Sra. del Carmen de Salteras,1980 – 1988: B. Ntra. Sra. del Carmen de Salteras
foro-2026-costalero_prado-carrera,Domingo de Ramos,JESÚS DESPOJADO,Paso Virgen,1985,B. Ntra. Sra. del Carmen de Salteras,1980 – 1988: B. Ntra. Sra. del Carmen de Salteras
foro-2026-costalero_prado-carrera,Domingo de Ramos,JESÚS DESPOJADO,Paso Virgen,1986,B. Ntra. Sra. del Carmen de Salteras,1980 – 1988: B. Ntra. Sra. del Carmen de Salteras
foro-2026-costalero_prado-carrera,Domingo de Ramos,JESÚS DESPOJADO,Paso Virgen,1987,B. Ntra. Sra. del Carmen de Salteras,1980 – 1988: B. Ntra. Sra. del Carmen de Salteras
foro-2026-costalero_prado-carrera,Domingo de Ramos,JESÚS DESPOJADO,Paso Virgen,1988,B. Ntra. Sra. del Carmen de Salteras,1980 – 1988: B. Ntra. Sra. del Carmen de Salteras
foro-2026-costalero_prado-carrera,Domingo de Ramos,JESÚS DESPOJADO,Paso Virgen,1989,A. Musical de Guillena,1989: A. Musical de Guillena
foro-2026-costalero_prado-carrera,Domingo de Ramos,JESÚS DESPOJADO,Paso Virgen,1990,B. de Santa María del Viso del Alcor,1990: B. de Santa María del Viso del Alcor
foro-2026-costalero_prado-carrera,Domingo de Ramos,JESÚS DESPOJADO,Paso Virgen,1991,B. de la Esperanza de Triana,1991 – 1992: B. de la Esperanza de Triana
foro-2026-costalero_prado-carrera,Domingo de Ramos,JESÚS DESPOJADO,Paso Virgen,1992,B. de la Esperanza de Triana,1991 – 1992: B. de la Esperanza de Triana
foro-2026-costalero_prado-carrera,Domingo de Ramos,JESÚS DESPOJADO,Paso Virgen,1993,Soc. Filarmónica de Pilas,1993 – 2009: Soc. Filarmónica de Pilas
foro-2026-costalero_prado-carrera,Domingo de Ramos,JESÚS DESPOJADO,Paso Virgen,1994,Soc. Filarmónica de Pilas,1993 – 2009: Soc. Filarmónica de Pilas
foro-2026-costalero_prado-carrera,Domingo de Ramos,JESÚS DESPOJADO,Paso Virgen,1995,Soc. Filarmónica de Pilas,1993 – 2009: Soc. Filarmónica de Pilas
foro-2026-costalero_prado-carrera,Domingo de Ramos,JESÚS DESPOJADO,Paso Virgen,1996,Soc. Filarmónica de Pilas,1993 – 2009: Soc. Filarmónica de Pilas
foro-2026-costalero_prado-carrera,Domingo de Ramos,JESÚS DESPOJADO,Paso Virgen,1997,Soc. Filarmónica de Pilas,1993 – 2009: Soc. Filarmónica de Pilas
foro-2026-costalero_prado-carrera,Domingo de Ramos,JESÚS DESPOJADO,Paso Virgen,1998,Soc. Filarmónica de Pilas,1993 – 2009: Soc. Filarmónica de Pilas
foro-2026-costalero_prado-carrera,Domingo de Ramos,JESÚS DESPOJADO,Paso Virgen,1999,Soc. Filarmónica de Pilas,1993 – 2009: Soc. Filarmónica de Pilas
foro-2026-costalero_prado-carrera,Domingo de Ramos,JESÚS DESPOJADO,Paso Virgen,2000,Soc. Filarmónica de Pilas,1993 – 2009: Soc. Filarmónica de Pilas
foro-2026-costalero_prado-carrera,Domingo de Ramos,JESÚS DESPOJADO,Paso Virgen,2001,Soc. Filarmónica de Pilas,1993 – 2009: Soc. Filarmónica de Pilas
foro-2026-costalero_prado-carrera,Domingo de Ramos,JESÚS DESPOJADO,Paso Virgen,2002,Soc. Filarmónica de Pilas,1993 – 2009: Soc. Filarmónica de Pilas
foro-2026-costalero_prado-carrera,Domingo de Ramos,JESÚS DESPOJADO,Paso Virgen,2003,Soc. Filarmónica de Pilas,1993 – 2009: Soc. Filarmónica de Pilas
foro-2026-costalero_prado-carrera,Domingo de Ramos,JESÚS DESPOJADO,Paso Virgen,2004,Soc. Filarmónica de Pilas,1993 – 2009: Soc. Filarmónica de Pilas
foro-2026-costalero_prado-carrera,Domingo de Ramos,JESÚS DESPOJADO,Paso Virgen,2005,Soc. Filarmónica de Pilas,1993 – 2009: Soc. Filarmónica de Pilas
foro-2026-costalero_prado-carrera,Domingo de Ramos,JESÚS DESPOJADO,Paso Virgen,2006,Soc. Filarmónica de Pilas,1993 – 2009: Soc. Filarmónica de Pilas
foro-2026-costalero_prado-carrera,Domingo de Ramos,JESÚS DESPOJADO,Paso Virgen,2007,Soc. Filarmónica de Pilas,1993 – 2009: Soc. Filarmónica de Pilas
foro-2026-costalero_prado-carrera,Domingo de Ramos,JESÚS DESPOJADO,Paso Virgen,2008,Soc. Filarmónica de Pilas,1993 – 2009: Soc. Filarmónica de Pilas
foro-2026-costalero_prado-carrera,Domingo de Ramos,JESÚS DESPOJADO,Paso Virgen,2009,Soc. Filarmónica de Pilas,1993 – 2009: Soc. Filarmónica de Pilas
foro-2026-costalero_prado-carrera,Domingo de Ramos,JESÚS DESPOJADO,Paso Virgen,2010,B. Municipal de Valverde del Camino,2010 - 2012: B. Municipal de Valverde del Camino
foro-2026-costalero_prado-carrera,Domingo de Ramos,JESÚS DESPOJADO,Paso Virgen,2011,B. Municipal de Valverde del Camino,2010 - 2012: B. Municipal de Valverde del Camino
foro-2026-costalero_prado-carrera,Domingo de Ramos,JESÚS DESPOJADO,Paso Virgen,2012,B. Municipal de Valverde del Camino,2010 - 2012: B. Municipal de Valverde del Camino
foro-2026-costalero_prado-carrera,Domingo de Ramos,JESÚS DESPOJADO,Paso Virgen,2013,B. Liceo de Moguer,2013-2026: B. Liceo de Moguer
foro-2026-costalero_prado-carrera,Domingo de Ramos,JESÚS DESPOJADO,Paso Virgen,2014,B. Liceo de Moguer,2013-2026: B. Liceo de Moguer
foro-2026-costalero_prado-carrera,Domingo de Ramos,JESÚS DESPOJADO,Paso Virgen,2015,B. Liceo de Moguer,2013-2026: B. Liceo de Moguer
foro-2026-costalero_prado-carrera,Domingo de Ramos,JESÚS DESPOJADO,Paso Virgen,2016,B. Liceo de Moguer,2013-2026: B. Liceo de Moguer
foro-2026-costalero_prado-carrera,Domingo de Ramos,JESÚS DESPOJADO,Paso Virgen,2017,B. Liceo de Moguer,2013-2026: B. Liceo de Moguer
foro-2026-costalero_prado-carrera,Domingo de Ramos,JESÚS DESPOJADO,Paso Virgen,2018,B. Liceo de Moguer,2013-2026: B. Liceo de Moguer
foro-2026-costalero_prado-carrera,Domingo de Ramos,JESÚS DESPOJADO,Paso Virgen,2019,B. Liceo de Moguer,2013-2026: B. Liceo de Moguer
foro-2026-costalero_prado-carrera,Domingo de Ramos,JESÚS DESPOJADO,Paso Virgen,2020,B. Liceo de Moguer,2013-2026: B. Liceo de Moguer
foro-2026-costalero_prado-carrera,Domingo de Ramos,JESÚS DESPOJADO,Paso Virgen,2021,B. Liceo de Moguer,2013-2026: B. Liceo de Moguer
foro-2026-costalero_prado-carrera,Domingo de Ramos,JESÚS DESPOJADO,Paso Virgen,2022,B. Liceo de Moguer,2013-2026: B. Liceo de Moguer
foro-2026-costalero_prado-carrera,Domingo de Ramos,JESÚS DESPOJADO,Paso Virgen,2023,B. Liceo de Moguer,2013-2026: B. Liceo de Moguer
foro-2026-costalero_prado-carrera,Domingo de Ramos,JESÚS DESPOJADO,Paso Virgen,2024,B. Liceo de Moguer,2013-2026: B. Liceo de Moguer
foro-2026-costalero_prado-carrera,Domingo de Ramos,JESÚS DESPOJADO,Paso Virgen,2025,B. Liceo de Moguer,2013-2026: B. Liceo de Moguer
foro-2026-costalero_prado-carrera,Domingo de Ramos,JESÚS DESPOJADO,Paso Virgen,2026,B. Liceo de Moguer,2013-2026: B. Liceo de Moguer
foro-2026-costalero_prado-carrera,Domingo de Ramos,LA PAZ,Paso Cristo,1980,A. M. Sagrada Lanzada,1980 – 1981: A. M. Sagrada Lanzada
foro-2026-costalero_prado-carrera,Domingo de Ramos,LA PAZ,Paso Cristo,1981,A. M. Sagrada Lanzada,1980 – 1981: A. M. Sagrada Lanzada
foro-2026-costalero_prado-carrera,Domingo de Ramos,LA PAZ,Paso Cristo,1982,B. Stmo. Cristo de las Tres Caídas,1982 – 1984: B. Stmo. Cristo de las Tres Caídas
foro-2026-costalero_prado-carrera,Domingo de Ramos,LA PAZ,Paso Cristo,1983,B. Stmo. Cristo de las Tres Caídas,1982 – 1984: B. Stmo. Cristo de las Tres Caídas
foro-2026-costalero_prado-carrera,Domingo de Ramos,LA PAZ,Paso Cristo,1984,B. Stmo. Cristo de las Tres Caídas,1982 – 1984: B. Stmo. Cristo de las Tres Caídas
foro-2026-costalero_prado-carrera,Domingo de Ramos,LA PAZ,Paso Cristo,1985,A. M. Sagrada Lanzada,1985 – 1986: A. M. Sagrada Lanzada
foro-2026-costalero_prado-carrera,Domingo de Ramos,LA PAZ,Paso Cristo,1986,A. M. Sagrada Lanzada,1985 – 1986: A. M. Sagrada Lanzada
foro-2026-costalero_prado-carrera,Domingo de Ramos,LA PAZ,Paso Cristo,1987,A. M. San Julián,1987 – 1991: A. M. San Julián
foro-2026-costalero_prado-carrera,Domingo de Ramos,LA PAZ,Paso Cristo,1988,A. M. San Julián,1987 – 1991: A. M. San Julián
foro-2026-costalero_prado-carrera,Domingo de Ramos,LA PAZ,Paso Cristo,1989,A. M. San Julián,1987 – 1991: A. M. San Julián
foro-2026-costalero_prado-carrera,Domingo de Ramos,LA PAZ,Paso Cristo,1990,A. M. San Julián,1987 – 1991: A. M. San Julián
foro-2026-costalero_prado-carrera,Domingo de Ramos,LA PAZ,Paso Cristo,1991,A. M. San Julián,1987 – 1991: A. M. San Julián
foro-2026-costalero_prado-carrera,Domingo de Ramos,LA PAZ,Paso Cristo,1992,A. M. Mª Stma. de la Paz,1992 – 1998: A. M. Mª Stma. de la Paz
foro-2026-costalero_prado-carrera,Domingo de Ramos,LA PAZ,Paso Cristo,1993,A. M. Mª Stma. de la Paz,1992 – 1998: A. M. Mª Stma. de la Paz
foro-2026-costalero_prado-carrera,Domingo de Ramos,LA PAZ,Paso Cristo,1994,A. M. Mª Stma. de la Paz,1992 – 1998: A. M. Mª Stma. de la Paz
foro-2026-costalero_prado-carrera,Domingo de Ramos,LA PAZ,Paso Cristo,1995,A. M. Mª Stma. de la Paz,1992 – 1998: A. M. Mª Stma. de la Paz
foro-2026-costalero_prado-carrera,Domingo de Ramos,LA PAZ,Paso Cristo,1996,A. M. Mª Stma. de la Paz,1992 – 1998: A. M. Mª Stma. de la Paz
foro-2026-costalero_prado-carrera,Domingo de Ramos,LA PAZ,Paso Cristo,1997,A. M. Mª Stma. de la Paz,1992 – 1998: A. M. Mª Stma. de la Paz
foro-2026-costalero_prado-carrera,Domingo de Ramos,LA PAZ,Paso Cristo,1998,A. M. Mª Stma. de la Paz,1992 – 1998: A. M. Mª Stma. de la Paz
foro-2026-costalero_prado-carrera,Domingo de Ramos,LA PAZ,Paso Cristo,1999,A. M. Mª Stma. de la Paz y A. M. Ntra. Sra. de los Reyes,1999: A. M. Mª Stma. de la Paz y A. M. Ntra. Sra. de los Reyes
foro-2026-costalero_prado-carrera,Domingo de Ramos,LA PAZ,Paso Cristo,2000,A. M. Mª Stma. de la Paz,2000: A. M. Mª Stma. de la Paz
foro-2026-costalero_prado-carrera,Domingo de Ramos,LA PAZ,Paso Cristo,2001,AM Ntra. Sra. de la Encarnación,2001 – 2026: AM Ntra. Sra. de la Encarnación
foro-2026-costalero_prado-carrera,Domingo de Ramos,LA PAZ,Paso Cristo,2002,AM Ntra. Sra. de la Encarnación,2001 – 2026: AM Ntra. Sra. de la Encarnación
foro-2026-costalero_prado-carrera,Domingo de Ramos,LA PAZ,Paso Cristo,2003,AM Ntra. Sra. de la Encarnación,2001 – 2026: AM Ntra. Sra. de la Encarnación
foro-2026-costalero_prado-carrera,Domingo de Ramos,LA PAZ,Paso Cristo,2004,AM Ntra. Sra. de la Encarnación,2001 – 2026: AM Ntra. Sra. de la Encarnación
foro-2026-costalero_prado-carrera,Domingo de Ramos,LA PAZ,Paso Cristo,2005,AM Ntra. Sra. de la Encarnación,2001 – 2026: AM Ntra. Sra. de la Encarnación
foro-2026-costalero_prado-carrera,Domingo de Ramos,LA PAZ,Paso Cristo,2006,AM Ntra. Sra. de la Encarnación,2001 – 2026: AM Ntra. Sra. de la Encarnación
foro-2026-costalero_prado-carrera,Domingo de Ramos,LA PAZ,Paso Cristo,2007,AM Ntra. Sra. de la Encarnación,2001 – 2026: AM Ntra. Sra. de la Encarnación
foro-2026-costalero_prado-carrera,Domingo de Ramos,LA PAZ,Paso Cristo,2008,AM Ntra. Sra. de la Encarnación,2001 – 2026: AM Ntra. Sra. de la Encarnación
foro-2026-costalero_prado-carrera,Domingo de Ramos,LA PAZ,Paso Cristo,2009,AM Ntra. Sra. de la Encarnación,2001 – 2026: AM Ntra. Sra. de la Encarnación
foro-2026-costalero_prado-carrera,Domingo de Ramos,LA PAZ,Paso Cristo,2010,AM Ntra. Sra. de la Encarnación,2001 – 2026: AM Ntra. Sra. de la Encarnación
foro-2026-costalero_prado-carrera,Domingo de Ramos,LA PAZ,Paso Cristo,2011,AM Ntra. Sra. de la Encarnación,2001 – 2026: AM Ntra. Sra. de la Encarnación
foro-2026-costalero_prado-carrera,Domingo de Ramos,LA PAZ,Paso Cristo,2012,AM Ntra. Sra. de la Encarnación,2001 – 2026: AM Ntra. Sra. de la Encarnación
foro-2026-costalero_prado-carrera,Domingo de Ramos,LA PAZ,Paso Cristo,2013,AM Ntra. Sra. de la Encarnación,2001 – 2026: AM Ntra. Sra. de la Encarnación
foro-2026-costalero_prado-carrera,Domingo de Ramos,LA PAZ,Paso Cristo,2014,AM Ntra. Sra. de la Encarnación,2001 – 2026: AM Ntra. Sra. de la Encarnación
foro-2026-costalero_prado-carrera,Domingo de Ramos,LA PAZ,Paso Cristo,2015,AM Ntra. Sra. de la Encarnación,2001 – 2026: AM Ntra. Sra. de la Encarnación
foro-2026-costalero_prado-carrera,Domingo de Ramos,LA PAZ,Paso Cristo,2016,AM Ntra. Sra. de la Encarnación,2001 – 2026: AM Ntra. Sra. de la Encarnación
foro-2026-costalero_prado-carrera,Domingo de Ramos,LA PAZ,Paso Cristo,2017,AM Ntra. Sra. de la Encarnación,2001 – 2026: AM Ntra. Sra. de la Encarnación
foro-2026-costalero_prado-carrera,Domingo de Ramos,LA PAZ,Paso Cristo,2018,AM Ntra. Sra. de la Encarnación,2001 – 2026: AM Ntra. Sra. de la Encarnación
foro-2026-costalero_prado-carrera,Domingo de Ramos,LA PAZ,Paso Cristo,2019,AM Ntra. Sra. de la Encarnación,2001 – 2026: AM Ntra. Sra. de la Encarnación
foro-2026-costalero_prado-carrera,Domingo de Ramos,LA PAZ,Paso Cristo,2020,AM Ntra. Sra. de la Encarnación,2001 – 2026: AM Ntra. Sra. de la Encarnación
foro-2026-costalero_prado-carrera,Domingo de Ramos,LA PAZ,Paso Cristo,2021,AM Ntra. Sra. de la Encarnación,2001 – 2026: AM Ntra. Sra. de la Encarnación
foro-2026-costalero_prado-carrera,Domingo de Ramos,LA PAZ,Paso Cristo,2022,AM Ntra. Sra. de la Encarnación,2001 – 2026: AM Ntra. Sra. de la Encarnación
foro-2026-costalero_prado-carrera,Domingo de Ramos,LA PAZ,Paso Cristo,2023,AM Ntra. Sra. de la Encarnación,2001 – 2026: AM Ntra. Sra. de la Encarnación
foro-2026-costalero_prado-carrera,Domingo de Ramos,LA PAZ,Paso Cristo,2024,AM Ntra. Sra. de la Encarnación,2001 – 2026: AM Ntra. Sra. de la Encarnación
foro-2026-costalero_prado-carrera,Domingo de Ramos,LA PAZ,Paso Cristo,2025,AM Ntra. Sra. de la Encarnación,2001 – 2026: AM Ntra. Sra. de la Encarnación
foro-2026-costalero_prado-carrera,Domingo de Ramos,LA PAZ,Paso Cristo,2026,AM Ntra. Sra. de la Encarnación,2001 – 2026: AM Ntra. Sra. de la Encarnación
foro-2026-costalero_prado-carrera,Domingo de Ramos,LA PAZ,Paso Virgen,1980,B. de la Inmaculada (Soria 9),1980 – 1984: B. de la Inmaculada (Soria 9)
foro-2026-costalero_prado-carrera,Domingo de Ramos,LA PAZ,Paso Virgen,1981,B. de la Inmaculada (Soria 9),1980 – 1984: B. de la Inmaculada (Soria 9)
foro-2026-costalero_prado-carrera,Domingo de Ramos,LA PAZ,Paso Virgen,1982,B. de la Inmaculada (Soria 9),1980 – 1984: B. de la Inmaculada (Soria 9)
foro-2026-costalero_prado-carrera,Domingo de Ramos,LA PAZ,Paso Virgen,1983,B. de la Inmaculada (Soria 9),1980 – 1984: B. de la Inmaculada (Soria 9)
foro-2026-costalero_prado-carrera,Domingo de Ramos,LA PAZ,Paso Virgen,1984,B. de la Inmaculada (Soria 9),1980 – 1984: B. de la Inmaculada (Soria 9)
foro-2026-costalero_prado-carrera,Domingo de Ramos,LA PAZ,Paso Virgen,1985,B. Rgto. Soria 9,1985 – 1999: B. Rgto. Soria 9
foro-2026-costalero_prado-carrera,Domingo de Ramos,LA PAZ,Paso Virgen,1986,B. Rgto. Soria 9,1985 – 1999: B. Rgto. Soria 9
foro-2026-costalero_prado-carrera,Domingo de Ramos,LA PAZ,Paso Virgen,1987,B. Rgto. Soria 9,1985 – 1999: B. Rgto. Soria 9
foro-2026-costalero_prado-carrera,Domingo de Ramos,LA PAZ,Paso Virgen,1988,B. Rgto. Soria 9,1985 – 1999: B. Rgto. Soria 9
foro-2026-costalero_prado-carrera,Domingo de Ramos,LA PAZ,Paso Virgen,1989,B. Rgto. Soria 9,1985 – 1999: B. Rgto. Soria 9
foro-2026-costalero_prado-carrera,Domingo de Ramos,LA PAZ,Paso Virgen,1990,B. Rgto. Soria 9,1985 – 1999: B. Rgto. Soria 9
foro-2026-costalero_prado-carrera,Domingo de Ramos,LA PAZ,Paso Virgen,1991,B. Rgto. Soria 9,1985 – 1999: B. Rgto. Soria 9
foro-2026-costalero_prado-carrera,Domingo de Ramos,LA PAZ,Paso Virgen,1992,B. Rgto. Soria 9,1985 – 1999: B. Rgto. Soria 9
foro-2026-costalero_prado-carrera,Domingo de Ramos,LA PAZ,Paso Virgen,1993,B. Rgto. Soria 9,1985 – 1999: B. Rgto. Soria 9
foro-2026-costalero_prado-carrera,Domingo de Ramos,LA PAZ,Paso Virgen,1994,B. Rgto. Soria 9,1985 – 1999: B. Rgto. Soria 9
foro-2026-costalero_prado-carrera,Domingo de Ramos,LA PAZ,Paso Virgen,1995,B. Rgto. Soria 9,1985 – 1999: B. Rgto. Soria 9
foro-2026-costalero_prado-carrera,Domingo de Ramos,LA PAZ,Paso Virgen,1996,B. Rgto. Soria 9,1985 – 1999: B. Rgto. Soria 9
foro-2026-costalero_prado-carrera,Domingo de Ramos,LA PAZ,Paso Virgen,1997,B. Rgto. Soria 9,1985 – 1999: B. Rgto. Soria 9
foro-2026-costalero_prado-carrera,Domingo de Ramos,LA PAZ,Paso Virgen,1998,B. Rgto. Soria 9,1985 – 1999: B. Rgto. Soria 9
foro-2026-costalero_prado-carrera,Domingo de Ramos,LA PAZ,Paso Virgen,1999,B. Rgto. Soria 9,1985 – 1999: B. Rgto. Soria 9
foro-2026-costalero_prado-carrera,Domingo de Ramos,LA PAZ,Paso Virgen,2000,B. Municipal Fernando Guerrero de Los Palacios,2000 – 2001: B. Municipal Fernando Guerrero de Los Palacios
foro-2026-costalero_prado-carrera,Domingo de Ramos,LA PAZ,Paso Virgen,2001,B. Municipal Fernando Guerrero de Los Palacios,2000 – 2001: B. Municipal Fernando Guerrero de Los Palacios
foro-2026-costalero_prado-carrera,Domingo de Ramos,LA PAZ,Paso Virgen,2002,B. Ntra. Sra. del Carmen de Salteras,2002 – 2005: B. Ntra. Sra. del Carmen de Salteras
foro-2026-costalero_prado-carrera,Domingo de Ramos,LA PAZ,Paso Virgen,2003,B. Ntra. Sra. del Carmen de Salteras,2002 – 2005: B. Ntra. Sra. del Carmen de Salteras
foro-2026-costalero_prado-carrera,Domingo de Ramos,LA PAZ,Paso Virgen,2004,B. Ntra. Sra. del Carmen de Salteras,2002 – 2005: B. Ntra. Sra. del Carmen de Salteras
foro-2026-costalero_prado-carrera,Domingo de Ramos,LA PAZ,Paso Virgen,2005,B. Ntra. Sra. del Carmen de Salteras,2002 – 2005: B. Ntra. Sra. del Carmen de Salteras
foro-2026-costalero_prado-carrera,Domingo de Ramos,LA PAZ,Paso Virgen,2006,B. Santa Ana de Dos Hermanas,2006 - 2024: B. Santa Ana de Dos Hermanas
foro-2026-costalero_prado-carrera,Domingo de Ramos,LA PAZ,Paso Virgen,2007,B. Santa Ana de Dos Hermanas,2006 - 2024: B. Santa Ana de Dos Hermanas
foro-2026-costalero_prado-carrera,Domingo de Ramos,LA PAZ,Paso Virgen,2008,B. Santa Ana de Dos Hermanas,2006 - 2024: B. Santa Ana de Dos Hermanas
foro-2026-costalero_prado-carrera,Domingo de Ramos,LA PAZ,Paso Virgen,2009,B. Santa Ana de Dos Hermanas,2006 - 2024: B. Santa Ana de Dos Hermanas
foro-2026-costalero_prado-carrera,Domingo de Ramos,LA PAZ,Paso Virgen,2010,B. Santa Ana de Dos Hermanas,2006 - 2024: B. Santa Ana de Dos Hermanas
foro-2026-costalero_prado-carrera,Domingo de Ramos,LA PAZ,Paso Virgen,2011,B. Santa Ana de Dos Hermanas,2006 - 2024: B. Santa Ana de Dos Hermanas
foro-2026-costalero_prado-carrera,Domingo de Ramos,LA PAZ,Paso Virgen,2012,B. Santa Ana de Dos Hermanas,2006 - 2024: B. Santa Ana de Dos Hermanas
foro-2026-costalero_prado-carrera,Domingo de Ramos,LA PAZ,Paso Virgen,2013,B. Santa Ana de Dos Hermanas,2006 - 2024: B. Santa Ana de Dos Hermanas
foro-2026-costalero_prado-carrera,Domingo de Ramos,LA PAZ,Paso Virgen,2014,B. Santa Ana de Dos Hermanas,2006 - 2024: B. Santa Ana de Dos Hermanas
foro-2026-costalero_prado-carrera,Domingo de Ramos,LA PAZ,Paso Virgen,2015,B. Santa Ana de Dos Hermanas,2006 - 2024: B. Santa Ana de Dos Hermanas
foro-2026-costalero_prado-carrera,Domingo de Ramos,LA PAZ,Paso Virgen,2016,B. Santa Ana de Dos Hermanas,2006 - 2024: B. Santa Ana de Dos Hermanas
foro-2026-costalero_prado-carrera,Domingo de Ramos,LA PAZ,Paso Virgen,2017,B. Santa Ana de Dos Hermanas,2006 - 2024: B. Santa Ana de Dos Hermanas
foro-2026-costalero_prado-carrera,Domingo de Ramos,LA PAZ,Paso Virgen,2018,B. Santa Ana de Dos Hermanas,2006 - 2024: B. Santa Ana de Dos Hermanas
foro-2026-costalero_prado-carrera,Domingo de Ramos,LA PAZ,Paso Virgen,2019,B. Santa Ana de Dos Hermanas,2006 - 2024: B. Santa Ana de Dos Hermanas
foro-2026-costalero_prado-carrera,Domingo de Ramos,LA PAZ,Paso Virgen,2020,B. Santa Ana de Dos Hermanas,2006 - 2024: B. Santa Ana de Dos Hermanas
foro-2026-costalero_prado-carrera,Domingo de Ramos,LA PAZ,Paso Virgen,2021,B. Santa Ana de Dos Hermanas,2006 - 2024: B. Santa Ana de Dos Hermanas
foro-2026-costalero_prado-carrera,Domingo de Ramos,LA PAZ,Paso Virgen,2022,B. Santa Ana de Dos Hermanas,2006 - 2024: B. Santa Ana de Dos Hermanas
foro-2026-costalero_prado-carrera,Domingo de Ramos,LA PAZ,Paso Virgen,2023,B. Santa Ana de Dos Hermanas,2006 - 2024: B. Santa Ana de Dos Hermanas
foro-2026-costalero_prado-carrera,Domingo de Ramos,LA PAZ,Paso Virgen,2024,B. Santa Ana de Dos Hermanas,2006 - 2024: B. Santa Ana de Dos Hermanas
foro-2026-costalero_prado-carrera,Domingo de Ramos,LA PAZ,Paso Virgen,2025,B. Municipal Puebla del Rio,2025-2026: B. Municipal Puebla del Rio
foro-2026-costalero_prado-carrera,Domingo de Ramos,LA PAZ,Paso Virgen,2026,B. Municipal Puebla del Rio,2025-2026: B. Municipal Puebla del Rio
foro-2026-costalero_prado-carrera,Domingo de Ramos,LA CENA,Paso Cristo (Misterio),1980,B. Ntra. Sra. de la Victoria (Cigarreras),1980 – 2026: B. Ntra. Sra. de la Victoria (Cigarreras)
foro-2026-costalero_prado-carrera,Domingo de Ramos,LA CENA,Paso Cristo (Misterio),1981,B. Ntra. Sra. de la Victoria (Cigarreras),1980 – 2026: B. Ntra. Sra. de la Victoria (Cigarreras)
foro-2026-costalero_prado-carrera,Domingo de Ramos,LA CENA,Paso Cristo (Misterio),1982,B. Ntra. Sra. de la Victoria (Cigarreras),1980 – 2026: B. Ntra. Sra. de la Victoria (Cigarreras)
foro-2026-costalero_prado-carrera,Domingo de Ramos,LA CENA,Paso Cristo (Misterio),1983,B. Ntra. Sra. de la Victoria (Cigarreras),1980 – 2026: B. Ntra. Sra. de la Victoria (Cigarreras)
foro-2026-costalero_prado-carrera,Domingo de Ramos,LA CENA,Paso Cristo (Misterio),1984,B. Ntra. Sra. de la Victoria (Cigarreras),1980 – 2026: B. Ntra. Sra. de la Victoria (Cigarreras)
foro-2026-costalero_prado-carrera,Domingo de Ramos,LA CENA,Paso Cristo (Misterio),1985,B. Ntra. Sra. de la Victoria (Cigarreras),1980 – 2026: B. Ntra. Sra. de la Victoria (Cigarreras)
foro-2026-costalero_prado-carrera,Domingo de Ramos,LA CENA,Paso Cristo (Misterio),1986,B. Ntra. Sra. de la Victoria (Cigarreras),1980 – 2026: B. Ntra. Sra. de la Victoria (Cigarreras)
foro-2026-costalero_prado-carrera,Domingo de Ramos,LA CENA,Paso Cristo (Misterio),1987,B. Ntra. Sra. de la Victoria (Cigarreras),1980 – 2026: B. Ntra. Sra. de la Victoria (Cigarreras)
foro-2026-costalero_prado-carrera,Domingo de Ramos,LA CENA,Paso Cristo (Misterio),1988,B. Ntra. Sra. de la Victoria (Cigarreras),1980 – 2026: B. Ntra. Sra. de la Victoria (Cigarreras)
foro-2026-costalero_prado-carrera,Domingo de Ramos,LA CENA,Paso Cristo (Misterio),1989,B. Ntra. Sra. de la Victoria (Cigarreras),1980 – 2026: B. Ntra. Sra. de la Victoria (Cigarreras)
foro-2026-costalero_prado-carrera,Domingo de Ramos,LA CENA,Paso Cristo (Misterio),1990,B. Ntra. Sra. de la Victoria (Cigarreras),1980 – 2026: B. Ntra. Sra. de la Victoria (Cigarreras)
foro-2026-costalero_prado-carrera,Domingo de Ramos,LA CENA,Paso Cristo (Misterio),1991,B. Ntra. Sra. de la Victoria (Cigarreras),1980 – 2026: B. Ntra. Sra. de la Victoria (Cigarreras)
foro-2026-costalero_prado-carrera,Domingo de Ramos,LA CENA,Paso Cristo (Misterio),1992,B. Ntra. Sra. de la Victoria (Cigarreras),1980 – 2026: B. Ntra. Sra. de la Victoria (Cigarreras)
foro-2026-costalero_prado-carrera,Domingo de Ramos,LA CENA,Paso Cristo (Misterio),1993,B. Ntra. Sra. de la Victoria (Cigarreras),1980 – 2026: B. Ntra. Sra. de la Victoria (Cigarreras)
foro-2026-costalero_prado-carrera,Domingo de Ramos,LA CENA,Paso Cristo (Misterio),1994,B. Ntra. Sra. de la Victoria (Cigarreras),1980 – 2026: B. Ntra. Sra. de la Victoria (Cigarreras)
foro-2026-costalero_prado-carrera,Domingo de Ramos,LA CENA,Paso Cristo (Misterio),1995,B. Ntra. Sra. de la Victoria (Cigarreras),1980 – 2026: B. Ntra. Sra. de la Victoria (Cigarreras)
foro-2026-costalero_prado-carrera,Domingo de Ramos,LA CENA,Paso Cristo (Misterio),1996,B. Ntra. Sra. de la Victoria (Cigarreras),1980 – 2026: B. Ntra. Sra. de la Victoria (Cigarreras)
foro-2026-costalero_prado-carrera,Domingo de Ramos,LA CENA,Paso Cristo (Misterio),1997,B. Ntra. Sra. de la Victoria (Cigarreras),1980 – 2026: B. Ntra. Sra. de la Victoria (Cigarreras)
foro-2026-costalero_prado-carrera,Domingo de Ramos,LA CENA,Paso Cristo (Misterio),1998,B. Ntra. Sra. de la Victoria (Cigarreras),1980 – 2026: B. Ntra. Sra. de la Victoria (Cigarreras)
foro-2026-costalero_prado-carrera,Domingo de Ramos,LA CENA,Paso Cristo (Misterio),1999,B. Ntra. Sra. de la Victoria (Cigarreras),1980 – 2026: B. Ntra. Sra. de la Victoria (Cigarreras)
foro-2026-costalero_prado-carrera,Domingo de Ramos,LA CENA,Paso Cristo (Misterio),2000,B. Ntra. Sra. de la Victoria (Cigarreras),1980 – 2026: B. Ntra. Sra. de la Victoria (Cigarreras)
foro-2026-costalero_prado-carrera,Domingo de Ramos,LA CENA,Paso Cristo (Misterio),2001,B. Ntra. Sra. de la Victoria (Cigarreras),1980 – 2026: B. Ntra. Sra. de la Victoria (Cigarreras)
foro-2026-costalero_prado-carrera,Domingo de Ramos,LA CENA,Paso Cristo (Misterio),2002,B. Ntra. Sra. de la Victoria (Cigarreras),1980 – 2026: B. Ntra. Sra. de la Victoria (Cigarreras)
foro-2026-costalero_prado-carrera,Domingo de Ramos,LA CENA,Paso Cristo (Misterio),2003,B. Ntra. Sra. de la Victoria (Cigarreras),1980 – 2026: B. Ntra. Sra. de la Victoria (Cigarreras)
foro-2026-costalero_prado-carrera,Domingo de Ramos,LA CENA,Paso Cristo (Misterio),2004,B. Ntra. Sra. de la Victoria (Cigarreras),1980 – 2026: B. Ntra. Sra. de la Victoria (Cigarreras)
foro-2026-costalero_prado-carrera,Domingo de Ramos,LA CENA,Paso Cristo (Misterio),2005,B. Ntra. Sra. de la Victoria (Cigarreras),1980 – 2026: B. Ntra. Sra. de la Victoria (Cigarreras)
foro-2026-costalero_prado-carrera,Domingo de Ramos,LA CENA,Paso Cristo (Misterio),2006,B. Ntra. Sra. de la Victoria (Cigarreras),1980 – 2026: B. Ntra. Sra. de la Victoria (Cigarreras)
foro-2026-costalero_prado-carrera,Domingo de Ramos,LA CENA,Paso Cristo (Misterio),2007,B. Ntra. Sra. de la Victoria (Cigarreras),1980 – 2026: B. Ntra. Sra. de la Victoria (Cigarreras)
foro-2026-costalero_prado-carrera,Domingo de Ramos,LA CENA,Paso Cristo (Misterio),2008,B. Ntra. Sra. de la Victoria (Cigarreras),1980 – 2026: B. Ntra. Sra. de la Victoria (Cigarreras)
foro-2026-costalero_prado-carrera,Domingo de Ramos,LA CENA,Paso Cristo (Misterio),2009,B. Ntra. Sra. de la Victoria (Cigarreras),1980 – 2026: B. Ntra. Sra. de la Victoria (Cigarreras)
foro-2026-costalero_prado-carrera,Domingo de Ramos,LA CENA,Paso Cristo (Misterio),2010,B. Ntra. Sra. de la Victoria (Cigarreras),1980 – 2026: B. Ntra. Sra. de la Victoria (Cigarreras)
foro-2026-costalero_prado-carrera,Domingo de Ramos,LA CENA,Paso Cristo (Misterio),2011,B. Ntra. Sra. de la Victoria (Cigarreras),1980 – 2026: B. Ntra. Sra. de la Victoria (Cigarreras)
foro-2026-costalero_prado-carrera,Domingo de Ramos,LA CENA,Paso Cristo (Misterio),2012,B. Ntra. Sra. de la Victoria (Cigarreras),1980 – 2026: B. Ntra. Sra. de la Victoria (Cigarreras)
foro-2026-costalero_prado-carrera,Domingo de Ramos,LA CENA,Paso Cristo (Misterio),2013,B. Ntra. Sra. de la Victoria (Cigarreras),1980 – 2026: B. Ntra. Sra. de la Victoria (Cigarreras)
foro-2026-costalero_prado-carrera,Domingo de Ramos,LA CENA,Paso Cristo (Misterio),2014,B. Ntra. Sra. de la Victoria (Cigarreras),1980 – 2026: B. Ntra. Sra. de la Victoria (Cigarreras)
foro-2026-costalero_prado-carrera,Domingo de Ramos,LA CENA,Paso Cristo (Misterio),2015,B. Ntra. Sra. de la Victoria (Cigarreras),1980 – 2026: B. Ntra. Sra. de la Victoria (Cigarreras)
foro-2026-costalero_prado-carrera,Domingo de Ramos,LA CENA,Paso Cristo (Misterio),2016,B. Ntra. Sra. de la Victoria (Cigarreras),1980 – 2026: B. Ntra. Sra. de la Victoria (Cigarreras)
foro-2026-costalero_prado-carrera,Domingo de Ramos,LA CENA,Paso Cristo (Misterio),2017,B. Ntra. Sra. de la Victoria (Cigarreras),1980 – 2026: B. Ntra. Sra. de la Victoria (Cigarreras)
foro-2026-costalero_prado-carrera,Domingo de Ramos,LA CENA,Paso Cristo (Misterio),2018,B. Ntra. Sra. de la Victoria (Cigarreras),1980 – 2026: B. Ntra. Sra. de la Victoria (Cigarreras)
foro-2026-costalero_prado-carrera,Domingo de Ramos,LA CENA,Paso Cristo (Misterio),2019,B. Ntra. Sra. de la Victoria (Cigarreras),1980 – 2026: B. Ntra. Sra. de la Victoria (Cigarreras)
foro-2026-costalero_prado-carrera,Domingo de Ramos,LA CENA,Paso Cristo (Misterio),2020,B. Ntra. Sra. de la Victoria (Cigarreras),1980 – 2026: B. Ntra. Sra. de la Victoria (Cigarreras)
foro-2026-costalero_prado-carrera,Domingo de Ramos,LA CENA,Paso Cristo (Misterio),2021,B. Ntra. Sra. de la Victoria (Cigarreras),1980 – 2026: B. Ntra. Sra. de la Victoria (Cigarreras)
foro-2026-costalero_prado-carrera,Domingo de Ramos,LA CENA,Paso Cristo (Misterio),2022,B. Ntra. Sra. de la Victoria (Cigarreras),1980 – 2026: B. Ntra. Sra. de la Victoria (Cigarreras)
foro-2026-costalero_prado-carrera,Domingo de Ramos,LA CENA,Paso Cristo (Misterio),2023,B. Ntra. Sra. de la Victoria (Cigarreras),1980 – 2026: B. Ntra. Sra. de la Victoria (Cigarreras)
foro-2026-costalero_prado-carrera,Domingo de Ramos,LA CENA,Paso Cristo (Misterio),2024,B. Ntra. Sra. de la Victoria (Cigarreras),1980 – 2026: B. Ntra. Sra. de la Victoria (Cigarreras)
foro-2026-costalero_prado-carrera,Domingo de Ramos,LA CENA,Paso Cristo (Misterio),2025,B. Ntra. Sra. de la Victoria (Cigarreras),1980 – 2026: B. Ntra. Sra. de la Victoria (Cigarreras)
foro-2026-costalero_prado-carrera,Domingo de Ramos,LA CENA,Paso Cristo (Misterio),2026,B. Ntra. Sra. de la Victoria (Cigarreras),1980 – 2026: B. Ntra. Sra. de la Victoria (Cigarreras)
foro-2026-costalero_prado-carrera,Domingo de Ramos,LA CENA,Paso Virgen,1980,B. del Maestro Tejera,1980 – 2026: B. del Maestro Tejera
foro-2026-costalero_prado-carrera,Domingo de Ramos,LA CENA,Paso Virgen,1981,B. del Maestro Tejera,1980 – 2026: B. del Maestro Tejera
foro-2026-costalero_prado-carrera,Domingo de Ramos,LA CENA,Paso Virgen,1982,B. del Maestro Tejera,1980 – 2026: B. del Maestro Tejera
foro-2026-costalero_prado-carrera,Domingo de Ramos,LA CENA,Paso Virgen,1983,B. del Maestro Tejera,1980 – 2026: B. del Maestro Tejera
foro-2026-costalero_prado-carrera,Domingo de Ramos,LA CENA,Paso Virgen,1984,B. del Maestro Tejera,1980 – 2026: B. del Maestro Tejera
foro-2026-costalero_prado-carrera,Domingo de Ramos,LA CENA,Paso Virgen,1985,B. del Maestro Tejera,1980 – 2026: B. del Maestro Tejera
foro-2026-costalero_prado-carrera,Domingo de Ramos,LA CENA,Paso Virgen,1986,B. del Maestro Tejera,1980 – 2026: B. del Maestro Tejera
foro-2026-costalero_prado-carrera,Domingo de Ramos,LA CENA,Paso Virgen,1987,B. del Maestro Tejera,1980 – 2026: B. del Maestro Tejera
foro-2026-costalero_prado-carrera,Domingo de Ramos,LA CENA,Paso Virgen,1988,B. del Maestro Tejera,1980 – 2026: B. del Maestro Tejera
foro-2026-costalero_prado-carrera,Domingo de Ramos,LA CENA,Paso Virgen,1989,B. del Maestro Tejera,1980 – 2026: B. del Maestro Tejera
foro-2026-costalero_prado-carrera,Domingo de Ramos,LA CENA,Paso Virgen,1990,B. del Maestro Tejera,1980 – 2026: B. del Maestro Tejera
foro-2026-costalero_prado-carrera,Domingo de Ramos,LA CENA,Paso Virgen,1991,B. del Maestro Tejera,1980 – 2026: B. del Maestro Tejera
foro-2026-costalero_prado-carrera,Domingo de Ramos,LA CENA,Paso Virgen,1992,B. del Maestro Tejera,1980 – 2026: B. del Maestro Tejera
foro-2026-costalero_prado-carrera,Domingo de Ramos,LA CENA,Paso Virgen,1993,B. del Maestro Tejera,1980 – 2026: B. del Maestro Tejera
foro-2026-costalero_prado-carrera,Domingo de Ramos,LA CENA,Paso Virgen,1994,B. del Maestro Tejera,1980 – 2026: B. del Maestro Tejera
foro-2026-costalero_prado-carrera,Domingo de Ramos,LA CENA,Paso Virgen,1995,B. del Maestro Tejera,1980 – 2026: B. del Maestro Tejera
foro-2026-costalero_prado-carrera,Domingo de Ramos,LA CENA,Paso Virgen,1996,B. del Maestro Tejera,1980 – 2026: B. del Maestro Tejera
foro-2026-costalero_prado-carrera,Domingo de Ramos,LA CENA,Paso Virgen,1997,B. del Maestro Tejera,1980 – 2026: B. del Maestro Tejera
foro-2026-costalero_prado-carrera,Domingo de Ramos,LA CENA,Paso Virgen,1998,B. del Maestro Tejera,1980 – 2026: B. del Maestro Tejera
foro-2026-costalero_prado-carrera,Domingo de Ramos,LA CENA,Paso Virgen,1999,B. del Maestro Tejera,1980 – 2026: B. del Maestro Tejera
foro-2026-costalero_prado-carrera,Domingo de Ramos,LA CENA,Paso Virgen,2000,B. del Maestro Tejera,1980 – 2026: B. del Maestro Tejera
foro-2026-costalero_prado-carrera,Domingo de Ramos,LA CENA,Paso Virgen,2001,B. del Maestro Tejera,1980 – 2026: B. del Maestro Tejera
foro-2026-costalero_prado-carrera,Domingo de Ramos,LA CENA,Paso Virgen,2002,B. del Maestro Tejera,1980 – 2026: B. del Maestro Tejera
foro-2026-costalero_prado-carrera,Domingo de Ramos,LA CENA,Paso Virgen,2003,B. del Maestro Tejera,1980 – 2026: B. del Maestro Tejera
foro-2026-costalero_prado-carrera,Domingo de Ramos,LA CENA,Paso Virgen,2004,B. del Maestro Tejera,1980 – 2026: B. del Maestro Tejera
foro-2026-costalero_prado-carrera,Domingo de Ramos,LA CENA,Paso Virgen,2005,B. del Maestro Tejera,1980 – 2026: B. del Maestro Tejera
foro-2026-costalero_prado-carrera,Domingo de Ramos,LA CENA,Paso Virgen,2006,B. del Maestro Tejera,1980 – 2026: B. del Maestro Tejera
foro-2026-costalero_prado-carrera,Domingo de Ramos,LA CENA,Paso Virgen,2007,B. del Maestro Tejera,1980 – 2026: B. del Maestro Tejera
foro-2026-costalero_prado-carrera,Domingo de Ramos,LA CENA,Paso Virgen,2008,B. del Maestro Tejera,1980 – 2026: B. del Maestro Tejera
foro-2026-costalero_prado-carrera,Domingo de Ramos,LA CENA,Paso Virgen,2009,B. del Maestro Tejera,1980 – 2026: B. del Maestro Tejera
foro-2026-costalero_prado-carrera,Domingo de Ramos,LA CENA,Paso Virgen,2010,B. del Maestro Tejera,1980 – 2026: B. del Maestro Tejera
foro-2026-costalero_prado-carrera,Domingo de Ramos,LA CENA,Paso Virgen,2011,B. del Maestro Tejera,1980 – 2026: B. del Maestro Tejera
foro-2026-costalero_prado-carrera,Domingo de Ramos,LA CENA,Paso Virgen,2012,B. del Maestro Tejera,1980 – 2026: B. del Maestro Tejera
foro-2026-costalero_prado-carrera,Domingo de Ramos,LA CENA,Paso Virgen,2013,B. del Maestro Tejera,1980 – 2026: B. del Maestro Tejera
foro-2026-costalero_prado-carrera,Domingo de Ramos,LA CENA,Paso Virgen,2014,B. del Maestro Tejera,1980 – 2026: B. del Maestro Tejera
foro-2026-costalero_prado-carrera,Domingo de Ramos,LA CENA,Paso Virgen,2015,B. del Maestro Tejera,1980 – 2026: B. del Maestro Tejera
foro-2026-costalero_prado-carrera,Domingo de Ramos,LA CENA,Paso Virgen,2016,B. del Maestro Tejera,1980 – 2026: B. del Maestro Tejera
foro-2026-costalero_prado-carrera,Domingo de Ramos,LA CENA,Paso Virgen,2017,B. del Maestro Tejera,1980 – 2026: B. del Maestro Tejera
foro-2026-costalero_prado-carrera,Domingo de Ramos,LA CENA,Paso Virgen,2018,B. del Maestro Tejera,1980 – 2026: B. del Maestro Tejera
foro-2026-costalero_prado-carrera,Domingo de Ramos,LA CENA,Paso Virgen,2019,B. del Maestro Tejera,1980 – 2026: B. del Maestro Tejera
foro-2026-costalero_prado-carrera,Domingo de Ramos,LA CENA,Paso Virgen,2020,B. del Maestro Tejera,1980 – 2026: B. del Maestro Tejera
foro-2026-costalero_prado-carrera,Domingo de Ramos,LA CENA,Paso Virgen,2021,B. del Maestro Tejera,1980 – 2026: B. del Maestro Tejera
foro-2026-costalero_prado-carrera,Domingo de Ramos,LA CENA,Paso Virgen,2022,B. del Maestro Tejera,1980 – 2026: B. del Maestro Tejera
foro-2026-costalero_prado-carrera,Domingo de Ramos,LA CENA,Paso Virgen,2023,B. del Maestro Tejera,1980 – 2026: B. del Maestro Tejera
foro-2026-costalero_prado-carrera,Domingo de Ramos,LA CENA,Paso Virgen,2024,B. del Maestro Tejera,1980 – 2026: B. del Maestro Tejera
foro-2026-costalero_prado-carrera,Domingo de Ramos,LA CENA,Paso Virgen,2025,B. del Maestro Tejera,1980 – 2026: B. del Maestro Tejera
foro-2026-costalero_prado-carrera,Domingo de Ramos,LA CENA,Paso Virgen,2026,B. del Maestro Tejera,1980 – 2026: B. del Maestro Tejera
foro-2026-costalero_prado-carrera,Domingo de Ramos,HINIESTA,Paso Cristo,1980,AM Sta. Mª Magdalena (Arahal),1980 – 2026: AM Sta. Mª Magdalena (Arahal)
foro-2026-costalero_prado-carrera,Domingo de Ramos,HINIESTA,Paso Cristo,1981,AM Sta. Mª Magdalena (Arahal),1980 – 2026: AM Sta. Mª Magdalena (Arahal)
foro-2026-costalero_prado-carrera,Domingo de Ramos,HINIESTA,Paso Cristo,1982,AM Sta. Mª Magdalena (Arahal),1980 – 2026: AM Sta. Mª Magdalena (Arahal)
foro-2026-costalero_prado-carrera,Domingo de Ramos,HINIESTA,Paso Cristo,1983,AM Sta. Mª Magdalena (Arahal),1980 – 2026: AM Sta. Mª Magdalena (Arahal)
foro-2026-costalero_prado-carrera,Domingo de Ramos,HINIESTA,Paso Cristo,1984,AM Sta. Mª Magdalena (Arahal),1980 – 2026: AM Sta. Mª Magdalena (Arahal)
foro-2026-costalero_prado-carrera,Domingo de Ramos,HINIESTA,Paso Cristo,1985,AM Sta. Mª Magdalena (Arahal),1980 – 2026: AM Sta. Mª Magdalena (Arahal)
foro-2026-costalero_prado-carrera,Domingo de Ramos,HINIESTA,Paso Cristo,1986,AM Sta. Mª Magdalena (Arahal),1980 – 2026: AM Sta. Mª Magdalena (Arahal)
foro-2026-costalero_prado-carrera,Domingo de Ramos,HINIESTA,Paso Cristo,1987,AM Sta. Mª Magdalena (Arahal),1980 – 2026: AM Sta. Mª Magdalena (Arahal)
foro-2026-costalero_prado-carrera,Domingo de Ramos,HINIESTA,Paso Cristo,1988,AM Sta. Mª Magdalena (Arahal),1980 – 2026: AM Sta. Mª Magdalena (Arahal)
foro-2026-costalero_prado-carrera,Domingo de Ramos,HINIESTA,Paso Cristo,1989,AM Sta. Mª Magdalena (Arahal),1980 – 2026: AM Sta. Mª Magdalena (Arahal)
foro-2026-costalero_prado-carrera,Domingo de Ramos,HINIESTA,Paso Cristo,1990,AM Sta. Mª Magdalena (Arahal),1980 – 2026: AM Sta. Mª Magdalena (Arahal)
foro-2026-costalero_prado-carrera,Domingo de Ramos,HINIESTA,Paso Cristo,1991,AM Sta. Mª Magdalena (Arahal),1980 – 2026: AM Sta. Mª Magdalena (Arahal)
foro-2026-costalero_prado-carrera,Domingo de Ramos,HINIESTA,Paso Cristo,1992,AM Sta. Mª Magdalena (Arahal),1980 – 2026: AM Sta. Mª Magdalena (Arahal)
foro-2026-costalero_prado-carrera,Domingo de Ramos,HINIESTA,Paso Cristo,1993,AM Sta. Mª Magdalena (Arahal),1980 – 2026: AM Sta. Mª Magdalena (Arahal)
foro-2026-costalero_prado-carrera,Domingo de Ramos,HINIESTA,Paso Cristo,1994,AM Sta. Mª Magdalena (Arahal),1980 – 2026: AM Sta. Mª Magdalena (Arahal)
foro-2026-costalero_prado-carrera,Domingo de Ramos,HINIESTA,Paso Cristo,1995,AM Sta. Mª Magdalena (Arahal),1980 – 2026: AM Sta. Mª Magdalena (Arahal)
foro-2026-costalero_prado-carrera,Domingo de Ramos,HINIESTA,Paso Cristo,1996,AM Sta. Mª Magdalena (Arahal),1980 – 2026: AM Sta. Mª Magdalena (Arahal)
foro-2026-costalero_prado-carrera,Domingo de Ramos,HINIESTA,Paso Cristo,1997,AM Sta. Mª Magdalena (Arahal),1980 – 2026: AM Sta. Mª Magdalena (Arahal)
foro-2026-costalero_prado-carrera,Domingo de Ramos,HINIESTA,Paso Cristo,1998,AM Sta. Mª Magdalena (Arahal),1980 – 2026: AM Sta. Mª Magdalena (Arahal)
foro-2026-costalero_prado-carrera,Domingo de Ramos,HINIESTA,Paso Cristo,1999,AM Sta. Mª Magdalena (Arahal),1980 – 2026: AM Sta. Mª Magdalena (Arahal)
foro-2026-costalero_prado-carrera,Domingo de Ramos,HINIESTA,Paso Cristo,2000,AM Sta. Mª Magdalena (Arahal),1980 – 2026: AM Sta. Mª Magdalena (Arahal)
foro-2026-costalero_prado-carrera,Domingo de Ramos,HINIESTA,Paso Cristo,2001,AM Sta. Mª Magdalena (Arahal),1980 – 2026: AM Sta. Mª Magdalena (Arahal)
foro-2026-costalero_prado-carrera,Domingo de Ramos,HINIESTA,Paso Cristo,2002,AM Sta. Mª Magdalena (Arahal),1980 – 2026: AM Sta. Mª Magdalena (Arahal)
foro-2026-costalero_prado-carrera,Domingo de Ramos,HINIESTA,Paso Cristo,2003,AM Sta. Mª Magdalena (Arahal),1980 – 2026: AM Sta. Mª Magdalena (Arahal)
foro-2026-costalero_prado-carrera,Domingo de Ramos,HINIESTA,Paso Cristo,2004,AM Sta. Mª Magdalena (Arahal),1980 – 2026: AM Sta. Mª Magdalena (Arahal)
foro-2026-costalero_prado-carrera,Domingo de Ramos,HINIESTA,Paso Cristo,2005,AM Sta. Mª Magdalena (Arahal),1980 – 2026: AM Sta. Mª Magdalena (Arahal)
foro-2026-costalero_prado-carrera,Domingo de Ramos,HINIESTA,Paso Cristo,2006,AM Sta. Mª Magdalena (Arahal),1980 – 2026: AM Sta. Mª Magdalena (Arahal)
foro-2026-costalero_prado-carrera,Domingo de Ramos,HINIESTA,Paso Cristo,2007,AM Sta. Mª Magdalena (Arahal),1980 – 2026: AM Sta. Mª Magdalena (Arahal)
foro-2026-costalero_prado-carrera,Domingo de Ramos,HINIESTA,Paso Cristo,2008,AM Sta. Mª Magdalena (Arahal),1980 – 2026: AM Sta. Mª Magdalena (Arahal)
foro-2026-costalero_prado-carrera,Domingo de Ramos,HINIESTA,Paso Cristo,2009,AM Sta. Mª Magdalena (Arahal),1980 – 2026: AM Sta. Mª Magdalena (Arahal)
foro-2026-costalero_prado-carrera,Domingo de Ramos,HINIESTA,Paso Cristo,2010,AM Sta. Mª Magdalena (Arahal),1980 – 2026: AM Sta. Mª Magdalena (Arahal)
foro-2026-costalero_prado-carrera,Domingo de Ramos,HINIESTA,Paso Cristo,2011,AM Sta. Mª Magdalena (Arahal),1980 – 2026: AM Sta. Mª Magdalena (Arahal)
foro-2026-costalero_prado-carrera,Domingo de Ramos,HINIESTA,Paso Cristo,2012,AM Sta. Mª Magdalena (Arahal),1980 – 2026: AM Sta. Mª Magdalena (Arahal)
foro-2026-costalero_prado-carrera,Domingo de Ramos,HINIESTA,Paso Cristo,2013,AM Sta. Mª Magdalena (Arahal),1980 – 2026: AM Sta. Mª Magdalena (Arahal)
foro-2026-costalero_prado-carrera,Domingo de Ramos,HINIESTA,Paso Cristo,2014,AM Sta. Mª Magdalena (Arahal),1980 – 2026: AM Sta. Mª Magdalena (Arahal)
foro-2026-costalero_prado-carrera,Domingo de Ramos,HINIESTA,Paso Cristo,2015,AM Sta. Mª Magdalena (Arahal),1980 – 2026: AM Sta. Mª Magdalena (Arahal)
foro-2026-costalero_prado-carrera,Domingo de Ramos,HINIESTA,Paso Cristo,2016,AM Sta. Mª Magdalena (Arahal),1980 – 2026: AM Sta. Mª Magdalena (Arahal)
foro-2026-costalero_prado-carrera,Domingo de Ramos,HINIESTA,Paso Cristo,2017,AM Sta. Mª Magdalena (Arahal),1980 – 2026: AM Sta. Mª Magdalena (Arahal)
foro-2026-costalero_prado-carrera,Domingo de Ramos,HINIESTA,Paso Cristo,2018,AM Sta. Mª Magdalena (Arahal),1980 – 2026: AM Sta. Mª Magdalena (Arahal)
foro-2026-costalero_prado-carrera,Domingo de Ramos,HINIESTA,Paso Cristo,2019,AM Sta. Mª Magdalena (Arahal),1980 – 2026: AM Sta. Mª Magdalena (Arahal)
foro-2026-costalero_prado-carrera,Domingo de Ramos,HINIESTA,Paso Cristo,2020,AM Sta. Mª Magdalena (Arahal),1980 – 2026: AM Sta. Mª Magdalena (Arahal)
foro-2026-costalero_prado-carrera,Domingo de Ramos,HINIESTA,Paso Cristo,2021,AM Sta. Mª Magdalena (Arahal),1980 – 2026: AM Sta. Mª Magdalena (Arahal)
foro-2026-costalero_prado-carrera,Domingo de Ramos,HINIESTA,Paso Cristo,2022,AM Sta. Mª Magdalena (Arahal),1980 – 2026: AM Sta. Mª Magdalena (Arahal)
foro-2026-costalero_prado-carrera,Domingo de Ramos,HINIESTA,Paso Cristo,2023,AM Sta. Mª Magdalena (Arahal),1980 – 2026: AM Sta. Mª Magdalena (Arahal)
foro-2026-costalero_prado-carrera,Domingo de Ramos,HINIESTA,Paso Cristo,2024,AM Sta. Mª Magdalena (Arahal),1980 – 2026: AM Sta. Mª Magdalena (Arahal)
foro-2026-costalero_prado-carrera,Domingo de Ramos,HINIESTA,Paso Cristo,2025,AM Sta. Mª Magdalena (Arahal),1980 – 2026: AM Sta. Mª Magdalena (Arahal)
foro-2026-costalero_prado-carrera,Domingo de Ramos,HINIESTA,Paso Cristo,2026,AM Sta. Mª Magdalena (Arahal),1980 – 2026: AM Sta. Mª Magdalena (Arahal)
foro-2026-costalero_prado-carrera,Domingo de Ramos,HINIESTA,Paso Virgen,1980,B. Ntra. Sra. de la Hiniesta (Cruz Roja),1980 – 1983: B. Ntra. Sra. de la Hiniesta (Cruz Roja)
foro-2026-costalero_prado-carrera,Domingo de Ramos,HINIESTA,Paso Virgen,1981,B. Ntra. Sra. de la Hiniesta (Cruz Roja),1980 – 1983: B. Ntra. Sra. de la Hiniesta (Cruz Roja)
foro-2026-costalero_prado-carrera,Domingo de Ramos,HINIESTA,Paso Virgen,1982,B. Ntra. Sra. de la Hiniesta (Cruz Roja),1980 – 1983: B. Ntra. Sra. de la Hiniesta (Cruz Roja)
foro-2026-costalero_prado-carrera,Domingo de Ramos,HINIESTA,Paso Virgen,1983,B. Ntra. Sra. de la Hiniesta (Cruz Roja),1980 – 1983: B. Ntra. Sra. de la Hiniesta (Cruz Roja)
foro-2026-costalero_prado-carrera,Domingo de Ramos,HINIESTA,Paso Virgen,1984,B. de la Cruz Roja,1984 – 2005: B. de la Cruz Roja
foro-2026-costalero_prado-carrera,Domingo de Ramos,HINIESTA,Paso Virgen,1985,B. de la Cruz Roja,1984 – 2005: B. de la Cruz Roja
foro-2026-costalero_prado-carrera,Domingo de Ramos,HINIESTA,Paso Virgen,1986,B. de la Cruz Roja,1984 – 2005: B. de la Cruz Roja
foro-2026-costalero_prado-carrera,Domingo de Ramos,HINIESTA,Paso Virgen,1987,B. de la Cruz Roja,1984 – 2005: B. de la Cruz Roja
foro-2026-costalero_prado-carrera,Domingo de Ramos,HINIESTA,Paso Virgen,1988,B. de la Cruz Roja,1984 – 2005: B. de la Cruz Roja
foro-2026-costalero_prado-carrera,Domingo de Ramos,HINIESTA,Paso Virgen,1989,B. de la Cruz Roja,1984 – 2005: B. de la Cruz Roja
foro-2026-costalero_prado-carrera,Domingo de Ramos,HINIESTA,Paso Virgen,1990,B. de la Cruz Roja,1984 – 2005: B. de la Cruz Roja
foro-2026-costalero_prado-carrera,Domingo de Ramos,HINIESTA,Paso Virgen,1991,B. de la Cruz Roja,1984 – 2005: B. de la Cruz Roja
foro-2026-costalero_prado-carrera,Domingo de Ramos,HINIESTA,Paso Virgen,1992,B. de la Cruz Roja,1984 – 2005: B. de la Cruz Roja
foro-2026-costalero_prado-carrera,Domingo de Ramos,HINIESTA,Paso Virgen,1993,B. de la Cruz Roja,1984 – 2005: B. de la Cruz Roja
foro-2026-costalero_prado-carrera,Domingo de Ramos,HINIESTA,Paso Virgen,1994,B. de la Cruz Roja,1984 – 2005: B. de la Cruz Roja
foro-2026-costalero_prado-carrera,Domingo de Ramos,HINIESTA,Paso Virgen,1995,B. de la Cruz Roja,1984 – 2005: B. de la Cruz Roja
foro-2026-costalero_prado-carrera,Domingo de Ramos,HINIESTA,Paso Virgen,1996,B. de la Cruz Roja,1984 – 2005: B. de la Cruz Roja
foro-2026-costalero_prado-carrera,Domingo de Ramos,HINIESTA,Paso Virgen,1997,B. de la Cruz Roja,1984 – 2005: B. de la Cruz Roja
foro-2026-costalero_prado-carrera,Domingo de Ramos,HINIESTA,Paso Virgen,1998,B. de la Cruz Roja,1984 – 2005: B. de la Cruz Roja
foro-2026-costalero_prado-carrera,Domingo de Ramos,HINIESTA,Paso Virgen,1999,B. de la Cruz Roja,1984 – 2005: B. de la Cruz Roja
foro-2026-costalero_prado-carrera,Domingo de Ramos,HINIESTA,Paso Virgen,2000,B. de la Cruz Roja,1984 – 2005: B. de la Cruz Roja
foro-2026-costalero_prado-carrera,Domingo de Ramos,HINIESTA,Paso Virgen,2001,B. de la Cruz Roja,1984 – 2005: B. de la Cruz Roja
foro-2026-costalero_prado-carrera,Domingo de Ramos,HINIESTA,Paso Virgen,2002,B. de la Cruz Roja,1984 – 2005: B. de la Cruz Roja
foro-2026-costalero_prado-carrera,Domingo de Ramos,HINIESTA,Paso Virgen,2003,B. de la Cruz Roja,1984 – 2005: B. de la Cruz Roja
foro-2026-costalero_prado-carrera,Domingo de Ramos,HINIESTA,Paso Virgen,2004,B. de la Cruz Roja,1984 – 2005: B. de la Cruz Roja
foro-2026-costalero_prado-carrera,Domingo de Ramos,HINIESTA,Paso Virgen,2005,B. de la Cruz Roja,1984 – 2005: B. de la Cruz Roja
foro-2026-costalero_prado-carrera,Domingo de Ramos,HINIESTA,Paso Virgen,2006,BM Ntra. Sra. del Carmen de Salteras,2006 - 2018: BM Ntra. Sra. del Carmen de Salteras
foro-2026-costalero_prado-carrera,Domingo de Ramos,HINIESTA,Paso Virgen,2007,BM Ntra. Sra. del Carmen de Salteras,2006 - 2018: BM Ntra. Sra. del Carmen de Salteras
foro-2026-costalero_prado-carrera,Domingo de Ramos,HINIESTA,Paso Virgen,2008,BM Ntra. Sra. del Carmen de Salteras,2006 - 2018: BM Ntra. Sra. del Carmen de Salteras
foro-2026-costalero_prado-carrera,Domingo de Ramos,HINIESTA,Paso Virgen,2009,BM Ntra. Sra. del Carmen de Salteras,2006 - 2018: BM Ntra. Sra. del Carmen de Salteras
foro-2026-costalero_prado-carrera,Domingo de Ramos,HINIESTA,Paso Virgen,2010,BM Ntra. Sra. del Carmen de Salteras,2006 - 2018: BM Ntra. Sra. del Carmen de Salteras
foro-2026-costalero_prado-carrera,Domingo de Ramos,HINIESTA,Paso Virgen,2011,BM Ntra. Sra. del Carmen de Salteras,2006 - 2018: BM Ntra. Sra. del Carmen de Salteras
foro-2026-costalero_prado-carrera,Domingo de Ramos,HINIESTA,Paso Virgen,2012,BM Ntra. Sra. del Carmen de Salteras,2006 - 2018: BM Ntra. Sra. del Carmen de Salteras
foro-2026-costalero_prado-carrera,Domingo de Ramos,HINIESTA,Paso Virgen,2013,BM Ntra. Sra. del Carmen de Salteras,2006 - 2018: BM Ntra. Sra. del Carmen de Salteras
foro-2026-costalero_prado-carrera,Domingo de Ramos,HINIESTA,Paso Virgen,2014,BM Ntra. Sra. del Carmen de Salteras,2006 - 2018: BM Ntra. Sra. del Carmen de Salteras
foro-2026-costalero_prado-carrera,Domingo de Ramos,HINIESTA,Paso Virgen,2015,BM Ntra. Sra. del Carmen de Salteras,2006 - 2018: BM Ntra. Sra. del Carmen de Salteras
foro-2026-costalero_prado-carrera,Domingo de Ramos,HINIESTA,Paso Virgen,2016,BM Ntra. Sra. del Carmen de Salteras,2006 - 2018: BM Ntra. Sra. del Carmen de Salteras
foro-2026-costalero_prado-carrera,Domingo de Ramos,HINIESTA,Paso Virgen,2017,BM Ntra. Sra. del Carmen de Salteras,2006 - 2018: BM Ntra. Sra. del Carmen de Salteras
foro-2026-costalero_prado-carrera,Domingo de Ramos,HINIESTA,Paso Virgen,2018,BM Ntra. Sra. del Carmen de Salteras,2006 - 2018: BM Ntra. Sra. del Carmen de Salteras
foro-2026-costalero_prado-carrera,Domingo de Ramos,HINIESTA,Paso Virgen,2019,BM Mairena del Alcor,2019-2026: BM Mairena del Alcor
foro-2026-costalero_prado-carrera,Domingo de Ramos,HINIESTA,Paso Virgen,2020,BM Mairena del Alcor,2019-2026: BM Mairena del Alcor
foro-2026-costalero_prado-carrera,Domingo de Ramos,HINIESTA,Paso Virgen,2021,BM Mairena del Alcor,2019-2026: BM Mairena del Alcor
foro-2026-costalero_prado-carrera,Domingo de Ramos,HINIESTA,Paso Virgen,2022,BM Mairena del Alcor,2019-2026: BM Mairena del Alcor
foro-2026-costalero_prado-carrera,Domingo de Ramos,HINIESTA,Paso Virgen,2023,BM Mairena del Alcor,2019-2026: BM Mairena del Alcor
foro-2026-costalero_prado-carrera,Domingo de Ramos,HINIESTA,Paso Virgen,2024,BM Mairena del Alcor,2019-2026: BM Mairena del Alcor
foro-2026-costalero_prado-carrera,Domingo de Ramos,HINIESTA,Paso Virgen,2025,BM Mairena del Alcor,2019-2026: BM Mairena del Alcor
foro-2026-costalero_prado-carrera,Domingo de Ramos,HINIESTA,Paso Virgen,2026,BM Mairena del Alcor,2019-2026: BM Mairena del Alcor
foro-2026-costalero_prado-carrera,Domingo de Ramos,SAN ROQUE,Paso Cristo,1980,B. Centuria Macarena,1980 – 2014: B. Centuria Macarena
foro-2026-costalero_prado-carrera,Domingo de Ramos,SAN ROQUE,Paso Cristo,1981,B. Centuria Macarena,1980 – 2014: B. Centuria Macarena
foro-2026-costalero_prado-carrera,Domingo de Ramos,SAN ROQUE,Paso Cristo,1982,B. Centuria Macarena,1980 – 2014: B. Centuria Macarena
foro-2026-costalero_prado-carrera,Domingo de Ramos,SAN ROQUE,Paso Cristo,1983,B. Centuria Macarena,1980 – 2014: B. Centuria Macarena
foro-2026-costalero_prado-carrera,Domingo de Ramos,SAN ROQUE,Paso Cristo,1984,B. Centuria Macarena,1980 – 2014: B. Centuria Macarena
foro-2026-costalero_prado-carrera,Domingo de Ramos,SAN ROQUE,Paso Cristo,1985,B. Centuria Macarena,1980 – 2014: B. Centuria Macarena
foro-2026-costalero_prado-carrera,Domingo de Ramos,SAN ROQUE,Paso Cristo,1986,B. Centuria Macarena,1980 – 2014: B. Centuria Macarena
foro-2026-costalero_prado-carrera,Domingo de Ramos,SAN ROQUE,Paso Cristo,1987,B. Centuria Macarena,1980 – 2014: B. Centuria Macarena
foro-2026-costalero_prado-carrera,Domingo de Ramos,SAN ROQUE,Paso Cristo,1988,B. Centuria Macarena,1980 – 2014: B. Centuria Macarena
foro-2026-costalero_prado-carrera,Domingo de Ramos,SAN ROQUE,Paso Cristo,1989,B. Centuria Macarena,1980 – 2014: B. Centuria Macarena
foro-2026-costalero_prado-carrera,Domingo de Ramos,SAN ROQUE,Paso Cristo,1990,B. Centuria Macarena,1980 – 2014: B. Centuria Macarena
foro-2026-costalero_prado-carrera,Domingo de Ramos,SAN ROQUE,Paso Cristo,1991,B. Centuria Macarena,1980 – 2014: B. Centuria Macarena
foro-2026-costalero_prado-carrera,Domingo de Ramos,SAN ROQUE,Paso Cristo,1992,B. Centuria Macarena,1980 – 2014: B. Centuria Macarena
foro-2026-costalero_prado-carrera,Domingo de Ramos,SAN ROQUE,Paso Cristo,1993,B. Centuria Macarena,1980 – 2014: B. Centuria Macarena
foro-2026-costalero_prado-carrera,Domingo de Ramos,SAN ROQUE,Paso Cristo,1994,B. Centuria Macarena,1980 – 2014: B. Centuria Macarena
foro-2026-costalero_prado-carrera,Domingo de Ramos,SAN ROQUE,Paso Cristo,1995,B. Centuria Macarena,1980 – 2014: B. Centuria Macarena
foro-2026-costalero_prado-carrera,Domingo de Ramos,SAN ROQUE,Paso Cristo,1996,B. Centuria Macarena,1980 – 2014: B. Centuria Macarena
foro-2026-costalero_prado-carrera,Domingo de Ramos,SAN ROQUE,Paso Cristo,1997,B. Centuria Macarena,1980 – 2014: B. Centuria Macarena
foro-2026-costalero_prado-carrera,Domingo de Ramos,SAN ROQUE,Paso Cristo,1998,B. Centuria Macarena,1980 – 2014: B. Centuria Macarena
foro-2026-costalero_prado-carrera,Domingo de Ramos,SAN ROQUE,Paso Cristo,1999,B. Centuria Macarena,1980 – 2014: B. Centuria Macarena
foro-2026-costalero_prado-carrera,Domingo de Ramos,SAN ROQUE,Paso Cristo,2000,B. Centuria Macarena,1980 – 2014: B. Centuria Macarena
foro-2026-costalero_prado-carrera,Domingo de Ramos,SAN ROQUE,Paso Cristo,2001,B. Centuria Macarena,1980 – 2014: B. Centuria Macarena
foro-2026-costalero_prado-carrera,Domingo de Ramos,SAN ROQUE,Paso Cristo,2002,B. Centuria Macarena,1980 – 2014: B. Centuria Macarena
foro-2026-costalero_prado-carrera,Domingo de Ramos,SAN ROQUE,Paso Cristo,2003,B. Centuria Macarena,1980 – 2014: B. Centuria Macarena
foro-2026-costalero_prado-carrera,Domingo de Ramos,SAN ROQUE,Paso Cristo,2004,B. Centuria Macarena,1980 – 2014: B. Centuria Macarena
foro-2026-costalero_prado-carrera,Domingo de Ramos,SAN ROQUE,Paso Cristo,2005,B. Centuria Macarena,1980 – 2014: B. Centuria Macarena
foro-2026-costalero_prado-carrera,Domingo de Ramos,SAN ROQUE,Paso Cristo,2006,B. Centuria Macarena,1980 – 2014: B. Centuria Macarena
foro-2026-costalero_prado-carrera,Domingo de Ramos,SAN ROQUE,Paso Cristo,2007,B. Centuria Macarena,1980 – 2014: B. Centuria Macarena
foro-2026-costalero_prado-carrera,Domingo de Ramos,SAN ROQUE,Paso Cristo,2008,B. Centuria Macarena,1980 – 2014: B. Centuria Macarena
foro-2026-costalero_prado-carrera,Domingo de Ramos,SAN ROQUE,Paso Cristo,2009,B. Centuria Macarena,1980 – 2014: B. Centuria Macarena
foro-2026-costalero_prado-carrera,Domingo de Ramos,SAN ROQUE,Paso Cristo,2010,B. Centuria Macarena,1980 – 2014: B. Centuria Macarena
foro-2026-costalero_prado-carrera,Domingo de Ramos,SAN ROQUE,Paso Cristo,2011,B. Centuria Macarena,1980 – 2014: B. Centuria Macarena
foro-2026-costalero_prado-carrera,Domingo de Ramos,SAN ROQUE,Paso Cristo,2012,B. Centuria Macarena,1980 – 2014: B. Centuria Macarena
foro-2026-costalero_prado-carrera,Domingo de Ramos,SAN ROQUE,Paso Cristo,2013,B. Centuria Macarena,1980 – 2014: B. Centuria Macarena
foro-2026-costalero_prado-carrera,Domingo de Ramos,SAN ROQUE,Paso Cristo,2014,B. Centuria Macarena,1980 – 2014: B. Centuria Macarena
foro-2026-costalero_prado-carrera,Domingo de Ramos,SAN ROQUE,Paso Cristo,2015,CyT Esencia,2015-2023: CyT Esencia
foro-2026-costalero_prado-carrera,Domingo de Ramos,SAN ROQUE,Paso Cristo,2016,CyT Esencia,2015-2023: CyT Esencia
foro-2026-costalero_prado-carrera,Domingo de Ramos,SAN ROQUE,Paso Cristo,2017,CyT Esencia,2015-2023: CyT Esencia
foro-2026-costalero_prado-carrera,Domingo de Ramos,SAN ROQUE,Paso Cristo,2018,CyT Esencia,2015-2023: CyT Esencia
foro-2026-costalero_prado-carrera,Domingo de Ramos,SAN ROQUE,Paso Cristo,2019,CyT Esencia,2015-2023: CyT Esencia
foro-2026-costalero_prado-carrera,Domingo de Ramos,SAN ROQUE,Paso Cristo,2020,CyT Esencia,2015-2023: CyT Esencia
foro-2026-costalero_prado-carrera,Domingo de Ramos,SAN ROQUE,Paso Cristo,2021,CyT Esencia,2015-2023: CyT Esencia
foro-2026-costalero_prado-carrera,Domingo de Ramos,SAN ROQUE,Paso Cristo,2022,CyT Esencia,2015-2023: CyT Esencia
foro-2026-costalero_prado-carrera,Domingo de Ramos,SAN ROQUE,Paso Cristo,2023,CyT Esencia,2015-2023: CyT Esencia
foro-2026-costalero_prado-carrera,Domingo de Ramos,SAN ROQUE,Paso Cristo,2024,CyT Nazareno de Huelva,2024-2026: CyT Nazareno de Huelva
foro-2026-costalero_prado-carrera,Domingo de Ramos,SAN ROQUE,Paso Cristo,2025,CyT Nazareno de Huelva,2024-2026: CyT Nazareno de Huelva
foro-2026-costalero_prado-carrera,Domingo de Ramos,SAN ROQUE,Paso Cristo,2026,CyT Nazareno de Huelva,2024-2026: CyT Nazareno de Huelva
foro-2026-costalero_prado-carrera,Domingo de Ramos,SAN ROQUE,Paso Virgen,1980,A. Musical de Guillena,1980 – 1987: A. Musical de Guillena
foro-2026-costalero_prado-carrera,Domingo de Ramos,SAN ROQUE,Paso Virgen,1981,A. Musical de Guillena,1980 – 1987: A. Musical de Guillena
foro-2026-costalero_prado-carrera,Domingo de Ramos,SAN ROQUE,Paso Virgen,1982,A. Musical de Guillena,1980 – 1987: A. Musical de Guillena
foro-2026-costalero_prado-carrera,Domingo de Ramos,SAN ROQUE,Paso Virgen,1983,A. Musical de Guillena,1980 – 1987: A. Musical de Guillena
foro-2026-costalero_prado-carrera,Domingo de Ramos,SAN ROQUE,Paso Virgen,1984,A. Musical de Guillena,1980 – 1987: A. Musical de Guillena
foro-2026-costalero_prado-carrera,Domingo de Ramos,SAN ROQUE,Paso Virgen,1985,A. Musical de Guillena,1980 – 1987: A. Musical de Guillena
foro-2026-costalero_prado-carrera,Domingo de Ramos,SAN ROQUE,Paso Virgen,1986,A. Musical de Guillena,1980 – 1987: A. Musical de Guillena
foro-2026-costalero_prado-carrera,Domingo de Ramos,SAN ROQUE,Paso Virgen,1987,A. Musical de Guillena,1980 – 1987: A. Musical de Guillena
foro-2026-costalero_prado-carrera,Domingo de Ramos,SAN ROQUE,Paso Virgen,1988,B. de la Esperanza de Triana,1988: B. de la Esperanza de Triana
foro-2026-costalero_prado-carrera,Domingo de Ramos,SAN ROQUE,Paso Virgen,1989,A. Musical de Carrión de los Céspedes,1989: A. Musical de Carrión de los Céspedes
foro-2026-costalero_prado-carrera,Domingo de Ramos,SAN ROQUE,Paso Virgen,1990,A. Musical de Guillena,1990 – 1992: A. Musical de Guillena
foro-2026-costalero_prado-carrera,Domingo de Ramos,SAN ROQUE,Paso Virgen,1991,A. Musical de Guillena,1990 – 1992: A. Musical de Guillena
foro-2026-costalero_prado-carrera,Domingo de Ramos,SAN ROQUE,Paso Virgen,1992,A. Musical de Guillena,1990 – 1992: A. Musical de Guillena
foro-2026-costalero_prado-carrera,Domingo de Ramos,SAN ROQUE,Paso Virgen,1993,BM Ntra Sra de Las Nieves de Olivares,1993 – 2015: BM Ntra Sra de Las Nieves de Olivares
foro-2026-costalero_prado-carrera,Domingo de Ramos,SAN ROQUE,Paso Virgen,1994,BM Ntra Sra de Las Nieves de Olivares,1993 – 2015: BM Ntra Sra de Las Nieves de Olivares
foro-2026-costalero_prado-carrera,Domingo de Ramos,SAN ROQUE,Paso Virgen,1995,BM Ntra Sra de Las Nieves de Olivares,1993 – 2015: BM Ntra Sra de Las Nieves de Olivares
foro-2026-costalero_prado-carrera,Domingo de Ramos,SAN ROQUE,Paso Virgen,1996,BM Ntra Sra de Las Nieves de Olivares,1993 – 2015: BM Ntra Sra de Las Nieves de Olivares
foro-2026-costalero_prado-carrera,Domingo de Ramos,SAN ROQUE,Paso Virgen,1997,BM Ntra Sra de Las Nieves de Olivares,1993 – 2015: BM Ntra Sra de Las Nieves de Olivares
foro-2026-costalero_prado-carrera,Domingo de Ramos,SAN ROQUE,Paso Virgen,1998,BM Ntra Sra de Las Nieves de Olivares,1993 – 2015: BM Ntra Sra de Las Nieves de Olivares
foro-2026-costalero_prado-carrera,Domingo de Ramos,SAN ROQUE,Paso Virgen,1999,BM Ntra Sra de Las Nieves de Olivares,1993 – 2015: BM Ntra Sra de Las Nieves de Olivares
foro-2026-costalero_prado-carrera,Domingo de Ramos,SAN ROQUE,Paso Virgen,2000,BM Ntra Sra de Las Nieves de Olivares,1993 – 2015: BM Ntra Sra de Las Nieves de Olivares
foro-2026-costalero_prado-carrera,Domingo de Ramos,SAN ROQUE,Paso Virgen,2001,BM Ntra Sra de Las Nieves de Olivares,1993 – 2015: BM Ntra Sra de Las Nieves de Olivares
foro-2026-costalero_prado-carrera,Domingo de Ramos,SAN ROQUE,Paso Virgen,2002,BM Ntra Sra de Las Nieves de Olivares,1993 – 2015: BM Ntra Sra de Las Nieves de Olivares
foro-2026-costalero_prado-carrera,Domingo de Ramos,SAN ROQUE,Paso Virgen,2003,BM Ntra Sra de Las Nieves de Olivares,1993 – 2015: BM Ntra Sra de Las Nieves de Olivares
foro-2026-costalero_prado-carrera,Domingo de Ramos,SAN ROQUE,Paso Virgen,2004,BM Ntra Sra de Las Nieves de Olivares,1993 – 2015: BM Ntra Sra de Las Nieves de Olivares
foro-2026-costalero_prado-carrera,Domingo de Ramos,SAN ROQUE,Paso Virgen,2005,BM Ntra Sra de Las Nieves de Olivares,1993 – 2015: BM Ntra Sra de Las Nieves de Olivares
foro-2026-costalero_prado-carrera,Domingo de Ramos,SAN ROQUE,Paso Virgen,2006,BM Ntra Sra de Las Nieves de Olivares,1993 – 2015: BM Ntra Sra de Las Nieves de Olivares
foro-2026-costalero_prado-carrera,Domingo de Ramos,SAN ROQUE,Paso Virgen,2007,BM Ntra Sra de Las Nieves de Olivares,1993 – 2015: BM Ntra Sra de Las Nieves de Olivares
foro-2026-costalero_prado-carrera,Domingo de Ramos,SAN ROQUE,Paso Virgen,2008,BM Ntra Sra de Las Nieves de Olivares,1993 – 2015: BM Ntra Sra de Las Nieves de Olivares
foro-2026-costalero_prado-carrera,Domingo de Ramos,SAN ROQUE,Paso Virgen,2009,BM Ntra Sra de Las Nieves de Olivares,1993 – 2015: BM Ntra Sra de Las Nieves de Olivares
foro-2026-costalero_prado-carrera,Domingo de Ramos,SAN ROQUE,Paso Virgen,2010,BM Ntra Sra de Las Nieves de Olivares,1993 – 2015: BM Ntra Sra de Las Nieves de Olivares
foro-2026-costalero_prado-carrera,Domingo de Ramos,SAN ROQUE,Paso Virgen,2011,BM Ntra Sra de Las Nieves de Olivares,1993 – 2015: BM Ntra Sra de Las Nieves de Olivares
foro-2026-costalero_prado-carrera,Domingo de Ramos,SAN ROQUE,Paso Virgen,2012,BM Ntra Sra de Las Nieves de Olivares,1993 – 2015: BM Ntra Sra de Las Nieves de Olivares
foro-2026-costalero_prado-carrera,Domingo de Ramos,SAN ROQUE,Paso Virgen,2013,BM Ntra Sra de Las Nieves de Olivares,1993 – 2015: BM Ntra Sra de Las Nieves de Olivares
foro-2026-costalero_prado-carrera,Domingo de Ramos,SAN ROQUE,Paso Virgen,2014,BM Ntra Sra de Las Nieves de Olivares,1993 – 2015: BM Ntra Sra de Las Nieves de Olivares
foro-2026-costalero_prado-carrera,Domingo de Ramos,SAN ROQUE,Paso Virgen,2015,BM Ntra Sra de Las Nieves de Olivares,1993 – 2015: BM Ntra Sra de Las Nieves de Olivares
foro-2026-costalero_prado-carrera,Domingo de Ramos,SAN ROQUE,Paso Virgen,2016,BM Cruz Roja Sevilla,2016-2026: BM Cruz Roja Sevilla
foro-2026-costalero_prado-carrera,Domingo de Ramos,SAN ROQUE,Paso Virgen,2017,BM Cruz Roja Sevilla,2016-2026: BM Cruz Roja Sevilla
foro-2026-costalero_prado-carrera,Domingo de Ramos,SAN ROQUE,Paso Virgen,2018,BM Cruz Roja Sevilla,2016-2026: BM Cruz Roja Sevilla
foro-2026-costalero_prado-carrera,Domingo de Ramos,SAN ROQUE,Paso Virgen,2019,BM Cruz Roja Sevilla,2016-2026: BM Cruz Roja Sevilla
foro-2026-costalero_prado-carrera,Domingo de Ramos,SAN ROQUE,Paso Virgen,2020,BM Cruz Roja Sevilla,2016-2026: BM Cruz Roja Sevilla
foro-2026-costalero_prado-carrera,Domingo de Ramos,SAN ROQUE,Paso Virgen,2021,BM Cruz Roja Sevilla,2016-2026: BM Cruz Roja Sevilla
foro-2026-costalero_prado-carrera,Domingo de Ramos,SAN ROQUE,Paso Virgen,2022,BM Cruz Roja Sevilla,2016-2026: BM Cruz Roja Sevilla
foro-2026-costalero_prado-carrera,Domingo de Ramos,SAN ROQUE,Paso Virgen,2023,BM Cruz Roja Sevilla,2016-2026: BM Cruz Roja Sevilla
foro-2026-costalero_prado-carrera,Domingo de Ramos,SAN ROQUE,Paso Virgen,2024,BM Cruz Roja Sevilla,2016-2026: BM Cruz Roja Sevilla
foro-2026-costalero_prado-carrera,Domingo de Ramos,SAN ROQUE,Paso Virgen,2025,BM Cruz Roja Sevilla,2016-2026: BM Cruz Roja Sevilla
foro-2026-costalero_prado-carrera,Domingo de Ramos,SAN ROQUE,Paso Virgen,2026,BM Cruz Roja Sevilla,2016-2026: BM Cruz Roja Sevilla
foro-2026-costalero_prado-carrera,Domingo de Ramos,ESTRELLA,Paso Cristo,1980,B. Santo Domingo Sabio de Alcalá de Gra.,1980 – 1984: B. Santo Domingo Sabio de Alcalá de Gra.
foro-2026-costalero_prado-carrera,Domingo de Ramos,ESTRELLA,Paso Cristo,1981,B. Santo Domingo Sabio de Alcalá de Gra.,1980 – 1984: B. Santo Domingo Sabio de Alcalá de Gra.
foro-2026-costalero_prado-carrera,Domingo de Ramos,ESTRELLA,Paso Cristo,1982,B. Santo Domingo Sabio de Alcalá de Gra.,1980 – 1984: B. Santo Domingo Sabio de Alcalá de Gra.
foro-2026-costalero_prado-carrera,Domingo de Ramos,ESTRELLA,Paso Cristo,1983,B. Santo Domingo Sabio de Alcalá de Gra.,1980 – 1984: B. Santo Domingo Sabio de Alcalá de Gra.
foro-2026-costalero_prado-carrera,Domingo de Ramos,ESTRELLA,Paso Cristo,1984,B. Santo Domingo Sabio de Alcalá de Gra.,1980 – 1984: B. Santo Domingo Sabio de Alcalá de Gra.
foro-2026-costalero_prado-carrera,Domingo de Ramos,ESTRELLA,Paso Cristo,1985,B. de San Juan de Aznalfarache,1985: B. de San Juan de Aznalfarache
foro-2026-costalero_prado-carrera,Domingo de Ramos,ESTRELLA,Paso Cristo,1986,B. Ntro. Padre Jesús de los Remedios de Castilleja de la Cuesta,1986 – 1990: B. Ntro. Padre Jesús de los Remedios de Castilleja de la Cuesta
foro-2026-costalero_prado-carrera,Domingo de Ramos,ESTRELLA,Paso Cristo,1987,B. Ntro. Padre Jesús de los Remedios de Castilleja de la Cuesta,1986 – 1990: B. Ntro. Padre Jesús de los Remedios de Castilleja de la Cuesta
foro-2026-costalero_prado-carrera,Domingo de Ramos,ESTRELLA,Paso Cristo,1988,B. Ntro. Padre Jesús de los Remedios de Castilleja de la Cuesta,1986 – 1990: B. Ntro. Padre Jesús de los Remedios de Castilleja de la Cuesta
foro-2026-costalero_prado-carrera,Domingo de Ramos,ESTRELLA,Paso Cristo,1989,B. Ntro. Padre Jesús de los Remedios de Castilleja de la Cuesta,1986 – 1990: B. Ntro. Padre Jesús de los Remedios de Castilleja de la Cuesta
foro-2026-costalero_prado-carrera,Domingo de Ramos,ESTRELLA,Paso Cristo,1990,B. Ntro. Padre Jesús de los Remedios de Castilleja de la Cuesta,1986 – 1990: B. Ntro. Padre Jesús de los Remedios de Castilleja de la Cuesta
foro-2026-costalero_prado-carrera,Domingo de Ramos,ESTRELLA,Paso Cristo,1991,CyT Presentación al Pueblo de Dos Hermanas,1991 – 2023: CyT Presentación al Pueblo de Dos Hermanas
foro-2026-costalero_prado-carrera,Domingo de Ramos,ESTRELLA,Paso Cristo,1992,CyT Presentación al Pueblo de Dos Hermanas,1991 – 2023: CyT Presentación al Pueblo de Dos Hermanas
foro-2026-costalero_prado-carrera,Domingo de Ramos,ESTRELLA,Paso Cristo,1993,CyT Presentación al Pueblo de Dos Hermanas,1991 – 2023: CyT Presentación al Pueblo de Dos Hermanas
foro-2026-costalero_prado-carrera,Domingo de Ramos,ESTRELLA,Paso Cristo,1994,CyT Presentación al Pueblo de Dos Hermanas,1991 – 2023: CyT Presentación al Pueblo de Dos Hermanas
foro-2026-costalero_prado-carrera,Domingo de Ramos,ESTRELLA,Paso Cristo,1995,CyT Presentación al Pueblo de Dos Hermanas,1991 – 2023: CyT Presentación al Pueblo de Dos Hermanas
foro-2026-costalero_prado-carrera,Domingo de Ramos,ESTRELLA,Paso Cristo,1996,CyT Presentación al Pueblo de Dos Hermanas,1991 – 2023: CyT Presentación al Pueblo de Dos Hermanas
foro-2026-costalero_prado-carrera,Domingo de Ramos,ESTRELLA,Paso Cristo,1997,CyT Presentación al Pueblo de Dos Hermanas,1991 – 2023: CyT Presentación al Pueblo de Dos Hermanas
foro-2026-costalero_prado-carrera,Domingo de Ramos,ESTRELLA,Paso Cristo,1998,CyT Presentación al Pueblo de Dos Hermanas,1991 – 2023: CyT Presentación al Pueblo de Dos Hermanas
foro-2026-costalero_prado-carrera,Domingo de Ramos,ESTRELLA,Paso Cristo,1999,CyT Presentación al Pueblo de Dos Hermanas,1991 – 2023: CyT Presentación al Pueblo de Dos Hermanas
foro-2026-costalero_prado-carrera,Domingo de Ramos,ESTRELLA,Paso Cristo,2000,CyT Presentación al Pueblo de Dos Hermanas,1991 – 2023: CyT Presentación al Pueblo de Dos Hermanas
foro-2026-costalero_prado-carrera,Domingo de Ramos,ESTRELLA,Paso Cristo,2001,CyT Presentación al Pueblo de Dos Hermanas,1991 – 2023: CyT Presentación al Pueblo de Dos Hermanas
foro-2026-costalero_prado-carrera,Domingo de Ramos,ESTRELLA,Paso Cristo,2002,CyT Presentación al Pueblo de Dos Hermanas,1991 – 2023: CyT Presentación al Pueblo de Dos Hermanas
foro-2026-costalero_prado-carrera,Domingo de Ramos,ESTRELLA,Paso Cristo,2003,CyT Presentación al Pueblo de Dos Hermanas,1991 – 2023: CyT Presentación al Pueblo de Dos Hermanas
foro-2026-costalero_prado-carrera,Domingo de Ramos,ESTRELLA,Paso Cristo,2004,CyT Presentación al Pueblo de Dos Hermanas,1991 – 2023: CyT Presentación al Pueblo de Dos Hermanas
foro-2026-costalero_prado-carrera,Domingo de Ramos,ESTRELLA,Paso Cristo,2005,CyT Presentación al Pueblo de Dos Hermanas,1991 – 2023: CyT Presentación al Pueblo de Dos Hermanas
foro-2026-costalero_prado-carrera,Domingo de Ramos,ESTRELLA,Paso Cristo,2006,CyT Presentación al Pueblo de Dos Hermanas,1991 – 2023: CyT Presentación al Pueblo de Dos Hermanas
foro-2026-costalero_prado-carrera,Domingo de Ramos,ESTRELLA,Paso Cristo,2007,CyT Presentación al Pueblo de Dos Hermanas,1991 – 2023: CyT Presentación al Pueblo de Dos Hermanas
foro-2026-costalero_prado-carrera,Domingo de Ramos,ESTRELLA,Paso Cristo,2008,CyT Presentación al Pueblo de Dos Hermanas,1991 – 2023: CyT Presentación al Pueblo de Dos Hermanas
foro-2026-costalero_prado-carrera,Domingo de Ramos,ESTRELLA,Paso Cristo,2009,CyT Presentación al Pueblo de Dos Hermanas,1991 – 2023: CyT Presentación al Pueblo de Dos Hermanas
foro-2026-costalero_prado-carrera,Domingo de Ramos,ESTRELLA,Paso Cristo,2010,CyT Presentación al Pueblo de Dos Hermanas,1991 – 2023: CyT Presentación al Pueblo de Dos Hermanas
foro-2026-costalero_prado-carrera,Domingo de Ramos,ESTRELLA,Paso Cristo,2011,CyT Presentación al Pueblo de Dos Hermanas,1991 – 2023: CyT Presentación al Pueblo de Dos Hermanas
foro-2026-costalero_prado-carrera,Domingo de Ramos,ESTRELLA,Paso Cristo,2012,CyT Presentación al Pueblo de Dos Hermanas,1991 – 2023: CyT Presentación al Pueblo de Dos Hermanas
foro-2026-costalero_prado-carrera,Domingo de Ramos,ESTRELLA,Paso Cristo,2013,CyT Presentación al Pueblo de Dos Hermanas,1991 – 2023: CyT Presentación al Pueblo de Dos Hermanas
foro-2026-costalero_prado-carrera,Domingo de Ramos,ESTRELLA,Paso Cristo,2014,CyT Presentación al Pueblo de Dos Hermanas,1991 – 2023: CyT Presentación al Pueblo de Dos Hermanas
foro-2026-costalero_prado-carrera,Domingo de Ramos,ESTRELLA,Paso Cristo,2015,CyT Presentación al Pueblo de Dos Hermanas,1991 – 2023: CyT Presentación al Pueblo de Dos Hermanas
foro-2026-costalero_prado-carrera,Domingo de Ramos,ESTRELLA,Paso Cristo,2016,CyT Presentación al Pueblo de Dos Hermanas,1991 – 2023: CyT Presentación al Pueblo de Dos Hermanas
foro-2026-costalero_prado-carrera,Domingo de Ramos,ESTRELLA,Paso Cristo,2017,CyT Presentación al Pueblo de Dos Hermanas,1991 – 2023: CyT Presentación al Pueblo de Dos Hermanas
foro-2026-costalero_prado-carrera,Domingo de Ramos,ESTRELLA,Paso Cristo,2018,CyT Presentación al Pueblo de Dos Hermanas,1991 – 2023: CyT Presentación al Pueblo de Dos Hermanas
foro-2026-costalero_prado-carrera,Domingo de Ramos,ESTRELLA,Paso Cristo,2019,CyT Presentación al Pueblo de Dos Hermanas,1991 – 2023: CyT Presentación al Pueblo de Dos Hermanas
foro-2026-costalero_prado-carrera,Domingo de Ramos,ESTRELLA,Paso Cristo,2020,CyT Presentación al Pueblo de Dos Hermanas,1991 – 2023: CyT Presentación al Pueblo de Dos Hermanas
foro-2026-costalero_prado-carrera,Domingo de Ramos,ESTRELLA,Paso Cristo,2021,CyT Presentación al Pueblo de Dos Hermanas,1991 – 2023: CyT Presentación al Pueblo de Dos Hermanas
foro-2026-costalero_prado-carrera,Domingo de Ramos,ESTRELLA,Paso Cristo,2022,CyT Presentación al Pueblo de Dos Hermanas,1991 – 2023: CyT Presentación al Pueblo de Dos Hermanas
foro-2026-costalero_prado-carrera,Domingo de Ramos,ESTRELLA,Paso Cristo,2023,CyT Presentación al Pueblo de Dos Hermanas,1991 – 2023: CyT Presentación al Pueblo de Dos Hermanas
foro-2026-costalero_prado-carrera,Domingo de Ramos,ESTRELLA,Paso Cristo,2024,CyT Rosario de Cádiz,2024-2026: CyT Rosario de Cádiz
foro-2026-costalero_prado-carrera,Domingo de Ramos,ESTRELLA,Paso Cristo,2025,CyT Rosario de Cádiz,2024-2026: CyT Rosario de Cádiz
foro-2026-costalero_prado-carrera,Domingo de Ramos,ESTRELLA,Paso Cristo,2026,CyT Rosario de Cádiz,2024-2026: CyT Rosario de Cádiz
foro-2026-costalero_prado-carrera,Domingo de Ramos,ESTRELLA,Paso Virgen,1980,B. de Santa María del Viso del Alcor,1980: B. de Santa María del Viso del Alcor
foro-2026-costalero_prado-carrera,Domingo de Ramos,ESTRELLA,Paso Virgen,1981,Soc. F. Ntra. Sra. de la Oliva de Salteras,1981 – 2026: Soc. F. Ntra. Sra. de la Oliva de Salteras
foro-2026-costalero_prado-carrera,Domingo de Ramos,ESTRELLA,Paso Virgen,1982,Soc. F. Ntra. Sra. de la Oliva de Salteras,1981 – 2026: Soc. F. Ntra. Sra. de la Oliva de Salteras
foro-2026-costalero_prado-carrera,Domingo de Ramos,ESTRELLA,Paso Virgen,1983,Soc. F. Ntra. Sra. de la Oliva de Salteras,1981 – 2026: Soc. F. Ntra. Sra. de la Oliva de Salteras
foro-2026-costalero_prado-carrera,Domingo de Ramos,ESTRELLA,Paso Virgen,1984,Soc. F. Ntra. Sra. de la Oliva de Salteras,1981 – 2026: Soc. F. Ntra. Sra. de la Oliva de Salteras
foro-2026-costalero_prado-carrera,Domingo de Ramos,ESTRELLA,Paso Virgen,1985,Soc. F. Ntra. Sra. de la Oliva de Salteras,1981 – 2026: Soc. F. Ntra. Sra. de la Oliva de Salteras
foro-2026-costalero_prado-carrera,Domingo de Ramos,ESTRELLA,Paso Virgen,1986,Soc. F. Ntra. Sra. de la Oliva de Salteras,1981 – 2026: Soc. F. Ntra. Sra. de la Oliva de Salteras
foro-2026-costalero_prado-carrera,Domingo de Ramos,ESTRELLA,Paso Virgen,1987,Soc. F. Ntra. Sra. de la Oliva de Salteras,1981 – 2026: Soc. F. Ntra. Sra. de la Oliva de Salteras
foro-2026-costalero_prado-carrera,Domingo de Ramos,ESTRELLA,Paso Virgen,1988,Soc. F. Ntra. Sra. de la Oliva de Salteras,1981 – 2026: Soc. F. Ntra. Sra. de la Oliva de Salteras
foro-2026-costalero_prado-carrera,Domingo de Ramos,ESTRELLA,Paso Virgen,1989,Soc. F. Ntra. Sra. de la Oliva de Salteras,1981 – 2026: Soc. F. Ntra. Sra. de la Oliva de Salteras
foro-2026-costalero_prado-carrera,Domingo de Ramos,ESTRELLA,Paso Virgen,1990,Soc. F. Ntra. Sra. de la Oliva de Salteras,1981 – 2026: Soc. F. Ntra. Sra. de la Oliva de Salteras
foro-2026-costalero_prado-carrera,Domingo de Ramos,ESTRELLA,Paso Virgen,1991,Soc. F. Ntra. Sra. de la Oliva de Salteras,1981 – 2026: Soc. F. Ntra. Sra. de la Oliva de Salteras
foro-2026-costalero_prado-carrera,Domingo de Ramos,ESTRELLA,Paso Virgen,1992,Soc. F. Ntra. Sra. de la Oliva de Salteras,1981 – 2026: Soc. F. Ntra. Sra. de la Oliva de Salteras
foro-2026-costalero_prado-carrera,Domingo de Ramos,ESTRELLA,Paso Virgen,1993,Soc. F. Ntra. Sra. de la Oliva de Salteras,1981 – 2026: Soc. F. Ntra. Sra. de la Oliva de Salteras
foro-2026-costalero_prado-carrera,Domingo de Ramos,ESTRELLA,Paso Virgen,1994,Soc. F. Ntra. Sra. de la Oliva de Salteras,1981 – 2026: Soc. F. Ntra. Sra. de la Oliva de Salteras
foro-2026-costalero_prado-carrera,Domingo de Ramos,ESTRELLA,Paso Virgen,1995,Soc. F. Ntra. Sra. de la Oliva de Salteras,1981 – 2026: Soc. F. Ntra. Sra. de la Oliva de Salteras
foro-2026-costalero_prado-carrera,Domingo de Ramos,ESTRELLA,Paso Virgen,1996,Soc. F. Ntra. Sra. de la Oliva de Salteras,1981 – 2026: Soc. F. Ntra. Sra. de la Oliva de Salteras
foro-2026-costalero_prado-carrera,Domingo de Ramos,ESTRELLA,Paso Virgen,1997,Soc. F. Ntra. Sra. de la Oliva de Salteras,1981 – 2026: Soc. F. Ntra. Sra. de la Oliva de Salteras
foro-2026-costalero_prado-carrera,Domingo de Ramos,ESTRELLA,Paso Virgen,1998,Soc. F. Ntra. Sra. de la Oliva de Salteras,1981 – 2026: Soc. F. Ntra. Sra. de la Oliva de Salteras
foro-2026-costalero_prado-carrera,Domingo de Ramos,ESTRELLA,Paso Virgen,1999,Soc. F. Ntra. Sra. de la Oliva de Salteras,1981 – 2026: Soc. F. Ntra. Sra. de la Oliva de Salteras
foro-2026-costalero_prado-carrera,Domingo de Ramos,ESTRELLA,Paso Virgen,2000,Soc. F. Ntra. Sra. de la Oliva de Salteras,1981 – 2026: Soc. F. Ntra. Sra. de la Oliva de Salteras
foro-2026-costalero_prado-carrera,Domingo de Ramos,ESTRELLA,Paso Virgen,2001,Soc. F. Ntra. Sra. de la Oliva de Salteras,1981 – 2026: Soc. F. Ntra. Sra. de la Oliva de Salteras
foro-2026-costalero_prado-carrera,Domingo de Ramos,ESTRELLA,Paso Virgen,2002,Soc. F. Ntra. Sra. de la Oliva de Salteras,1981 – 2026: Soc. F. Ntra. Sra. de la Oliva de Salteras
foro-2026-costalero_prado-carrera,Domingo de Ramos,ESTRELLA,Paso Virgen,2003,Soc. F. Ntra. Sra. de la Oliva de Salteras,1981 – 2026: Soc. F. Ntra. Sra. de la Oliva de Salteras
foro-2026-costalero_prado-carrera,Domingo de Ramos,ESTRELLA,Paso Virgen,2004,Soc. F. Ntra. Sra. de la Oliva de Salteras,1981 – 2026: Soc. F. Ntra. Sra. de la Oliva de Salteras
foro-2026-costalero_prado-carrera,Domingo de Ramos,ESTRELLA,Paso Virgen,2005,Soc. F. Ntra. Sra. de la Oliva de Salteras,1981 – 2026: Soc. F. Ntra. Sra. de la Oliva de Salteras
foro-2026-costalero_prado-carrera,Domingo de Ramos,ESTRELLA,Paso Virgen,2006,Soc. F. Ntra. Sra. de la Oliva de Salteras,1981 – 2026: Soc. F. Ntra. Sra. de la Oliva de Salteras
foro-2026-costalero_prado-carrera,Domingo de Ramos,ESTRELLA,Paso Virgen,2007,Soc. F. Ntra. Sra. de la Oliva de Salteras,1981 – 2026: Soc. F. Ntra. Sra. de la Oliva de Salteras
foro-2026-costalero_prado-carrera,Domingo de Ramos,ESTRELLA,Paso Virgen,2008,Soc. F. Ntra. Sra. de la Oliva de Salteras,1981 – 2026: Soc. F. Ntra. Sra. de la Oliva de Salteras
foro-2026-costalero_prado-carrera,Domingo de Ramos,ESTRELLA,Paso Virgen,2009,Soc. F. Ntra. Sra. de la Oliva de Salteras,1981 – 2026: Soc. F. Ntra. Sra. de la Oliva de Salteras
foro-2026-costalero_prado-carrera,Domingo de Ramos,ESTRELLA,Paso Virgen,2010,Soc. F. Ntra. Sra. de la Oliva de Salteras,1981 – 2026: Soc. F. Ntra. Sra. de la Oliva de Salteras
foro-2026-costalero_prado-carrera,Domingo de Ramos,ESTRELLA,Paso Virgen,2011,Soc. F. Ntra. Sra. de la Oliva de Salteras,1981 – 2026: Soc. F. Ntra. Sra. de la Oliva de Salteras
foro-2026-costalero_prado-carrera,Domingo de Ramos,ESTRELLA,Paso Virgen,2012,Soc. F. Ntra. Sra. de la Oliva de Salteras,1981 – 2026: Soc. F. Ntra. Sra. de la Oliva de Salteras
foro-2026-costalero_prado-carrera,Domingo de Ramos,ESTRELLA,Paso Virgen,2013,Soc. F. Ntra. Sra. de la Oliva de Salteras,1981 – 2026: Soc. F. Ntra. Sra. de la Oliva de Salteras
foro-2026-costalero_prado-carrera,Domingo de Ramos,ESTRELLA,Paso Virgen,2014,Soc. F. Ntra. Sra. de la Oliva de Salteras,1981 – 2026: Soc. F. Ntra. Sra. de la Oliva de Salteras
foro-2026-costalero_prado-carrera,Domingo de Ramos,ESTRELLA,Paso Virgen,2015,Soc. F. Ntra. Sra. de la Oliva de Salteras,1981 – 2026: Soc. F. Ntra. Sra. de la Oliva de Salteras
foro-2026-costalero_prado-carrera,Domingo de Ramos,ESTRELLA,Paso Virgen,2016,Soc. F. Ntra. Sra. de la Oliva de Salteras,1981 – 2026: Soc. F. Ntra. Sra. de la Oliva de Salteras
foro-2026-costalero_prado-carrera,Domingo de Ramos,ESTRELLA,Paso Virgen,2017,Soc. F. Ntra. Sra. de la Oliva de Salteras,1981 – 2026: Soc. F. Ntra. Sra. de la Oliva de Salteras
foro-2026-costalero_prado-carrera,Domingo de Ramos,ESTRELLA,Paso Virgen,2018,Soc. F. Ntra. Sra. de la Oliva de Salteras,1981 – 2026: Soc. F. Ntra. Sra. de la Oliva de Salteras
foro-2026-costalero_prado-carrera,Domingo de Ramos,ESTRELLA,Paso Virgen,2019,Soc. F. Ntra. Sra. de la Oliva de Salteras,1981 – 2026: Soc. F. Ntra. Sra. de la Oliva de Salteras
foro-2026-costalero_prado-carrera,Domingo de Ramos,ESTRELLA,Paso Virgen,2020,Soc. F. Ntra. Sra. de la Oliva de Salteras,1981 – 2026: Soc. F. Ntra. Sra. de la Oliva de Salteras
foro-2026-costalero_prado-carrera,Domingo de Ramos,ESTRELLA,Paso Virgen,2021,Soc. F. Ntra. Sra. de la Oliva de Salteras,1981 – 2026: Soc. F. Ntra. Sra. de la Oliva de Salteras
foro-2026-costalero_prado-carrera,Domingo de Ramos,ESTRELLA,Paso Virgen,2022,Soc. F. Ntra. Sra. de la Oliva de Salteras,1981 – 2026: Soc. F. Ntra. Sra. de la Oliva de Salteras
foro-2026-costalero_prado-carrera,Domingo de Ramos,ESTRELLA,Paso Virgen,2023,Soc. F. Ntra. Sra. de la Oliva de Salteras,1981 – 2026: Soc. F. Ntra. Sra. de la Oliva de Salteras
foro-2026-costalero_prado-carrera,Domingo de Ramos,ESTRELLA,Paso Virgen,2024,Soc. F. Ntra. Sra. de la Oliva de Salteras,1981 – 2026: Soc. F. Ntra. Sra. de la Oliva de Salteras
foro-2026-costalero_prado-carrera,Domingo de Ramos,ESTRELLA,Paso Virgen,2025,Soc. F. Ntra. Sra. de la Oliva de Salteras,1981 – 2026: Soc. F. Ntra. Sra. de la Oliva de Salteras
foro-2026-costalero_prado-carrera,Domingo de Ramos,ESTRELLA,Paso Virgen,2026,Soc. F. Ntra. Sra. de la Oliva de Salteras,1981 – 2026: Soc. F. Ntra. Sra. de la Oliva de Salteras
foro-2026-costalero_prado-carrera,Domingo de Ramos,AMARGURA,Paso Cristo,1980,B. de la Policía Municipal,1980 – 1981: B. de la Policía Municipal
foro-2026-costalero_prado-carrera,Domingo de Ramos,AMARGURA,Paso Cristo,1981,B. de la Policía Municipal,1980 – 1981: B. de la Policía Municipal
foro-2026-costalero_prado-carrera,Domingo de Ramos,AMARGURA,Paso Cristo,1982,B. del Maestro Patón,1982 – 1991: B. del Maestro Patón
foro-2026-costalero_prado-carrera,Domingo de Ramos,AMARGURA,Paso Cristo,1983,B. del Maestro Patón,1982 – 1991: B. del Maestro Patón
foro-2026-costalero_prado-carrera,Domingo de Ramos,AMARGURA,Paso Cristo,1984,B. del Maestro Patón,1982 – 1991: B. del Maestro Patón
foro-2026-costalero_prado-carrera,Domingo de Ramos,AMARGURA,Paso Cristo,1985,B. del Maestro Patón,1982 – 1991: B. del Maestro Patón
foro-2026-costalero_prado-carrera,Domingo de Ramos,AMARGURA,Paso Cristo,1986,B. del Maestro Patón,1982 – 1991: B. del Maestro Patón
foro-2026-costalero_prado-carrera,Domingo de Ramos,AMARGURA,Paso Cristo,1987,B. del Maestro Patón,1982 – 1991: B. del Maestro Patón
foro-2026-costalero_prado-carrera,Domingo de Ramos,AMARGURA,Paso Cristo,1988,B. del Maestro Patón,1982 – 1991: B. del Maestro Patón
foro-2026-costalero_prado-carrera,Domingo de Ramos,AMARGURA,Paso Cristo,1989,B. del Maestro Patón,1982 – 1991: B. del Maestro Patón
foro-2026-costalero_prado-carrera,Domingo de Ramos,AMARGURA,Paso Cristo,1990,B. del Maestro Patón,1982 – 1991: B. del Maestro Patón
foro-2026-costalero_prado-carrera,Domingo de Ramos,AMARGURA,Paso Cristo,1991,B. del Maestro Patón,1982 – 1991: B. del Maestro Patón
foro-2026-costalero_prado-carrera,Domingo de Ramos,AMARGURA,Paso Cristo,1992,CyT Cristo de las Tres Caídas,1992 – 2026: CyT Cristo de las Tres Caídas
foro-2026-costalero_prado-carrera,Domingo de Ramos,AMARGURA,Paso Cristo,1993,CyT Cristo de las Tres Caídas,1992 – 2026: CyT Cristo de las Tres Caídas
foro-2026-costalero_prado-carrera,Domingo de Ramos,AMARGURA,Paso Cristo,1994,CyT Cristo de las Tres Caídas,1992 – 2026: CyT Cristo de las Tres Caídas
foro-2026-costalero_prado-carrera,Domingo de Ramos,AMARGURA,Paso Cristo,1995,CyT Cristo de las Tres Caídas,1992 – 2026: CyT Cristo de las Tres Caídas
foro-2026-costalero_prado-carrera,Domingo de Ramos,AMARGURA,Paso Cristo,1996,CyT Cristo de las Tres Caídas,1992 – 2026: CyT Cristo de las Tres Caídas
foro-2026-costalero_prado-carrera,Domingo de Ramos,AMARGURA,Paso Cristo,1997,CyT Cristo de las Tres Caídas,1992 – 2026: CyT Cristo de las Tres Caídas
foro-2026-costalero_prado-carrera,Domingo de Ramos,AMARGURA,Paso Cristo,1998,CyT Cristo de las Tres Caídas,1992 – 2026: CyT Cristo de las Tres Caídas
foro-2026-costalero_prado-carrera,Domingo de Ramos,AMARGURA,Paso Cristo,1999,CyT Cristo de las Tres Caídas,1992 – 2026: CyT Cristo de las Tres Caídas
foro-2026-costalero_prado-carrera,Domingo de Ramos,AMARGURA,Paso Cristo,2000,CyT Cristo de las Tres Caídas,1992 – 2026: CyT Cristo de las Tres Caídas
foro-2026-costalero_prado-carrera,Domingo de Ramos,AMARGURA,Paso Cristo,2001,CyT Cristo de las Tres Caídas,1992 – 2026: CyT Cristo de las Tres Caídas
foro-2026-costalero_prado-carrera,Domingo de Ramos,AMARGURA,Paso Cristo,2002,CyT Cristo de las Tres Caídas,1992 – 2026: CyT Cristo de las Tres Caídas
foro-2026-costalero_prado-carrera,Domingo de Ramos,AMARGURA,Paso Cristo,2003,CyT Cristo de las Tres Caídas,1992 – 2026: CyT Cristo de las Tres Caídas
foro-2026-costalero_prado-carrera,Domingo de Ramos,AMARGURA,Paso Cristo,2004,CyT Cristo de las Tres Caídas,1992 – 2026: CyT Cristo de las Tres Caídas
foro-2026-costalero_prado-carrera,Domingo de Ramos,AMARGURA,Paso Cristo,2005,CyT Cristo de las Tres Caídas,1992 – 2026: CyT Cristo de las Tres Caídas
foro-2026-costalero_prado-carrera,Domingo de Ramos,AMARGURA,Paso Cristo,2006,CyT Cristo de las Tres Caídas,1992 – 2026: CyT Cristo de las Tres Caídas
foro-2026-costalero_prado-carrera,Domingo de Ramos,AMARGURA,Paso Cristo,2007,CyT Cristo de las Tres Caídas,1992 – 2026: CyT Cristo de las Tres Caídas
foro-2026-costalero_prado-carrera,Domingo de Ramos,AMARGURA,Paso Cristo,2008,CyT Cristo de las Tres Caídas,1992 – 2026: CyT Cristo de las Tres Caídas
foro-2026-costalero_prado-carrera,Domingo de Ramos,AMARGURA,Paso Cristo,2009,CyT Cristo de las Tres Caídas,1992 – 2026: CyT Cristo de las Tres Caídas
foro-2026-costalero_prado-carrera,Domingo de Ramos,AMARGURA,Paso Cristo,2010,CyT Cristo de las Tres Caídas,1992 – 2026: CyT Cristo de las Tres Caídas
foro-2026-costalero_prado-carrera,Domingo de Ramos,AMARGURA,Paso Cristo,2011,CyT Cristo de las Tres Caídas,1992 – 2026: CyT Cristo de las Tres Caídas
foro-2026-costalero_prado-carrera,Domingo de Ramos,AMARGURA,Paso Cristo,2012,CyT Cristo de las Tres Caídas,1992 – 2026: CyT Cristo de las Tres Caídas
foro-2026-costalero_prado-carrera,Domingo de Ramos,AMARGURA,Paso Cristo,2013,CyT Cristo de las Tres Caídas,1992 – 2026: CyT Cristo de las Tres Caídas
foro-2026-costalero_prado-carrera,Domingo de Ramos,AMARGURA,Paso Cristo,2014,CyT Cristo de las Tres Caídas,1992 – 2026: CyT Cristo de las Tres Caídas
foro-2026-costalero_prado-carrera,Domingo de Ramos,AMARGURA,Paso Cristo,2015,CyT Cristo de las Tres Caídas,1992 – 2026: CyT Cristo de las Tres Caídas
foro-2026-costalero_prado-carrera,Domingo de Ramos,AMARGURA,Paso Cristo,2016,CyT Cristo de las Tres Caídas,1992 – 2026: CyT Cristo de las Tres Caídas
foro-2026-costalero_prado-carrera,Domingo de Ramos,AMARGURA,Paso Cristo,2017,CyT Cristo de las Tres Caídas,1992 – 2026: CyT Cristo de las Tres Caídas
foro-2026-costalero_prado-carrera,Domingo de Ramos,AMARGURA,Paso Cristo,2018,CyT Cristo de las Tres Caídas,1992 – 2026: CyT Cristo de las Tres Caídas
foro-2026-costalero_prado-carrera,Domingo de Ramos,AMARGURA,Paso Cristo,2019,CyT Cristo de las Tres Caídas,1992 – 2026: CyT Cristo de las Tres Caídas
foro-2026-costalero_prado-carrera,Domingo de Ramos,AMARGURA,Paso Cristo,2020,CyT Cristo de las Tres Caídas,1992 – 2026: CyT Cristo de las Tres Caídas
foro-2026-costalero_prado-carrera,Domingo de Ramos,AMARGURA,Paso Cristo,2021,CyT Cristo de las Tres Caídas,1992 – 2026: CyT Cristo de las Tres Caídas
foro-2026-costalero_prado-carrera,Domingo de Ramos,AMARGURA,Paso Cristo,2022,CyT Cristo de las Tres Caídas,1992 – 2026: CyT Cristo de las Tres Caídas
foro-2026-costalero_prado-carrera,Domingo de Ramos,AMARGURA,Paso Cristo,2023,CyT Cristo de las Tres Caídas,1992 – 2026: CyT Cristo de las Tres Caídas
foro-2026-costalero_prado-carrera,Domingo de Ramos,AMARGURA,Paso Cristo,2024,CyT Cristo de las Tres Caídas,1992 – 2026: CyT Cristo de las Tres Caídas
foro-2026-costalero_prado-carrera,Domingo de Ramos,AMARGURA,Paso Cristo,2025,CyT Cristo de las Tres Caídas,1992 – 2026: CyT Cristo de las Tres Caídas
foro-2026-costalero_prado-carrera,Domingo de Ramos,AMARGURA,Paso Cristo,2026,CyT Cristo de las Tres Caídas,1992 – 2026: CyT Cristo de las Tres Caídas
foro-2026-costalero_prado-carrera,Domingo de Ramos,AMARGURA,Paso Virgen,1980,B. Municipal de Sevilla,1980 – 1981: B. Municipal de Sevilla
foro-2026-costalero_prado-carrera,Domingo de Ramos,AMARGURA,Paso Virgen,1981,B. Municipal de Sevilla,1980 – 1981: B. Municipal de Sevilla
foro-2026-costalero_prado-carrera,Domingo de Ramos,AMARGURA,Paso Virgen,1982,B. de la Inmaculada (Soria 9),1982 – 1984: B. de la Inmaculada (Soria 9)
foro-2026-costalero_prado-carrera,Domingo de Ramos,AMARGURA,Paso Virgen,1983,B. de la Inmaculada (Soria 9),1982 – 1984: B. de la Inmaculada (Soria 9)
foro-2026-costalero_prado-carrera,Domingo de Ramos,AMARGURA,Paso Virgen,1984,B. de la Inmaculada (Soria 9),1982 – 1984: B. de la Inmaculada (Soria 9)
foro-2026-costalero_prado-carrera,Domingo de Ramos,AMARGURA,Paso Virgen,1985,B. Municipal de Carmona,1985 – 1986: B. Municipal de Carmona
foro-2026-costalero_prado-carrera,Domingo de Ramos,AMARGURA,Paso Virgen,1986,B. Municipal de Carmona,1985 – 1986: B. Municipal de Carmona
foro-2026-costalero_prado-carrera,Domingo de Ramos,AMARGURA,Paso Virgen,1987,A. M. Santa Cecilia,1987: A. M. Santa Cecilia
foro-2026-costalero_prado-carrera,Domingo de Ramos,AMARGURA,Paso Virgen,1988,A. Musical Utrerana,1988 – 1994: A. Musical Utrerana
foro-2026-costalero_prado-carrera,Domingo de Ramos,AMARGURA,Paso Virgen,1989,A. Musical Utrerana,1988 – 1994: A. Musical Utrerana
foro-2026-costalero_prado-carrera,Domingo de Ramos,AMARGURA,Paso Virgen,1990,A. Musical Utrerana,1988 – 1994: A. Musical Utrerana
foro-2026-costalero_prado-carrera,Domingo de Ramos,AMARGURA,Paso Virgen,1991,A. Musical Utrerana,1988 – 1994: A. Musical Utrerana
foro-2026-costalero_prado-carrera,Domingo de Ramos,AMARGURA,Paso Virgen,1992,A. Musical Utrerana,1988 – 1994: A. Musical Utrerana
foro-2026-costalero_prado-carrera,Domingo de Ramos,AMARGURA,Paso Virgen,1993,A. Musical Utrerana,1988 – 1994: A. Musical Utrerana
foro-2026-costalero_prado-carrera,Domingo de Ramos,AMARGURA,Paso Virgen,1994,A. Musical Utrerana,1988 – 1994: A. Musical Utrerana
foro-2026-costalero_prado-carrera,Domingo de Ramos,AMARGURA,Paso Virgen,1995,B. Municipal de Sevilla,1995 – 1999: B. Municipal de Sevilla
foro-2026-costalero_prado-carrera,Domingo de Ramos,AMARGURA,Paso Virgen,1996,B. Municipal de Sevilla,1995 – 1999: B. Municipal de Sevilla
foro-2026-costalero_prado-carrera,Domingo de Ramos,AMARGURA,Paso Virgen,1997,B. Municipal de Sevilla,1995 – 1999: B. Municipal de Sevilla
foro-2026-costalero_prado-carrera,Domingo de Ramos,AMARGURA,Paso Virgen,1998,B. Municipal de Sevilla,1995 – 1999: B. Municipal de Sevilla
foro-2026-costalero_prado-carrera,Domingo de Ramos,AMARGURA,Paso Virgen,1999,B. Municipal de Sevilla,1995 – 1999: B. Municipal de Sevilla
foro-2026-costalero_prado-carrera,Domingo de Ramos,AMARGURA,Paso Virgen,2000,BM Ntra. Sra. del Águila de Alcalá de Guadaira,2000 – 2018: BM Ntra. Sra. del Águila de Alcalá de Guadaira
foro-2026-costalero_prado-carrera,Domingo de Ramos,AMARGURA,Paso Virgen,2001,BM Ntra. Sra. del Águila de Alcalá de Guadaira,2000 – 2018: BM Ntra. Sra. del Águila de Alcalá de Guadaira
foro-2026-costalero_prado-carrera,Domingo de Ramos,AMARGURA,Paso Virgen,2002,BM Ntra. Sra. del Águila de Alcalá de Guadaira,2000 – 2018: BM Ntra. Sra. del Águila de Alcalá de Guadaira
foro-2026-costalero_prado-carrera,Domingo de Ramos,AMARGURA,Paso Virgen,2003,BM Ntra. Sra. del Águila de Alcalá de Guadaira,2000 – 2018: BM Ntra. Sra. del Águila de Alcalá de Guadaira
foro-2026-costalero_prado-carrera,Domingo de Ramos,AMARGURA,Paso Virgen,2004,BM Ntra. Sra. del Águila de Alcalá de Guadaira,2000 – 2018: BM Ntra. Sra. del Águila de Alcalá de Guadaira
foro-2026-costalero_prado-carrera,Domingo de Ramos,AMARGURA,Paso Virgen,2005,BM Ntra. Sra. del Águila de Alcalá de Guadaira,2000 – 2018: BM Ntra. Sra. del Águila de Alcalá de Guadaira
foro-2026-costalero_prado-carrera,Domingo de Ramos,AMARGURA,Paso Virgen,2006,BM Ntra. Sra. del Águila de Alcalá de Guadaira,2000 – 2018: BM Ntra. Sra. del Águila de Alcalá de Guadaira
foro-2026-costalero_prado-carrera,Domingo de Ramos,AMARGURA,Paso Virgen,2007,BM Ntra. Sra. del Águila de Alcalá de Guadaira,2000 – 2018: BM Ntra. Sra. del Águila de Alcalá de Guadaira
foro-2026-costalero_prado-carrera,Domingo de Ramos,AMARGURA,Paso Virgen,2008,BM Ntra. Sra. del Águila de Alcalá de Guadaira,2000 – 2018: BM Ntra. Sra. del Águila de Alcalá de Guadaira
foro-2026-costalero_prado-carrera,Domingo de Ramos,AMARGURA,Paso Virgen,2009,BM Ntra. Sra. del Águila de Alcalá de Guadaira,2000 – 2018: BM Ntra. Sra. del Águila de Alcalá de Guadaira
foro-2026-costalero_prado-carrera,Domingo de Ramos,AMARGURA,Paso Virgen,2010,BM Ntra. Sra. del Águila de Alcalá de Guadaira,2000 – 2018: BM Ntra. Sra. del Águila de Alcalá de Guadaira
foro-2026-costalero_prado-carrera,Domingo de Ramos,AMARGURA,Paso Virgen,2011,BM Ntra. Sra. del Águila de Alcalá de Guadaira,2000 – 2018: BM Ntra. Sra. del Águila de Alcalá de Guadaira
foro-2026-costalero_prado-carrera,Domingo de Ramos,AMARGURA,Paso Virgen,2012,BM Ntra. Sra. del Águila de Alcalá de Guadaira,2000 – 2018: BM Ntra. Sra. del Águila de Alcalá de Guadaira
foro-2026-costalero_prado-carrera,Domingo de Ramos,AMARGURA,Paso Virgen,2013,BM Ntra. Sra. del Águila de Alcalá de Guadaira,2000 – 2018: BM Ntra. Sra. del Águila de Alcalá de Guadaira
foro-2026-costalero_prado-carrera,Domingo de Ramos,AMARGURA,Paso Virgen,2014,BM Ntra. Sra. del Águila de Alcalá de Guadaira,2000 – 2018: BM Ntra. Sra. del Águila de Alcalá de Guadaira
foro-2026-costalero_prado-carrera,Domingo de Ramos,AMARGURA,Paso Virgen,2015,BM Ntra. Sra. del Águila de Alcalá de Guadaira,2000 – 2018: BM Ntra. Sra. del Águila de Alcalá de Guadaira
foro-2026-costalero_prado-carrera,Domingo de Ramos,AMARGURA,Paso Virgen,2016,BM Ntra. Sra. del Águila de Alcalá de Guadaira,2000 – 2018: BM Ntra. Sra. del Águila de Alcalá de Guadaira
foro-2026-costalero_prado-carrera,Domingo de Ramos,AMARGURA,Paso Virgen,2017,BM Ntra. Sra. del Águila de Alcalá de Guadaira,2000 – 2018: BM Ntra. Sra. del Águila de Alcalá de Guadaira
foro-2026-costalero_prado-carrera,Domingo de Ramos,AMARGURA,Paso Virgen,2018,BM Ntra. Sra. del Águila de Alcalá de Guadaira,2000 – 2018: BM Ntra. Sra. del Águila de Alcalá de Guadaira
foro-2026-costalero_prado-carrera,Domingo de Ramos,AMARGURA,Paso Virgen,2019,BM Ntra Sra del Carmen de Salteras,2019-2026: BM Ntra Sra del Carmen de Salteras
foro-2026-costalero_prado-carrera,Domingo de Ramos,AMARGURA,Paso Virgen,2020,BM Ntra Sra del Carmen de Salteras,2019-2026: BM Ntra Sra del Carmen de Salteras
foro-2026-costalero_prado-carrera,Domingo de Ramos,AMARGURA,Paso Virgen,2021,BM Ntra Sra del Carmen de Salteras,2019-2026: BM Ntra Sra del Carmen de Salteras
foro-2026-costalero_prado-carrera,Domingo de Ramos,AMARGURA,Paso Virgen,2022,BM Ntra Sra del Carmen de Salteras,2019-2026: BM Ntra Sra del Carmen de Salteras
foro-2026-costalero_prado-carrera,Domingo de Ramos,AMARGURA,Paso Virgen,2023,BM Ntra Sra del Carmen de Salteras,2019-2026: BM Ntra Sra del Carmen de Salteras
foro-2026-costalero_prado-carrera,Domingo de Ramos,AMARGURA,Paso Virgen,2024,BM Ntra Sra del Carmen de Salteras,2019-2026: BM Ntra Sra del Carmen de Salteras
foro-2026-costalero_prado-carrera,Domingo de Ramos,AMARGURA,Paso Virgen,2025,BM Ntra Sra del Carmen de Salteras,2019-2026: BM Ntra Sra del Carmen de Salteras
foro-2026-costalero_prado-carrera,Domingo de Ramos,AMARGURA,Paso Virgen,2026,BM Ntra Sra del Carmen de Salteras,2019-2026: BM Ntra Sra del Carmen de Salteras
foro-2026-costalero_prado-carrera,Domingo de Ramos,AMOR,Paso Virgen,1980,B. de la Esperanza de Triana,1980 – 1983: B. de la Esperanza de Triana
foro-2026-costalero_prado-carrera,Domingo de Ramos,AMOR,Paso Virgen,1981,B. de la Esperanza de Triana,1980 – 1983: B. de la Esperanza de Triana
foro-2026-costalero_prado-carrera,Domingo de Ramos,AMOR,Paso Virgen,1982,B. de la Esperanza de Triana,1980 – 1983: B. de la Esperanza de Triana
foro-2026-costalero_prado-carrera,Domingo de Ramos,AMOR,Paso Virgen,1983,B. de la Esperanza de Triana,1980 – 1983: B. de la Esperanza de Triana
foro-2026-costalero_prado-carrera,Domingo de Ramos,AMOR,Paso Virgen,1984,B. de Santa María del Viso del Alcor,1984 – 1988: B. de Santa María del Viso del Alcor
foro-2026-costalero_prado-carrera,Domingo de Ramos,AMOR,Paso Virgen,1985,B. de Santa María del Viso del Alcor,1984 – 1988: B. de Santa María del Viso del Alcor
foro-2026-costalero_prado-carrera,Domingo de Ramos,AMOR,Paso Virgen,1986,B. de Santa María del Viso del Alcor,1984 – 1988: B. de Santa María del Viso del Alcor
foro-2026-costalero_prado-carrera,Domingo de Ramos,AMOR,Paso Virgen,1987,B. de Santa María del Viso del Alcor,1984 – 1988: B. de Santa María del Viso del Alcor
foro-2026-costalero_prado-carrera,Domingo de Ramos,AMOR,Paso Virgen,1988,B. de Santa María del Viso del Alcor,1984 – 1988: B. de Santa María del Viso del Alcor
foro-2026-costalero_prado-carrera,Domingo de Ramos,AMOR,Paso Virgen,1989,B. Ntra. Sra. del Carmen de Salteras,1989 – 1999: B. Ntra. Sra. del Carmen de Salteras
foro-2026-costalero_prado-carrera,Domingo de Ramos,AMOR,Paso Virgen,1990,B. Ntra. Sra. del Carmen de Salteras,1989 – 1999: B. Ntra. Sra. del Carmen de Salteras
foro-2026-costalero_prado-carrera,Domingo de Ramos,AMOR,Paso Virgen,1991,B. Ntra. Sra. del Carmen de Salteras,1989 – 1999: B. Ntra. Sra. del Carmen de Salteras
foro-2026-costalero_prado-carrera,Domingo de Ramos,AMOR,Paso Virgen,1992,B. Ntra. Sra. del Carmen de Salteras,1989 – 1999: B. Ntra. Sra. del Carmen de Salteras
foro-2026-costalero_prado-carrera,Domingo de Ramos,AMOR,Paso Virgen,1993,B. Ntra. Sra. del Carmen de Salteras,1989 – 1999: B. Ntra. Sra. del Carmen de Salteras
foro-2026-costalero_prado-carrera,Domingo de Ramos,AMOR,Paso Virgen,1994,B. Ntra. Sra. del Carmen de Salteras,1989 – 1999: B. Ntra. Sra. del Carmen de Salteras
foro-2026-costalero_prado-carrera,Domingo de Ramos,AMOR,Paso Virgen,1995,B. Ntra. Sra. del Carmen de Salteras,1989 – 1999: B. Ntra. Sra. del Carmen de Salteras
foro-2026-costalero_prado-carrera,Domingo de Ramos,AMOR,Paso Virgen,1996,B. Ntra. Sra. del Carmen de Salteras,1989 – 1999: B. Ntra. Sra. del Carmen de Salteras
foro-2026-costalero_prado-carrera,Domingo de Ramos,AMOR,Paso Virgen,1997,B. Ntra. Sra. del Carmen de Salteras,1989 – 1999: B. Ntra. Sra. del Carmen de Salteras
foro-2026-costalero_prado-carrera,Domingo de Ramos,AMOR,Paso Virgen,1998,B. Ntra. Sra. del Carmen de Salteras,1989 – 1999: B. Ntra. Sra. del Carmen de Salteras
foro-2026-costalero_prado-carrera,Domingo de Ramos,AMOR,Paso Virgen,1999,B. Ntra. Sra. del Carmen de Salteras,1989 – 1999: B. Ntra. Sra. del Carmen de Salteras
foro-2026-costalero_prado-carrera,Domingo de Ramos,AMOR,Paso Virgen,2000,BM Ntra. Sra. de la Victoria (Cigarreras),2000 – 2026: BM Ntra. Sra. de la Victoria (Cigarreras)
foro-2026-costalero_prado-carrera,Domingo de Ramos,AMOR,Paso Virgen,2001,BM Ntra. Sra. de la Victoria (Cigarreras),2000 – 2026: BM Ntra. Sra. de la Victoria (Cigarreras)
foro-2026-costalero_prado-carrera,Domingo de Ramos,AMOR,Paso Virgen,2002,BM Ntra. Sra. de la Victoria (Cigarreras),2000 – 2026: BM Ntra. Sra. de la Victoria (Cigarreras)
foro-2026-costalero_prado-carrera,Domingo de Ramos,AMOR,Paso Virgen,2003,BM Ntra. Sra. de la Victoria (Cigarreras),2000 – 2026: BM Ntra. Sra. de la Victoria (Cigarreras)
foro-2026-costalero_prado-carrera,Domingo de Ramos,AMOR,Paso Virgen,2004,BM Ntra. Sra. de la Victoria (Cigarreras),2000 – 2026: BM Ntra. Sra. de la Victoria (Cigarreras)
foro-2026-costalero_prado-carrera,Domingo de Ramos,AMOR,Paso Virgen,2005,BM Ntra. Sra. de la Victoria (Cigarreras),2000 – 2026: BM Ntra. Sra. de la Victoria (Cigarreras)
foro-2026-costalero_prado-carrera,Domingo de Ramos,AMOR,Paso Virgen,2006,BM Ntra. Sra. de la Victoria (Cigarreras),2000 – 2026: BM Ntra. Sra. de la Victoria (Cigarreras)
foro-2026-costalero_prado-carrera,Domingo de Ramos,AMOR,Paso Virgen,2007,BM Ntra. Sra. de la Victoria (Cigarreras),2000 – 2026: BM Ntra. Sra. de la Victoria (Cigarreras)
foro-2026-costalero_prado-carrera,Domingo de Ramos,AMOR,Paso Virgen,2008,BM Ntra. Sra. de la Victoria (Cigarreras),2000 – 2026: BM Ntra. Sra. de la Victoria (Cigarreras)
foro-2026-costalero_prado-carrera,Domingo de Ramos,AMOR,Paso Virgen,2009,BM Ntra. Sra. de la Victoria (Cigarreras),2000 – 2026: BM Ntra. Sra. de la Victoria (Cigarreras)
foro-2026-costalero_prado-carrera,Domingo de Ramos,AMOR,Paso Virgen,2010,BM Ntra. Sra. de la Victoria (Cigarreras),2000 – 2026: BM Ntra. Sra. de la Victoria (Cigarreras)
foro-2026-costalero_prado-carrera,Domingo de Ramos,AMOR,Paso Virgen,2011,BM Ntra. Sra. de la Victoria (Cigarreras),2000 – 2026: BM Ntra. Sra. de la Victoria (Cigarreras)
foro-2026-costalero_prado-carrera,Domingo de Ramos,AMOR,Paso Virgen,2012,BM Ntra. Sra. de la Victoria (Cigarreras),2000 – 2026: BM Ntra. Sra. de la Victoria (Cigarreras)
foro-2026-costalero_prado-carrera,Domingo de Ramos,AMOR,Paso Virgen,2013,BM Ntra. Sra. de la Victoria (Cigarreras),2000 – 2026: BM Ntra. Sra. de la Victoria (Cigarreras)
foro-2026-costalero_prado-carrera,Domingo de Ramos,AMOR,Paso Virgen,2014,BM Ntra. Sra. de la Victoria (Cigarreras),2000 – 2026: BM Ntra. Sra. de la Victoria (Cigarreras)
foro-2026-costalero_prado-carrera,Domingo de Ramos,AMOR,Paso Virgen,2015,BM Ntra. Sra. de la Victoria (Cigarreras),2000 – 2026: BM Ntra. Sra. de la Victoria (Cigarreras)
foro-2026-costalero_prado-carrera,Domingo de Ramos,AMOR,Paso Virgen,2016,BM Ntra. Sra. de la Victoria (Cigarreras),2000 – 2026: BM Ntra. Sra. de la Victoria (Cigarreras)
foro-2026-costalero_prado-carrera,Domingo de Ramos,AMOR,Paso Virgen,2017,BM Ntra. Sra. de la Victoria (Cigarreras),2000 – 2026: BM Ntra. Sra. de la Victoria (Cigarreras)
foro-2026-costalero_prado-carrera,Domingo de Ramos,AMOR,Paso Virgen,2018,BM Ntra. Sra. de la Victoria (Cigarreras),2000 – 2026: BM Ntra. Sra. de la Victoria (Cigarreras)
foro-2026-costalero_prado-carrera,Domingo de Ramos,AMOR,Paso Virgen,2019,BM Ntra. Sra. de la Victoria (Cigarreras),2000 – 2026: BM Ntra. Sra. de la Victoria (Cigarreras)
foro-2026-costalero_prado-carrera,Domingo de Ramos,AMOR,Paso Virgen,2020,BM Ntra. Sra. de la Victoria (Cigarreras),2000 – 2026: BM Ntra. Sra. de la Victoria (Cigarreras)
foro-2026-costalero_prado-carrera,Domingo de Ramos,AMOR,Paso Virgen,2021,BM Ntra. Sra. de la Victoria (Cigarreras),2000 – 2026: BM Ntra. Sra. de la Victoria (Cigarreras)
foro-2026-costalero_prado-carrera,Domingo de Ramos,AMOR,Paso Virgen,2022,BM Ntra. Sra. de la Victoria (Cigarreras),2000 – 2026: BM Ntra. Sra. de la Victoria (Cigarreras)
foro-2026-costalero_prado-carrera,Domingo de Ramos,AMOR,Paso Virgen,2023,BM Ntra. Sra. de la Victoria (Cigarreras),2000 – 2026: BM Ntra. Sra. de la Victoria (Cigarreras)
foro-2026-costalero_prado-carrera,Domingo de Ramos,AMOR,Paso Virgen,2024,BM Ntra. Sra. de la Victoria (Cigarreras),2000 – 2026: BM Ntra. Sra. de la Victoria (Cigarreras)
foro-2026-costalero_prado-carrera,Domingo de Ramos,AMOR,Paso Virgen,2025,BM Ntra. Sra. de la Victoria (Cigarreras),2000 – 2026: BM Ntra. Sra. de la Victoria (Cigarreras)
foro-2026-costalero_prado-carrera,Domingo de Ramos,AMOR,Paso Virgen,2026,BM Ntra. Sra. de la Victoria (Cigarreras),2000 – 2026: BM Ntra. Sra. de la Victoria (Cigarreras)
foro-2026-costalero_prado-carrera,Lunes Santo,SAN PABLO,Paso Cristo,2008,CyT Cristo de las Tres Caídas (ida)/CyT San Juan Evangelista (vuelta),2008-2022: CyT Cristo de las Tres Caídas (ida)/CyT San Juan Evangelista (vuelta)
foro-2026-costalero_prado-carrera,Lunes Santo,SAN PABLO,Paso Cristo,2009,CyT Cristo de las Tres Caídas (ida)/CyT San Juan Evangelista (vuelta),2008-2022: CyT Cristo de las Tres Caídas (ida)/CyT San Juan Evangelista (vuelta)
foro-2026-costalero_prado-carrera,Lunes Santo,SAN PABLO,Paso Cristo,2010,CyT Cristo de las Tres Caídas (ida)/CyT San Juan Evangelista (vuelta),2008-2022: CyT Cristo de las Tres Caídas (ida)/CyT San Juan Evangelista (vuelta)
foro-2026-costalero_prado-carrera,Lunes Santo,SAN PABLO,Paso Cristo,2011,CyT Cristo de las Tres Caídas (ida)/CyT San Juan Evangelista (vuelta),2008-2022: CyT Cristo de las Tres Caídas (ida)/CyT San Juan Evangelista (vuelta)
foro-2026-costalero_prado-carrera,Lunes Santo,SAN PABLO,Paso Cristo,2012,CyT Cristo de las Tres Caídas (ida)/CyT San Juan Evangelista (vuelta),2008-2022: CyT Cristo de las Tres Caídas (ida)/CyT San Juan Evangelista (vuelta)
foro-2026-costalero_prado-carrera,Lunes Santo,SAN PABLO,Paso Cristo,2013,CyT Cristo de las Tres Caídas (ida)/CyT San Juan Evangelista (vuelta),2008-2022: CyT Cristo de las Tres Caídas (ida)/CyT San Juan Evangelista (vuelta)
foro-2026-costalero_prado-carrera,Lunes Santo,SAN PABLO,Paso Cristo,2014,CyT Cristo de las Tres Caídas (ida)/CyT San Juan Evangelista (vuelta),2008-2022: CyT Cristo de las Tres Caídas (ida)/CyT San Juan Evangelista (vuelta)
foro-2026-costalero_prado-carrera,Lunes Santo,SAN PABLO,Paso Cristo,2015,CyT Cristo de las Tres Caídas (ida)/CyT San Juan Evangelista (vuelta),2008-2022: CyT Cristo de las Tres Caídas (ida)/CyT San Juan Evangelista (vuelta)
foro-2026-costalero_prado-carrera,Lunes Santo,SAN PABLO,Paso Cristo,2016,CyT Cristo de las Tres Caídas (ida)/CyT San Juan Evangelista (vuelta),2008-2022: CyT Cristo de las Tres Caídas (ida)/CyT San Juan Evangelista (vuelta)
foro-2026-costalero_prado-carrera,Lunes Santo,SAN PABLO,Paso Cristo,2017,CyT Cristo de las Tres Caídas (ida)/CyT San Juan Evangelista (vuelta),2008-2022: CyT Cristo de las Tres Caídas (ida)/CyT San Juan Evangelista (vuelta)
foro-2026-costalero_prado-carrera,Lunes Santo,SAN PABLO,Paso Cristo,2018,CyT Cristo de las Tres Caídas (ida)/CyT San Juan Evangelista (vuelta),2008-2022: CyT Cristo de las Tres Caídas (ida)/CyT San Juan Evangelista (vuelta)
foro-2026-costalero_prado-carrera,Lunes Santo,SAN PABLO,Paso Cristo,2019,CyT Cristo de las Tres Caídas (ida)/CyT San Juan Evangelista (vuelta),2008-2022: CyT Cristo de las Tres Caídas (ida)/CyT San Juan Evangelista (vuelta)
foro-2026-costalero_prado-carrera,Lunes Santo,SAN PABLO,Paso Cristo,2020,CyT Cristo de las Tres Caídas (ida)/CyT San Juan Evangelista (vuelta),2008-2022: CyT Cristo de las Tres Caídas (ida)/CyT San Juan Evangelista (vuelta)
foro-2026-costalero_prado-carrera,Lunes Santo,SAN PABLO,Paso Cristo,2021,CyT Cristo de las Tres Caídas (ida)/CyT San Juan Evangelista (vuelta),2008-2022: CyT Cristo de las Tres Caídas (ida)/CyT San Juan Evangelista (vuelta)
foro-2026-costalero_prado-carrera,Lunes Santo,SAN PABLO,Paso Cristo,2022,CyT Cristo de las Tres Caídas (ida)/CyT San Juan Evangelista (vuelta),2008-2022: CyT Cristo de las Tres Caídas (ida)/CyT San Juan Evangelista (vuelta)
foro-2026-costalero_prado-carrera,Lunes Santo,SAN PABLO,Paso Cristo,2023,CyT Cristo de las Tres Caídas (ida)/CyT Salud de Córdoba (vuelta),2023-2024: CyT Cristo de las Tres Caídas (ida)/CyT Salud de Córdoba (vuelta)
foro-2026-costalero_prado-carrera,Lunes Santo,SAN PABLO,Paso Cristo,2024,CyT Cristo de las Tres Caídas (ida)/CyT Salud de Córdoba (vuelta),2023-2024: CyT Cristo de las Tres Caídas (ida)/CyT Salud de Córdoba (vuelta)
foro-2026-costalero_prado-carrera,Lunes Santo,SAN PABLO,Paso Cristo,2025,AM Sta María Magdalena Arahal (ida)/AM Virgen de los Reyes (vuelta),2025-2026: AM Sta María Magdalena Arahal (ida)/AM Virgen de los Reyes (vuelta)
foro-2026-costalero_prado-carrera,Lunes Santo,SAN PABLO,Paso Cristo,2026,AM Sta María Magdalena Arahal (ida)/AM Virgen de los Reyes (vuelta),2025-2026: AM Sta María Magdalena Arahal (ida)/AM Virgen de los Reyes (vuelta)
foro-2026-costalero_prado-carrera,Lunes Santo,SAN PABLO,Paso Palio,2008,B. Maestro Enrique Montero de Chiclana (ida)/B. Ntra Sra de la Victoria de Las Cigarreras (vuelta),2008: B. Maestro Enrique Montero de Chiclana (ida)/B. Ntra Sra de la Victoria de Las Cigarreras (vuelta)
foro-2026-costalero_prado-carrera,Lunes Santo,SAN PABLO,Paso Palio,2009,B. Castillo de Lebrija (ida) y B. Cruz Roja (vuelta),2009-2013: B. Castillo de Lebrija (ida) y B. Cruz Roja (vuelta)
foro-2026-costalero_prado-carrera,Lunes Santo,SAN PABLO,Paso Palio,2010,B. Castillo de Lebrija (ida) y B. Cruz Roja (vuelta),2009-2013: B. Castillo de Lebrija (ida) y B. Cruz Roja (vuelta)
foro-2026-costalero_prado-carrera,Lunes Santo,SAN PABLO,Paso Palio,2011,B. Castillo de Lebrija (ida) y B. Cruz Roja (vuelta),2009-2013: B. Castillo de Lebrija (ida) y B. Cruz Roja (vuelta)
foro-2026-costalero_prado-carrera,Lunes Santo,SAN PABLO,Paso Palio,2012,B. Castillo de Lebrija (ida) y B. Cruz Roja (vuelta),2009-2013: B. Castillo de Lebrija (ida) y B. Cruz Roja (vuelta)
foro-2026-costalero_prado-carrera,Lunes Santo,SAN PABLO,Paso Palio,2013,B. Castillo de Lebrija (ida) y B. Cruz Roja (vuelta),2009-2013: B. Castillo de Lebrija (ida) y B. Cruz Roja (vuelta)
foro-2026-costalero_prado-carrera,Lunes Santo,SAN PABLO,Paso Palio,2014,BM Ntra Sra de la Victoria de Las Cigarreras (ida) y BM Virgen del Castillo de Lebrija (vuelta),2014-2024: BM Ntra Sra de la Victoria de Las Cigarreras (ida) y BM Virgen del Castillo de Lebrija (vuelta)
foro-2026-costalero_prado-carrera,Lunes Santo,SAN PABLO,Paso Palio,2015,BM Ntra Sra de la Victoria de Las Cigarreras (ida) y BM Virgen del Castillo de Lebrija (vuelta),2014-2024: BM Ntra Sra de la Victoria de Las Cigarreras (ida) y BM Virgen del Castillo de Lebrija (vuelta)
foro-2026-costalero_prado-carrera,Lunes Santo,SAN PABLO,Paso Palio,2016,BM Ntra Sra de la Victoria de Las Cigarreras (ida) y BM Virgen del Castillo de Lebrija (vuelta),2014-2024: BM Ntra Sra de la Victoria de Las Cigarreras (ida) y BM Virgen del Castillo de Lebrija (vuelta)
foro-2026-costalero_prado-carrera,Lunes Santo,SAN PABLO,Paso Palio,2017,BM Ntra Sra de la Victoria de Las Cigarreras (ida) y BM Virgen del Castillo de Lebrija (vuelta),2014-2024: BM Ntra Sra de la Victoria de Las Cigarreras (ida) y BM Virgen del Castillo de Lebrija (vuelta)
foro-2026-costalero_prado-carrera,Lunes Santo,SAN PABLO,Paso Palio,2018,BM Ntra Sra de la Victoria de Las Cigarreras (ida) y BM Virgen del Castillo de Lebrija (vuelta),2014-2024: BM Ntra Sra de la Victoria de Las Cigarreras (ida) y BM Virgen del Castillo de Lebrija (vuelta)
foro-2026-costalero_prado-carrera,Lunes Santo,SAN PABLO,Paso Palio,2019,BM Ntra Sra de la Victoria de Las Cigarreras (ida) y BM Virgen del Castillo de Lebrija (vuelta),2014-2024: BM Ntra Sra de la Victoria de Las Cigarreras (ida) y BM Virgen del Castillo de Lebrija (vuelta)
foro-2026-costalero_prado-carrera,Lunes Santo,SAN PABLO,Paso Palio,2020,BM Ntra Sra de la Victoria de Las Cigarreras (ida) y BM Virgen del Castillo de Lebrija (vuelta),2014-2024: BM Ntra Sra de la Victoria de Las Cigarreras (ida) y BM Virgen del Castillo de Lebrija (vuelta)
foro-2026-costalero_prado-carrera,Lunes Santo,SAN PABLO,Paso Palio,2021,BM Ntra Sra de la Victoria de Las Cigarreras (ida) y BM Virgen del Castillo de Lebrija (vuelta),2014-2024: BM Ntra Sra de la Victoria de Las Cigarreras (ida) y BM Virgen del Castillo de Lebrija (vuelta)
foro-2026-costalero_prado-carrera,Lunes Santo,SAN PABLO,Paso Palio,2022,BM Ntra Sra de la Victoria de Las Cigarreras (ida) y BM Virgen del Castillo de Lebrija (vuelta),2014-2024: BM Ntra Sra de la Victoria de Las Cigarreras (ida) y BM Virgen del Castillo de Lebrija (vuelta)
foro-2026-costalero_prado-carrera,Lunes Santo,SAN PABLO,Paso Palio,2023,BM Ntra Sra de la Victoria de Las Cigarreras (ida) y BM Virgen del Castillo de Lebrija (vuelta),2014-2024: BM Ntra Sra de la Victoria de Las Cigarreras (ida) y BM Virgen del Castillo de Lebrija (vuelta)
foro-2026-costalero_prado-carrera,Lunes Santo,SAN PABLO,Paso Palio,2024,BM Ntra Sra de la Victoria de Las Cigarreras (ida) y BM Virgen del Castillo de Lebrija (vuelta),2014-2024: BM Ntra Sra de la Victoria de Las Cigarreras (ida) y BM Virgen del Castillo de Lebrija (vuelta)
foro-2026-costalero_prado-carrera,Lunes Santo,SAN PABLO,Paso Palio,2025,BM Ntra Sra de las Nieves de Olivares (ida) y BM Municipal Puebla del Rio (vuelta),2025-2026: BM Ntra Sra de las Nieves de Olivares (ida) y BM Municipal Puebla del Rio (vuelta)
foro-2026-costalero_prado-carrera,Lunes Santo,SAN PABLO,Paso Palio,2026,BM Ntra Sra de las Nieves de Olivares (ida) y BM Municipal Puebla del Rio (vuelta),2025-2026: BM Ntra Sra de las Nieves de Olivares (ida) y BM Municipal Puebla del Rio (vuelta)
foro-2026-costalero_prado-carrera,Lunes Santo,EL BESO DE JUDAS,Paso Cristo,1980,AM Santa María Magdalena de Arahal,1980-1992: AM Santa María Magdalena de Arahal
foro-2026-costalero_prado-carrera,Lunes Santo,EL BESO DE JUDAS,Paso Cristo,1981,AM Santa María Magdalena de Arahal,1980-1992: AM Santa María Magdalena de Arahal
foro-2026-costalero_prado-carrera,Lunes Santo,EL BESO DE JUDAS,Paso Cristo,1982,AM Santa María Magdalena de Arahal,1980-1992: AM Santa María Magdalena de Arahal
foro-2026-costalero_prado-carrera,Lunes Santo,EL BESO DE JUDAS,Paso Cristo,1983,AM Santa María Magdalena de Arahal,1980-1992: AM Santa María Magdalena de Arahal
foro-2026-costalero_prado-carrera,Lunes Santo,EL BESO DE JUDAS,Paso Cristo,1984,AM Santa María Magdalena de Arahal,1980-1992: AM Santa María Magdalena de Arahal
foro-2026-costalero_prado-carrera,Lunes Santo,EL BESO DE JUDAS,Paso Cristo,1985,AM Santa María Magdalena de Arahal,1980-1992: AM Santa María Magdalena de Arahal
foro-2026-costalero_prado-carrera,Lunes Santo,EL BESO DE JUDAS,Paso Cristo,1986,AM Santa María Magdalena de Arahal,1980-1992: AM Santa María Magdalena de Arahal
foro-2026-costalero_prado-carrera,Lunes Santo,EL BESO DE JUDAS,Paso Cristo,1987,AM Santa María Magdalena de Arahal,1980-1992: AM Santa María Magdalena de Arahal
foro-2026-costalero_prado-carrera,Lunes Santo,EL BESO DE JUDAS,Paso Cristo,1988,AM Santa María Magdalena de Arahal,1980-1992: AM Santa María Magdalena de Arahal
foro-2026-costalero_prado-carrera,Lunes Santo,EL BESO DE JUDAS,Paso Cristo,1989,AM Santa María Magdalena de Arahal,1980-1992: AM Santa María Magdalena de Arahal
foro-2026-costalero_prado-carrera,Lunes Santo,EL BESO DE JUDAS,Paso Cristo,1990,AM Santa María Magdalena de Arahal,1980-1992: AM Santa María Magdalena de Arahal
foro-2026-costalero_prado-carrera,Lunes Santo,EL BESO DE JUDAS,Paso Cristo,1991,AM Santa María Magdalena de Arahal,1980-1992: AM Santa María Magdalena de Arahal
foro-2026-costalero_prado-carrera,Lunes Santo,EL BESO DE JUDAS,Paso Cristo,1992,AM Santa María Magdalena de Arahal,1980-1992: AM Santa María Magdalena de Arahal
foro-2026-costalero_prado-carrera,Lunes Santo,EL BESO DE JUDAS,Paso Cristo,1993,AM Ntro Padre Jesús de la Redención,1993-2026: AM Ntro Padre Jesús de la Redención
foro-2026-costalero_prado-carrera,Lunes Santo,EL BESO DE JUDAS,Paso Cristo,1994,AM Ntro Padre Jesús de la Redención,1993-2026: AM Ntro Padre Jesús de la Redención
foro-2026-costalero_prado-carrera,Lunes Santo,EL BESO DE JUDAS,Paso Cristo,1995,AM Ntro Padre Jesús de la Redención,1993-2026: AM Ntro Padre Jesús de la Redención
foro-2026-costalero_prado-carrera,Lunes Santo,EL BESO DE JUDAS,Paso Cristo,1996,AM Ntro Padre Jesús de la Redención,1993-2026: AM Ntro Padre Jesús de la Redención
foro-2026-costalero_prado-carrera,Lunes Santo,EL BESO DE JUDAS,Paso Cristo,1997,AM Ntro Padre Jesús de la Redención,1993-2026: AM Ntro Padre Jesús de la Redención
foro-2026-costalero_prado-carrera,Lunes Santo,EL BESO DE JUDAS,Paso Cristo,1998,AM Ntro Padre Jesús de la Redención,1993-2026: AM Ntro Padre Jesús de la Redención
foro-2026-costalero_prado-carrera,Lunes Santo,EL BESO DE JUDAS,Paso Cristo,1999,AM Ntro Padre Jesús de la Redención,1993-2026: AM Ntro Padre Jesús de la Redención
foro-2026-costalero_prado-carrera,Lunes Santo,EL BESO DE JUDAS,Paso Cristo,2000,AM Ntro Padre Jesús de la Redención,1993-2026: AM Ntro Padre Jesús de la Redención
foro-2026-costalero_prado-carrera,Lunes Santo,EL BESO DE JUDAS,Paso Cristo,2001,AM Ntro Padre Jesús de la Redención,1993-2026: AM Ntro Padre Jesús de la Redención
foro-2026-costalero_prado-carrera,Lunes Santo,EL BESO DE JUDAS,Paso Cristo,2002,AM Ntro Padre Jesús de la Redención,1993-2026: AM Ntro Padre Jesús de la Redención
foro-2026-costalero_prado-carrera,Lunes Santo,EL BESO DE JUDAS,Paso Cristo,2003,AM Ntro Padre Jesús de la Redención,1993-2026: AM Ntro Padre Jesús de la Redención
foro-2026-costalero_prado-carrera,Lunes Santo,EL BESO DE JUDAS,Paso Cristo,2004,AM Ntro Padre Jesús de la Redención,1993-2026: AM Ntro Padre Jesús de la Redención
foro-2026-costalero_prado-carrera,Lunes Santo,EL BESO DE JUDAS,Paso Cristo,2005,AM Ntro Padre Jesús de la Redención,1993-2026: AM Ntro Padre Jesús de la Redención
foro-2026-costalero_prado-carrera,Lunes Santo,EL BESO DE JUDAS,Paso Cristo,2006,AM Ntro Padre Jesús de la Redención,1993-2026: AM Ntro Padre Jesús de la Redención
foro-2026-costalero_prado-carrera,Lunes Santo,EL BESO DE JUDAS,Paso Cristo,2007,AM Ntro Padre Jesús de la Redención,1993-2026: AM Ntro Padre Jesús de la Redención
foro-2026-costalero_prado-carrera,Lunes Santo,EL BESO DE JUDAS,Paso Cristo,2008,AM Ntro Padre Jesús de la Redención,1993-2026: AM Ntro Padre Jesús de la Redención
foro-2026-costalero_prado-carrera,Lunes Santo,EL BESO DE JUDAS,Paso Cristo,2009,AM Ntro Padre Jesús de la Redención,1993-2026: AM Ntro Padre Jesús de la Redención
foro-2026-costalero_prado-carrera,Lunes Santo,EL BESO DE JUDAS,Paso Cristo,2010,AM Ntro Padre Jesús de la Redención,1993-2026: AM Ntro Padre Jesús de la Redención
foro-2026-costalero_prado-carrera,Lunes Santo,EL BESO DE JUDAS,Paso Cristo,2011,AM Ntro Padre Jesús de la Redención,1993-2026: AM Ntro Padre Jesús de la Redención
foro-2026-costalero_prado-carrera,Lunes Santo,EL BESO DE JUDAS,Paso Cristo,2012,AM Ntro Padre Jesús de la Redención,1993-2026: AM Ntro Padre Jesús de la Redención
foro-2026-costalero_prado-carrera,Lunes Santo,EL BESO DE JUDAS,Paso Cristo,2013,AM Ntro Padre Jesús de la Redención,1993-2026: AM Ntro Padre Jesús de la Redención
foro-2026-costalero_prado-carrera,Lunes Santo,EL BESO DE JUDAS,Paso Cristo,2014,AM Ntro Padre Jesús de la Redención,1993-2026: AM Ntro Padre Jesús de la Redención
foro-2026-costalero_prado-carrera,Lunes Santo,EL BESO DE JUDAS,Paso Cristo,2015,AM Ntro Padre Jesús de la Redención,1993-2026: AM Ntro Padre Jesús de la Redención
foro-2026-costalero_prado-carrera,Lunes Santo,EL BESO DE JUDAS,Paso Cristo,2016,AM Ntro Padre Jesús de la Redención,1993-2026: AM Ntro Padre Jesús de la Redención
foro-2026-costalero_prado-carrera,Lunes Santo,EL BESO DE JUDAS,Paso Cristo,2017,AM Ntro Padre Jesús de la Redención,1993-2026: AM Ntro Padre Jesús de la Redención
foro-2026-costalero_prado-carrera,Lunes Santo,EL BESO DE JUDAS,Paso Cristo,2018,AM Ntro Padre Jesús de la Redención,1993-2026: AM Ntro Padre Jesús de la Redención
foro-2026-costalero_prado-carrera,Lunes Santo,EL BESO DE JUDAS,Paso Cristo,2019,AM Ntro Padre Jesús de la Redención,1993-2026: AM Ntro Padre Jesús de la Redención
foro-2026-costalero_prado-carrera,Lunes Santo,EL BESO DE JUDAS,Paso Cristo,2020,AM Ntro Padre Jesús de la Redención,1993-2026: AM Ntro Padre Jesús de la Redención
foro-2026-costalero_prado-carrera,Lunes Santo,EL BESO DE JUDAS,Paso Cristo,2021,AM Ntro Padre Jesús de la Redención,1993-2026: AM Ntro Padre Jesús de la Redención
foro-2026-costalero_prado-carrera,Lunes Santo,EL BESO DE JUDAS,Paso Cristo,2022,AM Ntro Padre Jesús de la Redención,1993-2026: AM Ntro Padre Jesús de la Redención
foro-2026-costalero_prado-carrera,Lunes Santo,EL BESO DE JUDAS,Paso Cristo,2023,AM Ntro Padre Jesús de la Redención,1993-2026: AM Ntro Padre Jesús de la Redención
foro-2026-costalero_prado-carrera,Lunes Santo,EL BESO DE JUDAS,Paso Cristo,2024,AM Ntro Padre Jesús de la Redención,1993-2026: AM Ntro Padre Jesús de la Redención
foro-2026-costalero_prado-carrera,Lunes Santo,EL BESO DE JUDAS,Paso Cristo,2025,AM Ntro Padre Jesús de la Redención,1993-2026: AM Ntro Padre Jesús de la Redención
foro-2026-costalero_prado-carrera,Lunes Santo,EL BESO DE JUDAS,Paso Cristo,2026,AM Ntro Padre Jesús de la Redención,1993-2026: AM Ntro Padre Jesús de la Redención
foro-2026-costalero_prado-carrera,Lunes Santo,EL BESO DE JUDAS,Paso Palio,1980,BM Guillena,1980-1981: BM Guillena
foro-2026-costalero_prado-carrera,Lunes Santo,EL BESO DE JUDAS,Paso Palio,1981,BM Guillena,1980-1981: BM Guillena
foro-2026-costalero_prado-carrera,Lunes Santo,EL BESO DE JUDAS,Paso Palio,1982,BM Nuestra Señora de la Oliva de Salteras,1982-1984: BM Nuestra Señora de la Oliva de Salteras
foro-2026-costalero_prado-carrera,Lunes Santo,EL BESO DE JUDAS,Paso Palio,1983,BM Nuestra Señora de la Oliva de Salteras,1982-1984: BM Nuestra Señora de la Oliva de Salteras
foro-2026-costalero_prado-carrera,Lunes Santo,EL BESO DE JUDAS,Paso Palio,1984,BM Nuestra Señora de la Oliva de Salteras,1982-1984: BM Nuestra Señora de la Oliva de Salteras
foro-2026-costalero_prado-carrera,Lunes Santo,EL BESO DE JUDAS,Paso Palio,1985,BM Guillena,1985-1987: BM Guillena
foro-2026-costalero_prado-carrera,Lunes Santo,EL BESO DE JUDAS,Paso Palio,1986,BM Guillena,1985-1987: BM Guillena
foro-2026-costalero_prado-carrera,Lunes Santo,EL BESO DE JUDAS,Paso Palio,1987,BM Guillena,1985-1987: BM Guillena
foro-2026-costalero_prado-carrera,Lunes Santo,EL BESO DE JUDAS,Paso Palio,1988,BM Esperanza de Triana,1988-1993: BM Esperanza de Triana
foro-2026-costalero_prado-carrera,Lunes Santo,EL BESO DE JUDAS,Paso Palio,1989,BM Esperanza de Triana,1988-1993: BM Esperanza de Triana
foro-2026-costalero_prado-carrera,Lunes Santo,EL BESO DE JUDAS,Paso Palio,1990,BM Esperanza de Triana,1988-1993: BM Esperanza de Triana
foro-2026-costalero_prado-carrera,Lunes Santo,EL BESO DE JUDAS,Paso Palio,1991,BM Esperanza de Triana,1988-1993: BM Esperanza de Triana
foro-2026-costalero_prado-carrera,Lunes Santo,EL BESO DE JUDAS,Paso Palio,1992,BM Esperanza de Triana,1988-1993: BM Esperanza de Triana
foro-2026-costalero_prado-carrera,Lunes Santo,EL BESO DE JUDAS,Paso Palio,1993,BM Esperanza de Triana,1988-1993: BM Esperanza de Triana
foro-2026-costalero_prado-carrera,Lunes Santo,EL BESO DE JUDAS,Paso Palio,1994,BM Nuestra Señora del Rocío,1994-1995: BM Nuestra Señora del Rocío
foro-2026-costalero_prado-carrera,Lunes Santo,EL BESO DE JUDAS,Paso Palio,1995,BM Nuestra Señora del Rocío,1994-1995: BM Nuestra Señora del Rocío
foro-2026-costalero_prado-carrera,Lunes Santo,EL BESO DE JUDAS,Paso Palio,1996,Sociedad Filarmónica de Pilas,1996-2004: Sociedad Filarmónica de Pilas
foro-2026-costalero_prado-carrera,Lunes Santo,EL BESO DE JUDAS,Paso Palio,1997,Sociedad Filarmónica de Pilas,1996-2004: Sociedad Filarmónica de Pilas
foro-2026-costalero_prado-carrera,Lunes Santo,EL BESO DE JUDAS,Paso Palio,1998,Sociedad Filarmónica de Pilas,1996-2004: Sociedad Filarmónica de Pilas
foro-2026-costalero_prado-carrera,Lunes Santo,EL BESO DE JUDAS,Paso Palio,1999,Sociedad Filarmónica de Pilas,1996-2004: Sociedad Filarmónica de Pilas
foro-2026-costalero_prado-carrera,Lunes Santo,EL BESO DE JUDAS,Paso Palio,2000,Sociedad Filarmónica de Pilas,1996-2004: Sociedad Filarmónica de Pilas
foro-2026-costalero_prado-carrera,Lunes Santo,EL BESO DE JUDAS,Paso Palio,2001,Sociedad Filarmónica de Pilas,1996-2004: Sociedad Filarmónica de Pilas
foro-2026-costalero_prado-carrera,Lunes Santo,EL BESO DE JUDAS,Paso Palio,2002,Sociedad Filarmónica de Pilas,1996-2004: Sociedad Filarmónica de Pilas
foro-2026-costalero_prado-carrera,Lunes Santo,EL BESO DE JUDAS,Paso Palio,2003,Sociedad Filarmónica de Pilas,1996-2004: Sociedad Filarmónica de Pilas
foro-2026-costalero_prado-carrera,Lunes Santo,EL BESO DE JUDAS,Paso Palio,2004,Sociedad Filarmónica de Pilas,1996-2004: Sociedad Filarmónica de Pilas
foro-2026-costalero_prado-carrera,Lunes Santo,EL BESO DE JUDAS,Paso Palio,2005,BM Municipal de Mairena del Alcor,2005-2007: BM Municipal de Mairena del Alcor
foro-2026-costalero_prado-carrera,Lunes Santo,EL BESO DE JUDAS,Paso Palio,2006,BM Municipal de Mairena del Alcor,2005-2007: BM Municipal de Mairena del Alcor
foro-2026-costalero_prado-carrera,Lunes Santo,EL BESO DE JUDAS,Paso Palio,2007,BM Municipal de Mairena del Alcor,2005-2007: BM Municipal de Mairena del Alcor
foro-2026-costalero_prado-carrera,Lunes Santo,EL BESO DE JUDAS,Paso Palio,2008,BM Santa María de las Nieves de Olivares,2008-2021: BM Santa María de las Nieves de Olivares
foro-2026-costalero_prado-carrera,Lunes Santo,EL BESO DE JUDAS,Paso Palio,2009,BM Santa María de las Nieves de Olivares,2008-2021: BM Santa María de las Nieves de Olivares
foro-2026-costalero_prado-carrera,Lunes Santo,EL BESO DE JUDAS,Paso Palio,2010,BM Santa María de las Nieves de Olivares,2008-2021: BM Santa María de las Nieves de Olivares
foro-2026-costalero_prado-carrera,Lunes Santo,EL BESO DE JUDAS,Paso Palio,2011,BM Santa María de las Nieves de Olivares,2008-2021: BM Santa María de las Nieves de Olivares
foro-2026-costalero_prado-carrera,Lunes Santo,EL BESO DE JUDAS,Paso Palio,2012,BM Santa María de las Nieves de Olivares,2008-2021: BM Santa María de las Nieves de Olivares
foro-2026-costalero_prado-carrera,Lunes Santo,EL BESO DE JUDAS,Paso Palio,2013,BM Santa María de las Nieves de Olivares,2008-2021: BM Santa María de las Nieves de Olivares
foro-2026-costalero_prado-carrera,Lunes Santo,EL BESO DE JUDAS,Paso Palio,2014,BM Santa María de las Nieves de Olivares,2008-2021: BM Santa María de las Nieves de Olivares
foro-2026-costalero_prado-carrera,Lunes Santo,EL BESO DE JUDAS,Paso Palio,2015,BM Santa María de las Nieves de Olivares,2008-2021: BM Santa María de las Nieves de Olivares
foro-2026-costalero_prado-carrera,Lunes Santo,EL BESO DE JUDAS,Paso Palio,2016,BM Santa María de las Nieves de Olivares,2008-2021: BM Santa María de las Nieves de Olivares
foro-2026-costalero_prado-carrera,Lunes Santo,EL BESO DE JUDAS,Paso Palio,2017,BM Santa María de las Nieves de Olivares,2008-2021: BM Santa María de las Nieves de Olivares
foro-2026-costalero_prado-carrera,Lunes Santo,EL BESO DE JUDAS,Paso Palio,2018,BM Santa María de las Nieves de Olivares,2008-2021: BM Santa María de las Nieves de Olivares
foro-2026-costalero_prado-carrera,Lunes Santo,EL BESO DE JUDAS,Paso Palio,2019,BM Santa María de las Nieves de Olivares,2008-2021: BM Santa María de las Nieves de Olivares
foro-2026-costalero_prado-carrera,Lunes Santo,EL BESO DE JUDAS,Paso Palio,2020,BM Santa María de las Nieves de Olivares,2008-2021: BM Santa María de las Nieves de Olivares
foro-2026-costalero_prado-carrera,Lunes Santo,EL BESO DE JUDAS,Paso Palio,2021,BM Santa María de las Nieves de Olivares,2008-2021: BM Santa María de las Nieves de Olivares
foro-2026-costalero_prado-carrera,Lunes Santo,EL BESO DE JUDAS,Paso Palio,2022,BM Cruz Roja Sevilla,2022-2026: BM Cruz Roja Sevilla
foro-2026-costalero_prado-carrera,Lunes Santo,EL BESO DE JUDAS,Paso Palio,2023,BM Cruz Roja Sevilla,2022-2026: BM Cruz Roja Sevilla
foro-2026-costalero_prado-carrera,Lunes Santo,EL BESO DE JUDAS,Paso Palio,2024,BM Cruz Roja Sevilla,2022-2026: BM Cruz Roja Sevilla
foro-2026-costalero_prado-carrera,Lunes Santo,EL BESO DE JUDAS,Paso Palio,2025,BM Cruz Roja Sevilla,2022-2026: BM Cruz Roja Sevilla
foro-2026-costalero_prado-carrera,Lunes Santo,EL BESO DE JUDAS,Paso Palio,2026,BM Cruz Roja Sevilla,2022-2026: BM Cruz Roja Sevilla
foro-2026-costalero_prado-carrera,Lunes Santo,SANTA GENOVEVA,Paso Cristo (Cautivo),1980,CCTT Maestro Patón,1980: CCTT Maestro Patón
foro-2026-costalero_prado-carrera,Lunes Santo,SANTA GENOVEVA,Paso Cristo (Cautivo),1981,AM Victoria de Arahal,1981: AM Victoria de Arahal
foro-2026-costalero_prado-carrera,Lunes Santo,SANTA GENOVEVA,Paso Cristo (Cautivo),1982,AM Ntra. Sra. De las Angustias,1982-1986: AM Ntra. Sra. De las Angustias
foro-2026-costalero_prado-carrera,Lunes Santo,SANTA GENOVEVA,Paso Cristo (Cautivo),1983,AM Ntra. Sra. De las Angustias,1982-1986: AM Ntra. Sra. De las Angustias
foro-2026-costalero_prado-carrera,Lunes Santo,SANTA GENOVEVA,Paso Cristo (Cautivo),1984,AM Ntra. Sra. De las Angustias,1982-1986: AM Ntra. Sra. De las Angustias
foro-2026-costalero_prado-carrera,Lunes Santo,SANTA GENOVEVA,Paso Cristo (Cautivo),1985,AM Ntra. Sra. De las Angustias,1982-1986: AM Ntra. Sra. De las Angustias
foro-2026-costalero_prado-carrera,Lunes Santo,SANTA GENOVEVA,Paso Cristo (Cautivo),1986,AM Ntra. Sra. De las Angustias,1982-1986: AM Ntra. Sra. De las Angustias
foro-2026-costalero_prado-carrera,Lunes Santo,SANTA GENOVEVA,Paso Cristo (Cautivo),1987,AM Trinidad,1987-1990: AM Trinidad
foro-2026-costalero_prado-carrera,Lunes Santo,SANTA GENOVEVA,Paso Cristo (Cautivo),1988,AM Trinidad,1987-1990: AM Trinidad
foro-2026-costalero_prado-carrera,Lunes Santo,SANTA GENOVEVA,Paso Cristo (Cautivo),1989,AM Trinidad,1987-1990: AM Trinidad
foro-2026-costalero_prado-carrera,Lunes Santo,SANTA GENOVEVA,Paso Cristo (Cautivo),1990,AM Trinidad,1987-1990: AM Trinidad
foro-2026-costalero_prado-carrera,Lunes Santo,SANTA GENOVEVA,Paso Cristo (Cautivo),1991,CCTT Sol,1991-1993: CCTT Sol
foro-2026-costalero_prado-carrera,Lunes Santo,SANTA GENOVEVA,Paso Cristo (Cautivo),1992,CCTT Sol,1991-1993: CCTT Sol
foro-2026-costalero_prado-carrera,Lunes Santo,SANTA GENOVEVA,Paso Cristo (Cautivo),1993,CCTT Sol,1991-1993: CCTT Sol
foro-2026-costalero_prado-carrera,Lunes Santo,SANTA GENOVEVA,Paso Cristo (Cautivo),1994,CCTT Tres Caídas,1994-2001: CCTT Tres Caídas
foro-2026-costalero_prado-carrera,Lunes Santo,SANTA GENOVEVA,Paso Cristo (Cautivo),1995,CCTT Tres Caídas,1994-2001: CCTT Tres Caídas
foro-2026-costalero_prado-carrera,Lunes Santo,SANTA GENOVEVA,Paso Cristo (Cautivo),1996,CCTT Tres Caídas,1994-2001: CCTT Tres Caídas
foro-2026-costalero_prado-carrera,Lunes Santo,SANTA GENOVEVA,Paso Cristo (Cautivo),1997,CCTT Tres Caídas,1994-2001: CCTT Tres Caídas
foro-2026-costalero_prado-carrera,Lunes Santo,SANTA GENOVEVA,Paso Cristo (Cautivo),1998,CCTT Tres Caídas,1994-2001: CCTT Tres Caídas
foro-2026-costalero_prado-carrera,Lunes Santo,SANTA GENOVEVA,Paso Cristo (Cautivo),1999,CCTT Tres Caídas,1994-2001: CCTT Tres Caídas
foro-2026-costalero_prado-carrera,Lunes Santo,SANTA GENOVEVA,Paso Cristo (Cautivo),2000,CCTT Tres Caídas,1994-2001: CCTT Tres Caídas
foro-2026-costalero_prado-carrera,Lunes Santo,SANTA GENOVEVA,Paso Cristo (Cautivo),2001,CCTT Tres Caídas,1994-2001: CCTT Tres Caídas
foro-2026-costalero_prado-carrera,Lunes Santo,SANTA GENOVEVA,Paso Cristo (Cautivo),2002,CCTT Jesús Cautivo,2002-2006: CCTT Jesús Cautivo
foro-2026-costalero_prado-carrera,Lunes Santo,SANTA GENOVEVA,Paso Cristo (Cautivo),2003,CCTT Jesús Cautivo,2002-2006: CCTT Jesús Cautivo
foro-2026-costalero_prado-carrera,Lunes Santo,SANTA GENOVEVA,Paso Cristo (Cautivo),2004,CCTT Jesús Cautivo,2002-2006: CCTT Jesús Cautivo
foro-2026-costalero_prado-carrera,Lunes Santo,SANTA GENOVEVA,Paso Cristo (Cautivo),2005,CCTT Jesús Cautivo,2002-2006: CCTT Jesús Cautivo
foro-2026-costalero_prado-carrera,Lunes Santo,SANTA GENOVEVA,Paso Cristo (Cautivo),2006,CCTT Jesús Cautivo,2002-2006: CCTT Jesús Cautivo
foro-2026-costalero_prado-carrera,Lunes Santo,SANTA GENOVEVA,Paso Cristo (Cautivo),2007,CCTT Jesús Cautivo y Santiago Apóstol (Sanlúcar/Aznalcázar),2007 - 2010: CCTT Jesús Cautivo y Santiago Apóstol (Sanlúcar/Aznalcázar)
foro-2026-costalero_prado-carrera,Lunes Santo,SANTA GENOVEVA,Paso Cristo (Cautivo),2008,CCTT Jesús Cautivo y Santiago Apóstol (Sanlúcar/Aznalcázar),2007 - 2010: CCTT Jesús Cautivo y Santiago Apóstol (Sanlúcar/Aznalcázar)
foro-2026-costalero_prado-carrera,Lunes Santo,SANTA GENOVEVA,Paso Cristo (Cautivo),2009,CCTT Jesús Cautivo y Santiago Apóstol (Sanlúcar/Aznalcázar),2007 - 2010: CCTT Jesús Cautivo y Santiago Apóstol (Sanlúcar/Aznalcázar)
foro-2026-costalero_prado-carrera,Lunes Santo,SANTA GENOVEVA,Paso Cristo (Cautivo),2010,CCTT Jesús Cautivo y Santiago Apóstol (Sanlúcar/Aznalcázar),2007 - 2010: CCTT Jesús Cautivo y Santiago Apóstol (Sanlúcar/Aznalcázar)
foro-2026-costalero_prado-carrera,Lunes Santo,SANTA GENOVEVA,Paso Cristo (Cautivo),2011,CCTT Jesús Cautivo,2011-2018: CCTT Jesús Cautivo
foro-2026-costalero_prado-carrera,Lunes Santo,SANTA GENOVEVA,Paso Cristo (Cautivo),2012,CCTT Jesús Cautivo,2011-2018: CCTT Jesús Cautivo
foro-2026-costalero_prado-carrera,Lunes Santo,SANTA GENOVEVA,Paso Cristo (Cautivo),2013,CCTT Jesús Cautivo,2011-2018: CCTT Jesús Cautivo
foro-2026-costalero_prado-carrera,Lunes Santo,SANTA GENOVEVA,Paso Cristo (Cautivo),2014,CCTT Jesús Cautivo,2011-2018: CCTT Jesús Cautivo
foro-2026-costalero_prado-carrera,Lunes Santo,SANTA GENOVEVA,Paso Cristo (Cautivo),2015,CCTT Jesús Cautivo,2011-2018: CCTT Jesús Cautivo
foro-2026-costalero_prado-carrera,Lunes Santo,SANTA GENOVEVA,Paso Cristo (Cautivo),2016,CCTT Jesús Cautivo,2011-2018: CCTT Jesús Cautivo
foro-2026-costalero_prado-carrera,Lunes Santo,SANTA GENOVEVA,Paso Cristo (Cautivo),2017,CCTT Jesús Cautivo,2011-2018: CCTT Jesús Cautivo
foro-2026-costalero_prado-carrera,Lunes Santo,SANTA GENOVEVA,Paso Cristo (Cautivo),2018,CCTT Jesús Cautivo,2011-2018: CCTT Jesús Cautivo
foro-2026-costalero_prado-carrera,Lunes Santo,SANTA GENOVEVA,Paso Cristo (Cautivo),2019,AM Pasión de Linares,2019-2026: AM Pasión de Linares
foro-2026-costalero_prado-carrera,Lunes Santo,SANTA GENOVEVA,Paso Cristo (Cautivo),2020,AM Pasión de Linares,2019-2026: AM Pasión de Linares
foro-2026-costalero_prado-carrera,Lunes Santo,SANTA GENOVEVA,Paso Cristo (Cautivo),2021,AM Pasión de Linares,2019-2026: AM Pasión de Linares
foro-2026-costalero_prado-carrera,Lunes Santo,SANTA GENOVEVA,Paso Cristo (Cautivo),2022,AM Pasión de Linares,2019-2026: AM Pasión de Linares
foro-2026-costalero_prado-carrera,Lunes Santo,SANTA GENOVEVA,Paso Cristo (Cautivo),2023,AM Pasión de Linares,2019-2026: AM Pasión de Linares
foro-2026-costalero_prado-carrera,Lunes Santo,SANTA GENOVEVA,Paso Cristo (Cautivo),2024,AM Pasión de Linares,2019-2026: AM Pasión de Linares
foro-2026-costalero_prado-carrera,Lunes Santo,SANTA GENOVEVA,Paso Cristo (Cautivo),2025,AM Pasión de Linares,2019-2026: AM Pasión de Linares
foro-2026-costalero_prado-carrera,Lunes Santo,SANTA GENOVEVA,Paso Cristo (Cautivo),2026,AM Pasión de Linares,2019-2026: AM Pasión de Linares
foro-2026-costalero_prado-carrera,Lunes Santo,SANTA GENOVEVA,Paso Palio,1980,BM Maestro Tejera,1980: BM Maestro Tejera
foro-2026-costalero_prado-carrera,Lunes Santo,SANTA GENOVEVA,Paso Palio,1981,BM Nuestra Señora del Carmen de Salteras,1981-2026: BM Nuestra Señora del Carmen de Salteras
foro-2026-costalero_prado-carrera,Lunes Santo,SANTA GENOVEVA,Paso Palio,1982,BM Nuestra Señora del Carmen de Salteras,1981-2026: BM Nuestra Señora del Carmen de Salteras
foro-2026-costalero_prado-carrera,Lunes Santo,SANTA GENOVEVA,Paso Palio,1983,BM Nuestra Señora del Carmen de Salteras,1981-2026: BM Nuestra Señora del Carmen de Salteras
foro-2026-costalero_prado-carrera,Lunes Santo,SANTA GENOVEVA,Paso Palio,1984,BM Nuestra Señora del Carmen de Salteras,1981-2026: BM Nuestra Señora del Carmen de Salteras
foro-2026-costalero_prado-carrera,Lunes Santo,SANTA GENOVEVA,Paso Palio,1985,BM Nuestra Señora del Carmen de Salteras,1981-2026: BM Nuestra Señora del Carmen de Salteras
foro-2026-costalero_prado-carrera,Lunes Santo,SANTA GENOVEVA,Paso Palio,1986,BM Nuestra Señora del Carmen de Salteras,1981-2026: BM Nuestra Señora del Carmen de Salteras
foro-2026-costalero_prado-carrera,Lunes Santo,SANTA GENOVEVA,Paso Palio,1987,BM Nuestra Señora del Carmen de Salteras,1981-2026: BM Nuestra Señora del Carmen de Salteras
foro-2026-costalero_prado-carrera,Lunes Santo,SANTA GENOVEVA,Paso Palio,1988,BM Nuestra Señora del Carmen de Salteras,1981-2026: BM Nuestra Señora del Carmen de Salteras
foro-2026-costalero_prado-carrera,Lunes Santo,SANTA GENOVEVA,Paso Palio,1989,BM Nuestra Señora del Carmen de Salteras,1981-2026: BM Nuestra Señora del Carmen de Salteras
foro-2026-costalero_prado-carrera,Lunes Santo,SANTA GENOVEVA,Paso Palio,1990,BM Nuestra Señora del Carmen de Salteras,1981-2026: BM Nuestra Señora del Carmen de Salteras
foro-2026-costalero_prado-carrera,Lunes Santo,SANTA GENOVEVA,Paso Palio,1991,BM Nuestra Señora del Carmen de Salteras,1981-2026: BM Nuestra Señora del Carmen de Salteras
foro-2026-costalero_prado-carrera,Lunes Santo,SANTA GENOVEVA,Paso Palio,1992,BM Nuestra Señora del Carmen de Salteras,1981-2026: BM Nuestra Señora del Carmen de Salteras
foro-2026-costalero_prado-carrera,Lunes Santo,SANTA GENOVEVA,Paso Palio,1993,BM Nuestra Señora del Carmen de Salteras,1981-2026: BM Nuestra Señora del Carmen de Salteras
foro-2026-costalero_prado-carrera,Lunes Santo,SANTA GENOVEVA,Paso Palio,1994,BM Nuestra Señora del Carmen de Salteras,1981-2026: BM Nuestra Señora del Carmen de Salteras
foro-2026-costalero_prado-carrera,Lunes Santo,SANTA GENOVEVA,Paso Palio,1995,BM Nuestra Señora del Carmen de Salteras,1981-2026: BM Nuestra Señora del Carmen de Salteras
foro-2026-costalero_prado-carrera,Lunes Santo,SANTA GENOVEVA,Paso Palio,1996,BM Nuestra Señora del Carmen de Salteras,1981-2026: BM Nuestra Señora del Carmen de Salteras
foro-2026-costalero_prado-carrera,Lunes Santo,SANTA GENOVEVA,Paso Palio,1997,BM Nuestra Señora del Carmen de Salteras,1981-2026: BM Nuestra Señora del Carmen de Salteras
foro-2026-costalero_prado-carrera,Lunes Santo,SANTA GENOVEVA,Paso Palio,1998,BM Nuestra Señora del Carmen de Salteras,1981-2026: BM Nuestra Señora del Carmen de Salteras
foro-2026-costalero_prado-carrera,Lunes Santo,SANTA GENOVEVA,Paso Palio,1999,BM Nuestra Señora del Carmen de Salteras,1981-2026: BM Nuestra Señora del Carmen de Salteras
foro-2026-costalero_prado-carrera,Lunes Santo,SANTA GENOVEVA,Paso Palio,2000,BM Nuestra Señora del Carmen de Salteras,1981-2026: BM Nuestra Señora del Carmen de Salteras
foro-2026-costalero_prado-carrera,Lunes Santo,SANTA GENOVEVA,Paso Palio,2001,BM Nuestra Señora del Carmen de Salteras,1981-2026: BM Nuestra Señora del Carmen de Salteras
foro-2026-costalero_prado-carrera,Lunes Santo,SANTA GENOVEVA,Paso Palio,2002,BM Nuestra Señora del Carmen de Salteras,1981-2026: BM Nuestra Señora del Carmen de Salteras
foro-2026-costalero_prado-carrera,Lunes Santo,SANTA GENOVEVA,Paso Palio,2003,BM Nuestra Señora del Carmen de Salteras,1981-2026: BM Nuestra Señora del Carmen de Salteras
foro-2026-costalero_prado-carrera,Lunes Santo,SANTA GENOVEVA,Paso Palio,2004,BM Nuestra Señora del Carmen de Salteras,1981-2026: BM Nuestra Señora del Carmen de Salteras
foro-2026-costalero_prado-carrera,Lunes Santo,SANTA GENOVEVA,Paso Palio,2005,BM Nuestra Señora del Carmen de Salteras,1981-2026: BM Nuestra Señora del Carmen de Salteras
foro-2026-costalero_prado-carrera,Lunes Santo,SANTA GENOVEVA,Paso Palio,2006,BM Nuestra Señora del Carmen de Salteras,1981-2026: BM Nuestra Señora del Carmen de Salteras
foro-2026-costalero_prado-carrera,Lunes Santo,SANTA GENOVEVA,Paso Palio,2007,BM Nuestra Señora del Carmen de Salteras,1981-2026: BM Nuestra Señora del Carmen de Salteras
foro-2026-costalero_prado-carrera,Lunes Santo,SANTA GENOVEVA,Paso Palio,2008,BM Nuestra Señora del Carmen de Salteras,1981-2026: BM Nuestra Señora del Carmen de Salteras
foro-2026-costalero_prado-carrera,Lunes Santo,SANTA GENOVEVA,Paso Palio,2009,BM Nuestra Señora del Carmen de Salteras,1981-2026: BM Nuestra Señora del Carmen de Salteras
foro-2026-costalero_prado-carrera,Lunes Santo,SANTA GENOVEVA,Paso Palio,2010,BM Nuestra Señora del Carmen de Salteras,1981-2026: BM Nuestra Señora del Carmen de Salteras
foro-2026-costalero_prado-carrera,Lunes Santo,SANTA GENOVEVA,Paso Palio,2011,BM Nuestra Señora del Carmen de Salteras,1981-2026: BM Nuestra Señora del Carmen de Salteras
foro-2026-costalero_prado-carrera,Lunes Santo,SANTA GENOVEVA,Paso Palio,2012,BM Nuestra Señora del Carmen de Salteras,1981-2026: BM Nuestra Señora del Carmen de Salteras
foro-2026-costalero_prado-carrera,Lunes Santo,SANTA GENOVEVA,Paso Palio,2013,BM Nuestra Señora del Carmen de Salteras,1981-2026: BM Nuestra Señora del Carmen de Salteras
foro-2026-costalero_prado-carrera,Lunes Santo,SANTA GENOVEVA,Paso Palio,2014,BM Nuestra Señora del Carmen de Salteras,1981-2026: BM Nuestra Señora del Carmen de Salteras
foro-2026-costalero_prado-carrera,Lunes Santo,SANTA GENOVEVA,Paso Palio,2015,BM Nuestra Señora del Carmen de Salteras,1981-2026: BM Nuestra Señora del Carmen de Salteras
foro-2026-costalero_prado-carrera,Lunes Santo,SANTA GENOVEVA,Paso Palio,2016,BM Nuestra Señora del Carmen de Salteras,1981-2026: BM Nuestra Señora del Carmen de Salteras
foro-2026-costalero_prado-carrera,Lunes Santo,SANTA GENOVEVA,Paso Palio,2017,BM Nuestra Señora del Carmen de Salteras,1981-2026: BM Nuestra Señora del Carmen de Salteras
foro-2026-costalero_prado-carrera,Lunes Santo,SANTA GENOVEVA,Paso Palio,2018,BM Nuestra Señora del Carmen de Salteras,1981-2026: BM Nuestra Señora del Carmen de Salteras
foro-2026-costalero_prado-carrera,Lunes Santo,SANTA GENOVEVA,Paso Palio,2019,BM Nuestra Señora del Carmen de Salteras,1981-2026: BM Nuestra Señora del Carmen de Salteras
foro-2026-costalero_prado-carrera,Lunes Santo,SANTA GENOVEVA,Paso Palio,2020,BM Nuestra Señora del Carmen de Salteras,1981-2026: BM Nuestra Señora del Carmen de Salteras
foro-2026-costalero_prado-carrera,Lunes Santo,SANTA GENOVEVA,Paso Palio,2021,BM Nuestra Señora del Carmen de Salteras,1981-2026: BM Nuestra Señora del Carmen de Salteras
foro-2026-costalero_prado-carrera,Lunes Santo,SANTA GENOVEVA,Paso Palio,2022,BM Nuestra Señora del Carmen de Salteras,1981-2026: BM Nuestra Señora del Carmen de Salteras
foro-2026-costalero_prado-carrera,Lunes Santo,SANTA GENOVEVA,Paso Palio,2023,BM Nuestra Señora del Carmen de Salteras,1981-2026: BM Nuestra Señora del Carmen de Salteras
foro-2026-costalero_prado-carrera,Lunes Santo,SANTA GENOVEVA,Paso Palio,2024,BM Nuestra Señora del Carmen de Salteras,1981-2026: BM Nuestra Señora del Carmen de Salteras
foro-2026-costalero_prado-carrera,Lunes Santo,SANTA GENOVEVA,Paso Palio,2025,BM Nuestra Señora del Carmen de Salteras,1981-2026: BM Nuestra Señora del Carmen de Salteras
foro-2026-costalero_prado-carrera,Lunes Santo,SANTA GENOVEVA,Paso Palio,2026,BM Nuestra Señora del Carmen de Salteras,1981-2026: BM Nuestra Señora del Carmen de Salteras
foro-2026-costalero_prado-carrera,Lunes Santo,SAN GONZALO,Paso Cristo (Misterio),1980,CyT de la Policía Municipal,1980: CyT de la Policía Municipal
foro-2026-costalero_prado-carrera,Lunes Santo,SAN GONZALO,Paso Cristo (Misterio),1981,CyT Las Cigarreras,1981-1983: CyT Las Cigarreras
foro-2026-costalero_prado-carrera,Lunes Santo,SAN GONZALO,Paso Cristo (Misterio),1982,CyT Las Cigarreras,1981-1983: CyT Las Cigarreras
foro-2026-costalero_prado-carrera,Lunes Santo,SAN GONZALO,Paso Cristo (Misterio),1983,CyT Las Cigarreras,1981-1983: CyT Las Cigarreras
foro-2026-costalero_prado-carrera,Lunes Santo,SAN GONZALO,Paso Cristo (Misterio),1984,CyT Tres Caídas,1984: CyT Tres Caídas
foro-2026-costalero_prado-carrera,Lunes Santo,SAN GONZALO,Paso Cristo (Misterio),1985,CyT Ntra. Sra. de la Victoria (Cigarreras),1985 – 2026: CyT Ntra. Sra. de la Victoria (Cigarreras)
foro-2026-costalero_prado-carrera,Lunes Santo,SAN GONZALO,Paso Cristo (Misterio),1986,CyT Ntra. Sra. de la Victoria (Cigarreras),1985 – 2026: CyT Ntra. Sra. de la Victoria (Cigarreras)
foro-2026-costalero_prado-carrera,Lunes Santo,SAN GONZALO,Paso Cristo (Misterio),1987,CyT Ntra. Sra. de la Victoria (Cigarreras),1985 – 2026: CyT Ntra. Sra. de la Victoria (Cigarreras)
foro-2026-costalero_prado-carrera,Lunes Santo,SAN GONZALO,Paso Cristo (Misterio),1988,CyT Ntra. Sra. de la Victoria (Cigarreras),1985 – 2026: CyT Ntra. Sra. de la Victoria (Cigarreras)
foro-2026-costalero_prado-carrera,Lunes Santo,SAN GONZALO,Paso Cristo (Misterio),1989,CyT Ntra. Sra. de la Victoria (Cigarreras),1985 – 2026: CyT Ntra. Sra. de la Victoria (Cigarreras)
foro-2026-costalero_prado-carrera,Lunes Santo,SAN GONZALO,Paso Cristo (Misterio),1990,CyT Ntra. Sra. de la Victoria (Cigarreras),1985 – 2026: CyT Ntra. Sra. de la Victoria (Cigarreras)
foro-2026-costalero_prado-carrera,Lunes Santo,SAN GONZALO,Paso Cristo (Misterio),1991,CyT Ntra. Sra. de la Victoria (Cigarreras),1985 – 2026: CyT Ntra. Sra. de la Victoria (Cigarreras)
foro-2026-costalero_prado-carrera,Lunes Santo,SAN GONZALO,Paso Cristo (Misterio),1992,CyT Ntra. Sra. de la Victoria (Cigarreras),1985 – 2026: CyT Ntra. Sra. de la Victoria (Cigarreras)
foro-2026-costalero_prado-carrera,Lunes Santo,SAN GONZALO,Paso Cristo (Misterio),1993,CyT Ntra. Sra. de la Victoria (Cigarreras),1985 – 2026: CyT Ntra. Sra. de la Victoria (Cigarreras)
foro-2026-costalero_prado-carrera,Lunes Santo,SAN GONZALO,Paso Cristo (Misterio),1994,CyT Ntra. Sra. de la Victoria (Cigarreras),1985 – 2026: CyT Ntra. Sra. de la Victoria (Cigarreras)
foro-2026-costalero_prado-carrera,Lunes Santo,SAN GONZALO,Paso Cristo (Misterio),1995,CyT Ntra. Sra. de la Victoria (Cigarreras),1985 – 2026: CyT Ntra. Sra. de la Victoria (Cigarreras)
foro-2026-costalero_prado-carrera,Lunes Santo,SAN GONZALO,Paso Cristo (Misterio),1996,CyT Ntra. Sra. de la Victoria (Cigarreras),1985 – 2026: CyT Ntra. Sra. de la Victoria (Cigarreras)
foro-2026-costalero_prado-carrera,Lunes Santo,SAN GONZALO,Paso Cristo (Misterio),1997,CyT Ntra. Sra. de la Victoria (Cigarreras),1985 – 2026: CyT Ntra. Sra. de la Victoria (Cigarreras)
foro-2026-costalero_prado-carrera,Lunes Santo,SAN GONZALO,Paso Cristo (Misterio),1998,CyT Ntra. Sra. de la Victoria (Cigarreras),1985 – 2026: CyT Ntra. Sra. de la Victoria (Cigarreras)
foro-2026-costalero_prado-carrera,Lunes Santo,SAN GONZALO,Paso Cristo (Misterio),1999,CyT Ntra. Sra. de la Victoria (Cigarreras),1985 – 2026: CyT Ntra. Sra. de la Victoria (Cigarreras)
foro-2026-costalero_prado-carrera,Lunes Santo,SAN GONZALO,Paso Cristo (Misterio),2000,CyT Ntra. Sra. de la Victoria (Cigarreras),1985 – 2026: CyT Ntra. Sra. de la Victoria (Cigarreras)
foro-2026-costalero_prado-carrera,Lunes Santo,SAN GONZALO,Paso Cristo (Misterio),2001,CyT Ntra. Sra. de la Victoria (Cigarreras),1985 – 2026: CyT Ntra. Sra. de la Victoria (Cigarreras)
foro-2026-costalero_prado-carrera,Lunes Santo,SAN GONZALO,Paso Cristo (Misterio),2002,CyT Ntra. Sra. de la Victoria (Cigarreras),1985 – 2026: CyT Ntra. Sra. de la Victoria (Cigarreras)
foro-2026-costalero_prado-carrera,Lunes Santo,SAN GONZALO,Paso Cristo (Misterio),2003,CyT Ntra. Sra. de la Victoria (Cigarreras),1985 – 2026: CyT Ntra. Sra. de la Victoria (Cigarreras)
foro-2026-costalero_prado-carrera,Lunes Santo,SAN GONZALO,Paso Cristo (Misterio),2004,CyT Ntra. Sra. de la Victoria (Cigarreras),1985 – 2026: CyT Ntra. Sra. de la Victoria (Cigarreras)
foro-2026-costalero_prado-carrera,Lunes Santo,SAN GONZALO,Paso Cristo (Misterio),2005,CyT Ntra. Sra. de la Victoria (Cigarreras),1985 – 2026: CyT Ntra. Sra. de la Victoria (Cigarreras)
foro-2026-costalero_prado-carrera,Lunes Santo,SAN GONZALO,Paso Cristo (Misterio),2006,CyT Ntra. Sra. de la Victoria (Cigarreras),1985 – 2026: CyT Ntra. Sra. de la Victoria (Cigarreras)
foro-2026-costalero_prado-carrera,Lunes Santo,SAN GONZALO,Paso Cristo (Misterio),2007,CyT Ntra. Sra. de la Victoria (Cigarreras),1985 – 2026: CyT Ntra. Sra. de la Victoria (Cigarreras)
foro-2026-costalero_prado-carrera,Lunes Santo,SAN GONZALO,Paso Cristo (Misterio),2008,CyT Ntra. Sra. de la Victoria (Cigarreras),1985 – 2026: CyT Ntra. Sra. de la Victoria (Cigarreras)
foro-2026-costalero_prado-carrera,Lunes Santo,SAN GONZALO,Paso Cristo (Misterio),2009,CyT Ntra. Sra. de la Victoria (Cigarreras),1985 – 2026: CyT Ntra. Sra. de la Victoria (Cigarreras)
foro-2026-costalero_prado-carrera,Lunes Santo,SAN GONZALO,Paso Cristo (Misterio),2010,CyT Ntra. Sra. de la Victoria (Cigarreras),1985 – 2026: CyT Ntra. Sra. de la Victoria (Cigarreras)
foro-2026-costalero_prado-carrera,Lunes Santo,SAN GONZALO,Paso Cristo (Misterio),2011,CyT Ntra. Sra. de la Victoria (Cigarreras),1985 – 2026: CyT Ntra. Sra. de la Victoria (Cigarreras)
foro-2026-costalero_prado-carrera,Lunes Santo,SAN GONZALO,Paso Cristo (Misterio),2012,CyT Ntra. Sra. de la Victoria (Cigarreras),1985 – 2026: CyT Ntra. Sra. de la Victoria (Cigarreras)
foro-2026-costalero_prado-carrera,Lunes Santo,SAN GONZALO,Paso Cristo (Misterio),2013,CyT Ntra. Sra. de la Victoria (Cigarreras),1985 – 2026: CyT Ntra. Sra. de la Victoria (Cigarreras)
foro-2026-costalero_prado-carrera,Lunes Santo,SAN GONZALO,Paso Cristo (Misterio),2014,CyT Ntra. Sra. de la Victoria (Cigarreras),1985 – 2026: CyT Ntra. Sra. de la Victoria (Cigarreras)
foro-2026-costalero_prado-carrera,Lunes Santo,SAN GONZALO,Paso Cristo (Misterio),2015,CyT Ntra. Sra. de la Victoria (Cigarreras),1985 – 2026: CyT Ntra. Sra. de la Victoria (Cigarreras)
foro-2026-costalero_prado-carrera,Lunes Santo,SAN GONZALO,Paso Cristo (Misterio),2016,CyT Ntra. Sra. de la Victoria (Cigarreras),1985 – 2026: CyT Ntra. Sra. de la Victoria (Cigarreras)
foro-2026-costalero_prado-carrera,Lunes Santo,SAN GONZALO,Paso Cristo (Misterio),2017,CyT Ntra. Sra. de la Victoria (Cigarreras),1985 – 2026: CyT Ntra. Sra. de la Victoria (Cigarreras)
foro-2026-costalero_prado-carrera,Lunes Santo,SAN GONZALO,Paso Cristo (Misterio),2018,CyT Ntra. Sra. de la Victoria (Cigarreras),1985 – 2026: CyT Ntra. Sra. de la Victoria (Cigarreras)
foro-2026-costalero_prado-carrera,Lunes Santo,SAN GONZALO,Paso Cristo (Misterio),2019,CyT Ntra. Sra. de la Victoria (Cigarreras),1985 – 2026: CyT Ntra. Sra. de la Victoria (Cigarreras)
foro-2026-costalero_prado-carrera,Lunes Santo,SAN GONZALO,Paso Cristo (Misterio),2020,CyT Ntra. Sra. de la Victoria (Cigarreras),1985 – 2026: CyT Ntra. Sra. de la Victoria (Cigarreras)
foro-2026-costalero_prado-carrera,Lunes Santo,SAN GONZALO,Paso Cristo (Misterio),2021,CyT Ntra. Sra. de la Victoria (Cigarreras),1985 – 2026: CyT Ntra. Sra. de la Victoria (Cigarreras)
foro-2026-costalero_prado-carrera,Lunes Santo,SAN GONZALO,Paso Cristo (Misterio),2022,CyT Ntra. Sra. de la Victoria (Cigarreras),1985 – 2026: CyT Ntra. Sra. de la Victoria (Cigarreras)
foro-2026-costalero_prado-carrera,Lunes Santo,SAN GONZALO,Paso Cristo (Misterio),2023,CyT Ntra. Sra. de la Victoria (Cigarreras),1985 – 2026: CyT Ntra. Sra. de la Victoria (Cigarreras)
foro-2026-costalero_prado-carrera,Lunes Santo,SAN GONZALO,Paso Cristo (Misterio),2024,CyT Ntra. Sra. de la Victoria (Cigarreras),1985 – 2026: CyT Ntra. Sra. de la Victoria (Cigarreras)
foro-2026-costalero_prado-carrera,Lunes Santo,SAN GONZALO,Paso Cristo (Misterio),2025,CyT Ntra. Sra. de la Victoria (Cigarreras),1985 – 2026: CyT Ntra. Sra. de la Victoria (Cigarreras)
foro-2026-costalero_prado-carrera,Lunes Santo,SAN GONZALO,Paso Cristo (Misterio),2026,CyT Ntra. Sra. de la Victoria (Cigarreras),1985 – 2026: CyT Ntra. Sra. de la Victoria (Cigarreras)
foro-2026-costalero_prado-carrera,Lunes Santo,SAN GONZALO,Paso Palio,1980,BM Santa Cecilia,1980-1984: BM Santa Cecilia
foro-2026-costalero_prado-carrera,Lunes Santo,SAN GONZALO,Paso Palio,1981,BM Santa Cecilia,1980-1984: BM Santa Cecilia
foro-2026-costalero_prado-carrera,Lunes Santo,SAN GONZALO,Paso Palio,1982,BM Santa Cecilia,1980-1984: BM Santa Cecilia
foro-2026-costalero_prado-carrera,Lunes Santo,SAN GONZALO,Paso Palio,1983,BM Santa Cecilia,1980-1984: BM Santa Cecilia
foro-2026-costalero_prado-carrera,Lunes Santo,SAN GONZALO,Paso Palio,1984,BM Santa Cecilia,1980-1984: BM Santa Cecilia
foro-2026-costalero_prado-carrera,Lunes Santo,SAN GONZALO,Paso Palio,1985,BM Nuestra Señora de la Soledad de la Algaba,1985-1988: BM Nuestra Señora de la Soledad de la Algaba
foro-2026-costalero_prado-carrera,Lunes Santo,SAN GONZALO,Paso Palio,1986,BM Nuestra Señora de la Soledad de la Algaba,1985-1988: BM Nuestra Señora de la Soledad de la Algaba
foro-2026-costalero_prado-carrera,Lunes Santo,SAN GONZALO,Paso Palio,1987,BM Nuestra Señora de la Soledad de la Algaba,1985-1988: BM Nuestra Señora de la Soledad de la Algaba
foro-2026-costalero_prado-carrera,Lunes Santo,SAN GONZALO,Paso Palio,1988,BM Nuestra Señora de la Soledad de la Algaba,1985-1988: BM Nuestra Señora de la Soledad de la Algaba
foro-2026-costalero_prado-carrera,Lunes Santo,SAN GONZALO,Paso Palio,1989,BM Nuestra Señora de la Oliva de Salteras,1989-2004: BM Nuestra Señora de la Oliva de Salteras
foro-2026-costalero_prado-carrera,Lunes Santo,SAN GONZALO,Paso Palio,1990,BM Nuestra Señora de la Oliva de Salteras,1989-2004: BM Nuestra Señora de la Oliva de Salteras
foro-2026-costalero_prado-carrera,Lunes Santo,SAN GONZALO,Paso Palio,1991,BM Nuestra Señora de la Oliva de Salteras,1989-2004: BM Nuestra Señora de la Oliva de Salteras
foro-2026-costalero_prado-carrera,Lunes Santo,SAN GONZALO,Paso Palio,1992,BM Nuestra Señora de la Oliva de Salteras,1989-2004: BM Nuestra Señora de la Oliva de Salteras
foro-2026-costalero_prado-carrera,Lunes Santo,SAN GONZALO,Paso Palio,1993,BM Nuestra Señora de la Oliva de Salteras,1989-2004: BM Nuestra Señora de la Oliva de Salteras
foro-2026-costalero_prado-carrera,Lunes Santo,SAN GONZALO,Paso Palio,1994,BM Nuestra Señora de la Oliva de Salteras,1989-2004: BM Nuestra Señora de la Oliva de Salteras
foro-2026-costalero_prado-carrera,Lunes Santo,SAN GONZALO,Paso Palio,1995,BM Nuestra Señora de la Oliva de Salteras,1989-2004: BM Nuestra Señora de la Oliva de Salteras
foro-2026-costalero_prado-carrera,Lunes Santo,SAN GONZALO,Paso Palio,1996,BM Nuestra Señora de la Oliva de Salteras,1989-2004: BM Nuestra Señora de la Oliva de Salteras
foro-2026-costalero_prado-carrera,Lunes Santo,SAN GONZALO,Paso Palio,1997,BM Nuestra Señora de la Oliva de Salteras,1989-2004: BM Nuestra Señora de la Oliva de Salteras
foro-2026-costalero_prado-carrera,Lunes Santo,SAN GONZALO,Paso Palio,1998,BM Nuestra Señora de la Oliva de Salteras,1989-2004: BM Nuestra Señora de la Oliva de Salteras
foro-2026-costalero_prado-carrera,Lunes Santo,SAN GONZALO,Paso Palio,1999,BM Nuestra Señora de la Oliva de Salteras,1989-2004: BM Nuestra Señora de la Oliva de Salteras
foro-2026-costalero_prado-carrera,Lunes Santo,SAN GONZALO,Paso Palio,2000,BM Nuestra Señora de la Oliva de Salteras,1989-2004: BM Nuestra Señora de la Oliva de Salteras
foro-2026-costalero_prado-carrera,Lunes Santo,SAN GONZALO,Paso Palio,2001,BM Nuestra Señora de la Oliva de Salteras,1989-2004: BM Nuestra Señora de la Oliva de Salteras
foro-2026-costalero_prado-carrera,Lunes Santo,SAN GONZALO,Paso Palio,2002,BM Nuestra Señora de la Oliva de Salteras,1989-2004: BM Nuestra Señora de la Oliva de Salteras
foro-2026-costalero_prado-carrera,Lunes Santo,SAN GONZALO,Paso Palio,2003,BM Nuestra Señora de la Oliva de Salteras,1989-2004: BM Nuestra Señora de la Oliva de Salteras
foro-2026-costalero_prado-carrera,Lunes Santo,SAN GONZALO,Paso Palio,2004,BM Nuestra Señora de la Oliva de Salteras,1989-2004: BM Nuestra Señora de la Oliva de Salteras
foro-2026-costalero_prado-carrera,Lunes Santo,SAN GONZALO,Paso Palio,2005,BM Santa Ana de Dos Hermanas,2005-2026: BM Santa Ana de Dos Hermanas
foro-2026-costalero_prado-carrera,Lunes Santo,SAN GONZALO,Paso Palio,2006,BM Santa Ana de Dos Hermanas,2005-2026: BM Santa Ana de Dos Hermanas
foro-2026-costalero_prado-carrera,Lunes Santo,SAN GONZALO,Paso Palio,2007,BM Santa Ana de Dos Hermanas,2005-2026: BM Santa Ana de Dos Hermanas
foro-2026-costalero_prado-carrera,Lunes Santo,SAN GONZALO,Paso Palio,2008,BM Santa Ana de Dos Hermanas,2005-2026: BM Santa Ana de Dos Hermanas
foro-2026-costalero_prado-carrera,Lunes Santo,SAN GONZALO,Paso Palio,2009,BM Santa Ana de Dos Hermanas,2005-2026: BM Santa Ana de Dos Hermanas
foro-2026-costalero_prado-carrera,Lunes Santo,SAN GONZALO,Paso Palio,2010,BM Santa Ana de Dos Hermanas,2005-2026: BM Santa Ana de Dos Hermanas
foro-2026-costalero_prado-carrera,Lunes Santo,SAN GONZALO,Paso Palio,2011,BM Santa Ana de Dos Hermanas,2005-2026: BM Santa Ana de Dos Hermanas
foro-2026-costalero_prado-carrera,Lunes Santo,SAN GONZALO,Paso Palio,2012,BM Santa Ana de Dos Hermanas,2005-2026: BM Santa Ana de Dos Hermanas
foro-2026-costalero_prado-carrera,Lunes Santo,SAN GONZALO,Paso Palio,2013,BM Santa Ana de Dos Hermanas,2005-2026: BM Santa Ana de Dos Hermanas
foro-2026-costalero_prado-carrera,Lunes Santo,SAN GONZALO,Paso Palio,2014,BM Santa Ana de Dos Hermanas,2005-2026: BM Santa Ana de Dos Hermanas
foro-2026-costalero_prado-carrera,Lunes Santo,SAN GONZALO,Paso Palio,2015,BM Santa Ana de Dos Hermanas,2005-2026: BM Santa Ana de Dos Hermanas
foro-2026-costalero_prado-carrera,Lunes Santo,SAN GONZALO,Paso Palio,2016,BM Santa Ana de Dos Hermanas,2005-2026: BM Santa Ana de Dos Hermanas
foro-2026-costalero_prado-carrera,Lunes Santo,SAN GONZALO,Paso Palio,2017,BM Santa Ana de Dos Hermanas,2005-2026: BM Santa Ana de Dos Hermanas
foro-2026-costalero_prado-carrera,Lunes Santo,SAN GONZALO,Paso Palio,2018,BM Santa Ana de Dos Hermanas,2005-2026: BM Santa Ana de Dos Hermanas
foro-2026-costalero_prado-carrera,Lunes Santo,SAN GONZALO,Paso Palio,2019,BM Santa Ana de Dos Hermanas,2005-2026: BM Santa Ana de Dos Hermanas
foro-2026-costalero_prado-carrera,Lunes Santo,SAN GONZALO,Paso Palio,2020,BM Santa Ana de Dos Hermanas,2005-2026: BM Santa Ana de Dos Hermanas
foro-2026-costalero_prado-carrera,Lunes Santo,SAN GONZALO,Paso Palio,2021,BM Santa Ana de Dos Hermanas,2005-2026: BM Santa Ana de Dos Hermanas
foro-2026-costalero_prado-carrera,Lunes Santo,SAN GONZALO,Paso Palio,2022,BM Santa Ana de Dos Hermanas,2005-2026: BM Santa Ana de Dos Hermanas
foro-2026-costalero_prado-carrera,Lunes Santo,SAN GONZALO,Paso Palio,2023,BM Santa Ana de Dos Hermanas,2005-2026: BM Santa Ana de Dos Hermanas
foro-2026-costalero_prado-carrera,Lunes Santo,SAN GONZALO,Paso Palio,2024,BM Santa Ana de Dos Hermanas,2005-2026: BM Santa Ana de Dos Hermanas
foro-2026-costalero_prado-carrera,Lunes Santo,SAN GONZALO,Paso Palio,2025,BM Santa Ana de Dos Hermanas,2005-2026: BM Santa Ana de Dos Hermanas
foro-2026-costalero_prado-carrera,Lunes Santo,SAN GONZALO,Paso Palio,2026,BM Santa Ana de Dos Hermanas,2005-2026: BM Santa Ana de Dos Hermanas
foro-2026-costalero_prado-carrera,Lunes Santo,LAS PENAS DE SAN VICENTE,Paso de Palio,1980,Banda Municipal de Sevilla,1979-1980: Banda Municipal de Sevilla
foro-2026-costalero_prado-carrera,Lunes Santo,LAS PENAS DE SAN VICENTE,Paso de Palio,1981,BM Maestro Tejera,1981-2026: BM Maestro Tejera
foro-2026-costalero_prado-carrera,Lunes Santo,LAS PENAS DE SAN VICENTE,Paso de Palio,1982,BM Maestro Tejera,1981-2026: BM Maestro Tejera
foro-2026-costalero_prado-carrera,Lunes Santo,LAS PENAS DE SAN VICENTE,Paso de Palio,1983,BM Maestro Tejera,1981-2026: BM Maestro Tejera
foro-2026-costalero_prado-carrera,Lunes Santo,LAS PENAS DE SAN VICENTE,Paso de Palio,1984,BM Maestro Tejera,1981-2026: BM Maestro Tejera
foro-2026-costalero_prado-carrera,Lunes Santo,LAS PENAS DE SAN VICENTE,Paso de Palio,1985,BM Maestro Tejera,1981-2026: BM Maestro Tejera
foro-2026-costalero_prado-carrera,Lunes Santo,LAS PENAS DE SAN VICENTE,Paso de Palio,1986,BM Maestro Tejera,1981-2026: BM Maestro Tejera
foro-2026-costalero_prado-carrera,Lunes Santo,LAS PENAS DE SAN VICENTE,Paso de Palio,1987,BM Maestro Tejera,1981-2026: BM Maestro Tejera
foro-2026-costalero_prado-carrera,Lunes Santo,LAS PENAS DE SAN VICENTE,Paso de Palio,1988,BM Maestro Tejera,1981-2026: BM Maestro Tejera
foro-2026-costalero_prado-carrera,Lunes Santo,LAS PENAS DE SAN VICENTE,Paso de Palio,1989,BM Maestro Tejera,1981-2026: BM Maestro Tejera
foro-2026-costalero_prado-carrera,Lunes Santo,LAS PENAS DE SAN VICENTE,Paso de Palio,1990,BM Maestro Tejera,1981-2026: BM Maestro Tejera
foro-2026-costalero_prado-carrera,Lunes Santo,LAS PENAS DE SAN VICENTE,Paso de Palio,1991,BM Maestro Tejera,1981-2026: BM Maestro Tejera
foro-2026-costalero_prado-carrera,Lunes Santo,LAS PENAS DE SAN VICENTE,Paso de Palio,1992,BM Maestro Tejera,1981-2026: BM Maestro Tejera
foro-2026-costalero_prado-carrera,Lunes Santo,LAS PENAS DE SAN VICENTE,Paso de Palio,1993,BM Maestro Tejera,1981-2026: BM Maestro Tejera
foro-2026-costalero_prado-carrera,Lunes Santo,LAS PENAS DE SAN VICENTE,Paso de Palio,1994,BM Maestro Tejera,1981-2026: BM Maestro Tejera
foro-2026-costalero_prado-carrera,Lunes Santo,LAS PENAS DE SAN VICENTE,Paso de Palio,1995,BM Maestro Tejera,1981-2026: BM Maestro Tejera
foro-2026-costalero_prado-carrera,Lunes Santo,LAS PENAS DE SAN VICENTE,Paso de Palio,1996,BM Maestro Tejera,1981-2026: BM Maestro Tejera
foro-2026-costalero_prado-carrera,Lunes Santo,LAS PENAS DE SAN VICENTE,Paso de Palio,1997,BM Maestro Tejera,1981-2026: BM Maestro Tejera
foro-2026-costalero_prado-carrera,Lunes Santo,LAS PENAS DE SAN VICENTE,Paso de Palio,1998,BM Maestro Tejera,1981-2026: BM Maestro Tejera
foro-2026-costalero_prado-carrera,Lunes Santo,LAS PENAS DE SAN VICENTE,Paso de Palio,1999,BM Maestro Tejera,1981-2026: BM Maestro Tejera
foro-2026-costalero_prado-carrera,Lunes Santo,LAS PENAS DE SAN VICENTE,Paso de Palio,2000,BM Maestro Tejera,1981-2026: BM Maestro Tejera
foro-2026-costalero_prado-carrera,Lunes Santo,LAS PENAS DE SAN VICENTE,Paso de Palio,2001,BM Maestro Tejera,1981-2026: BM Maestro Tejera
foro-2026-costalero_prado-carrera,Lunes Santo,LAS PENAS DE SAN VICENTE,Paso de Palio,2002,BM Maestro Tejera,1981-2026: BM Maestro Tejera
foro-2026-costalero_prado-carrera,Lunes Santo,LAS PENAS DE SAN VICENTE,Paso de Palio,2003,BM Maestro Tejera,1981-2026: BM Maestro Tejera
foro-2026-costalero_prado-carrera,Lunes Santo,LAS PENAS DE SAN VICENTE,Paso de Palio,2004,BM Maestro Tejera,1981-2026: BM Maestro Tejera
foro-2026-costalero_prado-carrera,Lunes Santo,LAS PENAS DE SAN VICENTE,Paso de Palio,2005,BM Maestro Tejera,1981-2026: BM Maestro Tejera
foro-2026-costalero_prado-carrera,Lunes Santo,LAS PENAS DE SAN VICENTE,Paso de Palio,2006,BM Maestro Tejera,1981-2026: BM Maestro Tejera
foro-2026-costalero_prado-carrera,Lunes Santo,LAS PENAS DE SAN VICENTE,Paso de Palio,2007,BM Maestro Tejera,1981-2026: BM Maestro Tejera
foro-2026-costalero_prado-carrera,Lunes Santo,LAS PENAS DE SAN VICENTE,Paso de Palio,2008,BM Maestro Tejera,1981-2026: BM Maestro Tejera
foro-2026-costalero_prado-carrera,Lunes Santo,LAS PENAS DE SAN VICENTE,Paso de Palio,2009,BM Maestro Tejera,1981-2026: BM Maestro Tejera
foro-2026-costalero_prado-carrera,Lunes Santo,LAS PENAS DE SAN VICENTE,Paso de Palio,2010,BM Maestro Tejera,1981-2026: BM Maestro Tejera
foro-2026-costalero_prado-carrera,Lunes Santo,LAS PENAS DE SAN VICENTE,Paso de Palio,2011,BM Maestro Tejera,1981-2026: BM Maestro Tejera
foro-2026-costalero_prado-carrera,Lunes Santo,LAS PENAS DE SAN VICENTE,Paso de Palio,2012,BM Maestro Tejera,1981-2026: BM Maestro Tejera
foro-2026-costalero_prado-carrera,Lunes Santo,LAS PENAS DE SAN VICENTE,Paso de Palio,2013,BM Maestro Tejera,1981-2026: BM Maestro Tejera
foro-2026-costalero_prado-carrera,Lunes Santo,LAS PENAS DE SAN VICENTE,Paso de Palio,2014,BM Maestro Tejera,1981-2026: BM Maestro Tejera
foro-2026-costalero_prado-carrera,Lunes Santo,LAS PENAS DE SAN VICENTE,Paso de Palio,2015,BM Maestro Tejera,1981-2026: BM Maestro Tejera
foro-2026-costalero_prado-carrera,Lunes Santo,LAS PENAS DE SAN VICENTE,Paso de Palio,2016,BM Maestro Tejera,1981-2026: BM Maestro Tejera
foro-2026-costalero_prado-carrera,Lunes Santo,LAS PENAS DE SAN VICENTE,Paso de Palio,2017,BM Maestro Tejera,1981-2026: BM Maestro Tejera
foro-2026-costalero_prado-carrera,Lunes Santo,LAS PENAS DE SAN VICENTE,Paso de Palio,2018,BM Maestro Tejera,1981-2026: BM Maestro Tejera
foro-2026-costalero_prado-carrera,Lunes Santo,LAS PENAS DE SAN VICENTE,Paso de Palio,2019,BM Maestro Tejera,1981-2026: BM Maestro Tejera
foro-2026-costalero_prado-carrera,Lunes Santo,LAS PENAS DE SAN VICENTE,Paso de Palio,2020,BM Maestro Tejera,1981-2026: BM Maestro Tejera
foro-2026-costalero_prado-carrera,Lunes Santo,LAS PENAS DE SAN VICENTE,Paso de Palio,2021,BM Maestro Tejera,1981-2026: BM Maestro Tejera
foro-2026-costalero_prado-carrera,Lunes Santo,LAS PENAS DE SAN VICENTE,Paso de Palio,2022,BM Maestro Tejera,1981-2026: BM Maestro Tejera
foro-2026-costalero_prado-carrera,Lunes Santo,LAS PENAS DE SAN VICENTE,Paso de Palio,2023,BM Maestro Tejera,1981-2026: BM Maestro Tejera
foro-2026-costalero_prado-carrera,Lunes Santo,LAS PENAS DE SAN VICENTE,Paso de Palio,2024,BM Maestro Tejera,1981-2026: BM Maestro Tejera
foro-2026-costalero_prado-carrera,Lunes Santo,LAS PENAS DE SAN VICENTE,Paso de Palio,2025,BM Maestro Tejera,1981-2026: BM Maestro Tejera
foro-2026-costalero_prado-carrera,Lunes Santo,LAS PENAS DE SAN VICENTE,Paso de Palio,2026,BM Maestro Tejera,1981-2026: BM Maestro Tejera
foro-2026-costalero_prado-carrera,Lunes Santo,LAS AGUAS,Paso Cristo (Misterio),1980,CyT Centuria Macarena,1980-1998: CyT Centuria Macarena
foro-2026-costalero_prado-carrera,Lunes Santo,LAS AGUAS,Paso Cristo (Misterio),1981,CyT Centuria Macarena,1980-1998: CyT Centuria Macarena
foro-2026-costalero_prado-carrera,Lunes Santo,LAS AGUAS,Paso Cristo (Misterio),1982,CyT Centuria Macarena,1980-1998: CyT Centuria Macarena
foro-2026-costalero_prado-carrera,Lunes Santo,LAS AGUAS,Paso Cristo (Misterio),1983,CyT Centuria Macarena,1980-1998: CyT Centuria Macarena
foro-2026-costalero_prado-carrera,Lunes Santo,LAS AGUAS,Paso Cristo (Misterio),1984,CyT Centuria Macarena,1980-1998: CyT Centuria Macarena
foro-2026-costalero_prado-carrera,Lunes Santo,LAS AGUAS,Paso Cristo (Misterio),1985,CyT Centuria Macarena,1980-1998: CyT Centuria Macarena
foro-2026-costalero_prado-carrera,Lunes Santo,LAS AGUAS,Paso Cristo (Misterio),1986,CyT Centuria Macarena,1980-1998: CyT Centuria Macarena
foro-2026-costalero_prado-carrera,Lunes Santo,LAS AGUAS,Paso Cristo (Misterio),1987,CyT Centuria Macarena,1980-1998: CyT Centuria Macarena
foro-2026-costalero_prado-carrera,Lunes Santo,LAS AGUAS,Paso Cristo (Misterio),1988,CyT Centuria Macarena,1980-1998: CyT Centuria Macarena
foro-2026-costalero_prado-carrera,Lunes Santo,LAS AGUAS,Paso Cristo (Misterio),1989,CyT Centuria Macarena,1980-1998: CyT Centuria Macarena
foro-2026-costalero_prado-carrera,Lunes Santo,LAS AGUAS,Paso Cristo (Misterio),1990,CyT Centuria Macarena,1980-1998: CyT Centuria Macarena
foro-2026-costalero_prado-carrera,Lunes Santo,LAS AGUAS,Paso Cristo (Misterio),1991,CyT Centuria Macarena,1980-1998: CyT Centuria Macarena
foro-2026-costalero_prado-carrera,Lunes Santo,LAS AGUAS,Paso Cristo (Misterio),1992,CyT Centuria Macarena,1980-1998: CyT Centuria Macarena
foro-2026-costalero_prado-carrera,Lunes Santo,LAS AGUAS,Paso Cristo (Misterio),1993,CyT Centuria Macarena,1980-1998: CyT Centuria Macarena
foro-2026-costalero_prado-carrera,Lunes Santo,LAS AGUAS,Paso Cristo (Misterio),1994,CyT Centuria Macarena,1980-1998: CyT Centuria Macarena
foro-2026-costalero_prado-carrera,Lunes Santo,LAS AGUAS,Paso Cristo (Misterio),1995,CyT Centuria Macarena,1980-1998: CyT Centuria Macarena
foro-2026-costalero_prado-carrera,Lunes Santo,LAS AGUAS,Paso Cristo (Misterio),1996,CyT Centuria Macarena,1980-1998: CyT Centuria Macarena
foro-2026-costalero_prado-carrera,Lunes Santo,LAS AGUAS,Paso Cristo (Misterio),1997,CyT Centuria Macarena,1980-1998: CyT Centuria Macarena
foro-2026-costalero_prado-carrera,Lunes Santo,LAS AGUAS,Paso Cristo (Misterio),1998,CyT Centuria Macarena,1980-1998: CyT Centuria Macarena
foro-2026-costalero_prado-carrera,Lunes Santo,LAS AGUAS,Paso Cristo (Misterio),1999,CyT Sol,1999-2012: CyT Sol
foro-2026-costalero_prado-carrera,Lunes Santo,LAS AGUAS,Paso Cristo (Misterio),2000,CyT Sol,1999-2012: CyT Sol
foro-2026-costalero_prado-carrera,Lunes Santo,LAS AGUAS,Paso Cristo (Misterio),2001,CyT Sol,1999-2012: CyT Sol
foro-2026-costalero_prado-carrera,Lunes Santo,LAS AGUAS,Paso Cristo (Misterio),2002,CyT Sol,1999-2012: CyT Sol
foro-2026-costalero_prado-carrera,Lunes Santo,LAS AGUAS,Paso Cristo (Misterio),2003,CyT Sol,1999-2012: CyT Sol
foro-2026-costalero_prado-carrera,Lunes Santo,LAS AGUAS,Paso Cristo (Misterio),2004,CyT Sol,1999-2012: CyT Sol
foro-2026-costalero_prado-carrera,Lunes Santo,LAS AGUAS,Paso Cristo (Misterio),2005,CyT Sol,1999-2012: CyT Sol
foro-2026-costalero_prado-carrera,Lunes Santo,LAS AGUAS,Paso Cristo (Misterio),2006,CyT Sol,1999-2012: CyT Sol
foro-2026-costalero_prado-carrera,Lunes Santo,LAS AGUAS,Paso Cristo (Misterio),2007,CyT Sol,1999-2012: CyT Sol
foro-2026-costalero_prado-carrera,Lunes Santo,LAS AGUAS,Paso Cristo (Misterio),2008,CyT Sol,1999-2012: CyT Sol
foro-2026-costalero_prado-carrera,Lunes Santo,LAS AGUAS,Paso Cristo (Misterio),2009,CyT Sol,1999-2012: CyT Sol
foro-2026-costalero_prado-carrera,Lunes Santo,LAS AGUAS,Paso Cristo (Misterio),2010,CyT Sol,1999-2012: CyT Sol
foro-2026-costalero_prado-carrera,Lunes Santo,LAS AGUAS,Paso Cristo (Misterio),2011,CyT Sol,1999-2012: CyT Sol
foro-2026-costalero_prado-carrera,Lunes Santo,LAS AGUAS,Paso Cristo (Misterio),2012,CyT Sol,1999-2012: CyT Sol
foro-2026-costalero_prado-carrera,Lunes Santo,LAS AGUAS,Paso Cristo (Misterio),2013,CyT Tres Caídas,2013-2018: CyT Tres Caídas
foro-2026-costalero_prado-carrera,Lunes Santo,LAS AGUAS,Paso Cristo (Misterio),2014,CyT Tres Caídas,2013-2018: CyT Tres Caídas
foro-2026-costalero_prado-carrera,Lunes Santo,LAS AGUAS,Paso Cristo (Misterio),2015,CyT Tres Caídas,2013-2018: CyT Tres Caídas
foro-2026-costalero_prado-carrera,Lunes Santo,LAS AGUAS,Paso Cristo (Misterio),2016,CyT Tres Caídas,2013-2018: CyT Tres Caídas
foro-2026-costalero_prado-carrera,Lunes Santo,LAS AGUAS,Paso Cristo (Misterio),2017,CyT Tres Caídas,2013-2018: CyT Tres Caídas
foro-2026-costalero_prado-carrera,Lunes Santo,LAS AGUAS,Paso Cristo (Misterio),2018,CyT Tres Caídas,2013-2018: CyT Tres Caídas
foro-2026-costalero_prado-carrera,Lunes Santo,LAS AGUAS,Paso Cristo (Misterio),2019,CyT Rosario de Cádiz,2019-2026: CyT Rosario de Cádiz
foro-2026-costalero_prado-carrera,Lunes Santo,LAS AGUAS,Paso Cristo (Misterio),2020,CyT Rosario de Cádiz,2019-2026: CyT Rosario de Cádiz
foro-2026-costalero_prado-carrera,Lunes Santo,LAS AGUAS,Paso Cristo (Misterio),2021,CyT Rosario de Cádiz,2019-2026: CyT Rosario de Cádiz
foro-2026-costalero_prado-carrera,Lunes Santo,LAS AGUAS,Paso Cristo (Misterio),2022,CyT Rosario de Cádiz,2019-2026: CyT Rosario de Cádiz
foro-2026-costalero_prado-carrera,Lunes Santo,LAS AGUAS,Paso Cristo (Misterio),2023,CyT Rosario de Cádiz,2019-2026: CyT Rosario de Cádiz
foro-2026-costalero_prado-carrera,Lunes Santo,LAS AGUAS,Paso Cristo (Misterio),2024,CyT Rosario de Cádiz,2019-2026: CyT Rosario de Cádiz
foro-2026-costalero_prado-carrera,Lunes Santo,LAS AGUAS,Paso Cristo (Misterio),2025,CyT Rosario de Cádiz,2019-2026: CyT Rosario de Cádiz
foro-2026-costalero_prado-carrera,Lunes Santo,LAS AGUAS,Paso Cristo (Misterio),2026,CyT Rosario de Cádiz,2019-2026: CyT Rosario de Cádiz
foro-2026-costalero_prado-carrera,Lunes Santo,LAS AGUAS,Paso Palio,1980,Banda Municipal de La Puebla del Río,1980-2012: Banda Municipal de La Puebla del Río
foro-2026-costalero_prado-carrera,Lunes Santo,LAS AGUAS,Paso Palio,1981,Banda Municipal de La Puebla del Río,1980-2012: Banda Municipal de La Puebla del Río
foro-2026-costalero_prado-carrera,Lunes Santo,LAS AGUAS,Paso Palio,1982,Banda Municipal de La Puebla del Río,1980-2012: Banda Municipal de La Puebla del Río
foro-2026-costalero_prado-carrera,Lunes Santo,LAS AGUAS,Paso Palio,1983,Banda Municipal de La Puebla del Río,1980-2012: Banda Municipal de La Puebla del Río
foro-2026-costalero_prado-carrera,Lunes Santo,LAS AGUAS,Paso Palio,1984,Banda Municipal de La Puebla del Río,1980-2012: Banda Municipal de La Puebla del Río
foro-2026-costalero_prado-carrera,Lunes Santo,LAS AGUAS,Paso Palio,1985,Banda Municipal de La Puebla del Río,1980-2012: Banda Municipal de La Puebla del Río
foro-2026-costalero_prado-carrera,Lunes Santo,LAS AGUAS,Paso Palio,1986,Banda Municipal de La Puebla del Río,1980-2012: Banda Municipal de La Puebla del Río
foro-2026-costalero_prado-carrera,Lunes Santo,LAS AGUAS,Paso Palio,1987,Banda Municipal de La Puebla del Río,1980-2012: Banda Municipal de La Puebla del Río
foro-2026-costalero_prado-carrera,Lunes Santo,LAS AGUAS,Paso Palio,1988,Banda Municipal de La Puebla del Río,1980-2012: Banda Municipal de La Puebla del Río
foro-2026-costalero_prado-carrera,Lunes Santo,LAS AGUAS,Paso Palio,1989,Banda Municipal de La Puebla del Río,1980-2012: Banda Municipal de La Puebla del Río
foro-2026-costalero_prado-carrera,Lunes Santo,LAS AGUAS,Paso Palio,1990,Banda Municipal de La Puebla del Río,1980-2012: Banda Municipal de La Puebla del Río
foro-2026-costalero_prado-carrera,Lunes Santo,LAS AGUAS,Paso Palio,1991,Banda Municipal de La Puebla del Río,1980-2012: Banda Municipal de La Puebla del Río
foro-2026-costalero_prado-carrera,Lunes Santo,LAS AGUAS,Paso Palio,1992,Banda Municipal de La Puebla del Río,1980-2012: Banda Municipal de La Puebla del Río
foro-2026-costalero_prado-carrera,Lunes Santo,LAS AGUAS,Paso Palio,1993,Banda Municipal de La Puebla del Río,1980-2012: Banda Municipal de La Puebla del Río
foro-2026-costalero_prado-carrera,Lunes Santo,LAS AGUAS,Paso Palio,1994,Banda Municipal de La Puebla del Río,1980-2012: Banda Municipal de La Puebla del Río
foro-2026-costalero_prado-carrera,Lunes Santo,LAS AGUAS,Paso Palio,1995,Banda Municipal de La Puebla del Río,1980-2012: Banda Municipal de La Puebla del Río
foro-2026-costalero_prado-carrera,Lunes Santo,LAS AGUAS,Paso Palio,1996,Banda Municipal de La Puebla del Río,1980-2012: Banda Municipal de La Puebla del Río
foro-2026-costalero_prado-carrera,Lunes Santo,LAS AGUAS,Paso Palio,1997,Banda Municipal de La Puebla del Río,1980-2012: Banda Municipal de La Puebla del Río
foro-2026-costalero_prado-carrera,Lunes Santo,LAS AGUAS,Paso Palio,1998,Banda Municipal de La Puebla del Río,1980-2012: Banda Municipal de La Puebla del Río
foro-2026-costalero_prado-carrera,Lunes Santo,LAS AGUAS,Paso Palio,1999,Banda Municipal de La Puebla del Río,1980-2012: Banda Municipal de La Puebla del Río
foro-2026-costalero_prado-carrera,Lunes Santo,LAS AGUAS,Paso Palio,2000,Banda Municipal de La Puebla del Río,1980-2012: Banda Municipal de La Puebla del Río
foro-2026-costalero_prado-carrera,Lunes Santo,LAS AGUAS,Paso Palio,2001,Banda Municipal de La Puebla del Río,1980-2012: Banda Municipal de La Puebla del Río
foro-2026-costalero_prado-carrera,Lunes Santo,LAS AGUAS,Paso Palio,2002,Banda Municipal de La Puebla del Río,1980-2012: Banda Municipal de La Puebla del Río
foro-2026-costalero_prado-carrera,Lunes Santo,LAS AGUAS,Paso Palio,2003,Banda Municipal de La Puebla del Río,1980-2012: Banda Municipal de La Puebla del Río
foro-2026-costalero_prado-carrera,Lunes Santo,LAS AGUAS,Paso Palio,2004,Banda Municipal de La Puebla del Río,1980-2012: Banda Municipal de La Puebla del Río
foro-2026-costalero_prado-carrera,Lunes Santo,LAS AGUAS,Paso Palio,2005,Banda Municipal de La Puebla del Río,1980-2012: Banda Municipal de La Puebla del Río
foro-2026-costalero_prado-carrera,Lunes Santo,LAS AGUAS,Paso Palio,2006,Banda Municipal de La Puebla del Río,1980-2012: Banda Municipal de La Puebla del Río
foro-2026-costalero_prado-carrera,Lunes Santo,LAS AGUAS,Paso Palio,2007,Banda Municipal de La Puebla del Río,1980-2012: Banda Municipal de La Puebla del Río
foro-2026-costalero_prado-carrera,Lunes Santo,LAS AGUAS,Paso Palio,2008,Banda Municipal de La Puebla del Río,1980-2012: Banda Municipal de La Puebla del Río
foro-2026-costalero_prado-carrera,Lunes Santo,LAS AGUAS,Paso Palio,2009,Banda Municipal de La Puebla del Río,1980-2012: Banda Municipal de La Puebla del Río
foro-2026-costalero_prado-carrera,Lunes Santo,LAS AGUAS,Paso Palio,2010,Banda Municipal de La Puebla del Río,1980-2012: Banda Municipal de La Puebla del Río
foro-2026-costalero_prado-carrera,Lunes Santo,LAS AGUAS,Paso Palio,2011,Banda Municipal de La Puebla del Río,1980-2012: Banda Municipal de La Puebla del Río
foro-2026-costalero_prado-carrera,Lunes Santo,LAS AGUAS,Paso Palio,2012,Banda Municipal de La Puebla del Río,1980-2012: Banda Municipal de La Puebla del Río
foro-2026-costalero_prado-carrera,Lunes Santo,LAS AGUAS,Paso Palio,2013,BM Municipal de Mairena del Alcor,2013-2025: BM Municipal de Mairena del Alcor
foro-2026-costalero_prado-carrera,Lunes Santo,LAS AGUAS,Paso Palio,2014,BM Municipal de Mairena del Alcor,2013-2025: BM Municipal de Mairena del Alcor
foro-2026-costalero_prado-carrera,Lunes Santo,LAS AGUAS,Paso Palio,2015,BM Municipal de Mairena del Alcor,2013-2025: BM Municipal de Mairena del Alcor
foro-2026-costalero_prado-carrera,Lunes Santo,LAS AGUAS,Paso Palio,2016,BM Municipal de Mairena del Alcor,2013-2025: BM Municipal de Mairena del Alcor
foro-2026-costalero_prado-carrera,Lunes Santo,LAS AGUAS,Paso Palio,2017,BM Municipal de Mairena del Alcor,2013-2025: BM Municipal de Mairena del Alcor
foro-2026-costalero_prado-carrera,Lunes Santo,LAS AGUAS,Paso Palio,2018,BM Municipal de Mairena del Alcor,2013-2025: BM Municipal de Mairena del Alcor
foro-2026-costalero_prado-carrera,Lunes Santo,LAS AGUAS,Paso Palio,2019,BM Municipal de Mairena del Alcor,2013-2025: BM Municipal de Mairena del Alcor
foro-2026-costalero_prado-carrera,Lunes Santo,LAS AGUAS,Paso Palio,2020,BM Municipal de Mairena del Alcor,2013-2025: BM Municipal de Mairena del Alcor
foro-2026-costalero_prado-carrera,Lunes Santo,LAS AGUAS,Paso Palio,2021,BM Municipal de Mairena del Alcor,2013-2025: BM Municipal de Mairena del Alcor
foro-2026-costalero_prado-carrera,Lunes Santo,LAS AGUAS,Paso Palio,2022,BM Municipal de Mairena del Alcor,2013-2025: BM Municipal de Mairena del Alcor
foro-2026-costalero_prado-carrera,Lunes Santo,LAS AGUAS,Paso Palio,2023,BM Municipal de Mairena del Alcor,2013-2025: BM Municipal de Mairena del Alcor
foro-2026-costalero_prado-carrera,Lunes Santo,LAS AGUAS,Paso Palio,2024,BM Municipal de Mairena del Alcor,2013-2025: BM Municipal de Mairena del Alcor
foro-2026-costalero_prado-carrera,Lunes Santo,LAS AGUAS,Paso Palio,2025,BM Municipal de Mairena del Alcor,2013-2025: BM Municipal de Mairena del Alcor
foro-2026-costalero_prado-carrera,Lunes Santo,LAS AGUAS,Paso Palio,2026,"BM Municipal de Mairena del Alcor (nota: costalero_prado propuso ""BM Julián Cerdán Sanlucar de Barrameda"" para 2026 pero fue corregido en #751-752: ""sigue siendo Mairena del Alcor"", error de una IA)","2026: BM Municipal de Mairena del Alcor (nota: costalero_prado propuso ""BM Julián Cerdán Sanlucar de Barrameda"" para 2026 pero fue corregido en #751-752: ""sigue siendo Mairena del Alcor"", error de una IA)"
foro-2026-costalero_prado-carrera,Lunes Santo,EL MUSEO,Paso Palio,1980,BM La Inmaculada (Soria 9),1980-1984: BM La Inmaculada (Soria 9)
foro-2026-costalero_prado-carrera,Lunes Santo,EL MUSEO,Paso Palio,1981,BM La Inmaculada (Soria 9),1980-1984: BM La Inmaculada (Soria 9)
foro-2026-costalero_prado-carrera,Lunes Santo,EL MUSEO,Paso Palio,1982,BM La Inmaculada (Soria 9),1980-1984: BM La Inmaculada (Soria 9)
foro-2026-costalero_prado-carrera,Lunes Santo,EL MUSEO,Paso Palio,1983,BM La Inmaculada (Soria 9),1980-1984: BM La Inmaculada (Soria 9)
foro-2026-costalero_prado-carrera,Lunes Santo,EL MUSEO,Paso Palio,1984,BM La Inmaculada (Soria 9),1980-1984: BM La Inmaculada (Soria 9)
foro-2026-costalero_prado-carrera,Lunes Santo,EL MUSEO,Paso Palio,1985,BM Mecanizada Guzmán el Bueno (Soria 9),1985-1996: BM Mecanizada Guzmán el Bueno (Soria 9)
foro-2026-costalero_prado-carrera,Lunes Santo,EL MUSEO,Paso Palio,1986,BM Mecanizada Guzmán el Bueno (Soria 9),1985-1996: BM Mecanizada Guzmán el Bueno (Soria 9)
foro-2026-costalero_prado-carrera,Lunes Santo,EL MUSEO,Paso Palio,1987,BM Mecanizada Guzmán el Bueno (Soria 9),1985-1996: BM Mecanizada Guzmán el Bueno (Soria 9)
foro-2026-costalero_prado-carrera,Lunes Santo,EL MUSEO,Paso Palio,1988,BM Mecanizada Guzmán el Bueno (Soria 9),1985-1996: BM Mecanizada Guzmán el Bueno (Soria 9)
foro-2026-costalero_prado-carrera,Lunes Santo,EL MUSEO,Paso Palio,1989,BM Mecanizada Guzmán el Bueno (Soria 9),1985-1996: BM Mecanizada Guzmán el Bueno (Soria 9)
foro-2026-costalero_prado-carrera,Lunes Santo,EL MUSEO,Paso Palio,1990,BM Mecanizada Guzmán el Bueno (Soria 9),1985-1996: BM Mecanizada Guzmán el Bueno (Soria 9)
foro-2026-costalero_prado-carrera,Lunes Santo,EL MUSEO,Paso Palio,1991,BM Mecanizada Guzmán el Bueno (Soria 9),1985-1996: BM Mecanizada Guzmán el Bueno (Soria 9)
foro-2026-costalero_prado-carrera,Lunes Santo,EL MUSEO,Paso Palio,1992,BM Mecanizada Guzmán el Bueno (Soria 9),1985-1996: BM Mecanizada Guzmán el Bueno (Soria 9)
foro-2026-costalero_prado-carrera,Lunes Santo,EL MUSEO,Paso Palio,1993,BM Mecanizada Guzmán el Bueno (Soria 9),1985-1996: BM Mecanizada Guzmán el Bueno (Soria 9)
foro-2026-costalero_prado-carrera,Lunes Santo,EL MUSEO,Paso Palio,1994,BM Mecanizada Guzmán el Bueno (Soria 9),1985-1996: BM Mecanizada Guzmán el Bueno (Soria 9)
foro-2026-costalero_prado-carrera,Lunes Santo,EL MUSEO,Paso Palio,1995,BM Mecanizada Guzmán el Bueno (Soria 9),1985-1996: BM Mecanizada Guzmán el Bueno (Soria 9)
foro-2026-costalero_prado-carrera,Lunes Santo,EL MUSEO,Paso Palio,1996,BM Mecanizada Guzmán el Bueno (Soria 9),1985-1996: BM Mecanizada Guzmán el Bueno (Soria 9)
foro-2026-costalero_prado-carrera,Lunes Santo,EL MUSEO,Paso Palio,1997,BM Cuartel General de la Región Sur (Soria 9),1997: BM Cuartel General de la Región Sur (Soria 9)
foro-2026-costalero_prado-carrera,Lunes Santo,EL MUSEO,Paso Palio,1998,BM Nuestra Señora de la Victoria (Cigarreras),1998-2005: BM Nuestra Señora de la Victoria (Cigarreras)
foro-2026-costalero_prado-carrera,Lunes Santo,EL MUSEO,Paso Palio,1999,BM Nuestra Señora de la Victoria (Cigarreras),1998-2005: BM Nuestra Señora de la Victoria (Cigarreras)
foro-2026-costalero_prado-carrera,Lunes Santo,EL MUSEO,Paso Palio,2000,BM Nuestra Señora de la Victoria (Cigarreras),1998-2005: BM Nuestra Señora de la Victoria (Cigarreras)
foro-2026-costalero_prado-carrera,Lunes Santo,EL MUSEO,Paso Palio,2001,BM Nuestra Señora de la Victoria (Cigarreras),1998-2005: BM Nuestra Señora de la Victoria (Cigarreras)
foro-2026-costalero_prado-carrera,Lunes Santo,EL MUSEO,Paso Palio,2002,BM Nuestra Señora de la Victoria (Cigarreras),1998-2005: BM Nuestra Señora de la Victoria (Cigarreras)
foro-2026-costalero_prado-carrera,Lunes Santo,EL MUSEO,Paso Palio,2003,BM Nuestra Señora de la Victoria (Cigarreras),1998-2005: BM Nuestra Señora de la Victoria (Cigarreras)
foro-2026-costalero_prado-carrera,Lunes Santo,EL MUSEO,Paso Palio,2004,BM Nuestra Señora de la Victoria (Cigarreras),1998-2005: BM Nuestra Señora de la Victoria (Cigarreras)
foro-2026-costalero_prado-carrera,Lunes Santo,EL MUSEO,Paso Palio,2005,BM Nuestra Señora de la Victoria (Cigarreras),1998-2005: BM Nuestra Señora de la Victoria (Cigarreras)
foro-2026-costalero_prado-carrera,Lunes Santo,EL MUSEO,Paso Palio,2006,Soc. F. Ntra. Sra. de la Oliva de Salteras,2006-2026: Soc. F. Ntra. Sra. de la Oliva de Salteras
foro-2026-costalero_prado-carrera,Lunes Santo,EL MUSEO,Paso Palio,2007,Soc. F. Ntra. Sra. de la Oliva de Salteras,2006-2026: Soc. F. Ntra. Sra. de la Oliva de Salteras
foro-2026-costalero_prado-carrera,Lunes Santo,EL MUSEO,Paso Palio,2008,Soc. F. Ntra. Sra. de la Oliva de Salteras,2006-2026: Soc. F. Ntra. Sra. de la Oliva de Salteras
foro-2026-costalero_prado-carrera,Lunes Santo,EL MUSEO,Paso Palio,2009,Soc. F. Ntra. Sra. de la Oliva de Salteras,2006-2026: Soc. F. Ntra. Sra. de la Oliva de Salteras
foro-2026-costalero_prado-carrera,Lunes Santo,EL MUSEO,Paso Palio,2010,Soc. F. Ntra. Sra. de la Oliva de Salteras,2006-2026: Soc. F. Ntra. Sra. de la Oliva de Salteras
foro-2026-costalero_prado-carrera,Lunes Santo,EL MUSEO,Paso Palio,2011,Soc. F. Ntra. Sra. de la Oliva de Salteras,2006-2026: Soc. F. Ntra. Sra. de la Oliva de Salteras
foro-2026-costalero_prado-carrera,Lunes Santo,EL MUSEO,Paso Palio,2012,Soc. F. Ntra. Sra. de la Oliva de Salteras,2006-2026: Soc. F. Ntra. Sra. de la Oliva de Salteras
foro-2026-costalero_prado-carrera,Lunes Santo,EL MUSEO,Paso Palio,2013,Soc. F. Ntra. Sra. de la Oliva de Salteras,2006-2026: Soc. F. Ntra. Sra. de la Oliva de Salteras
foro-2026-costalero_prado-carrera,Lunes Santo,EL MUSEO,Paso Palio,2014,Soc. F. Ntra. Sra. de la Oliva de Salteras,2006-2026: Soc. F. Ntra. Sra. de la Oliva de Salteras
foro-2026-costalero_prado-carrera,Lunes Santo,EL MUSEO,Paso Palio,2015,Soc. F. Ntra. Sra. de la Oliva de Salteras,2006-2026: Soc. F. Ntra. Sra. de la Oliva de Salteras
foro-2026-costalero_prado-carrera,Lunes Santo,EL MUSEO,Paso Palio,2016,Soc. F. Ntra. Sra. de la Oliva de Salteras,2006-2026: Soc. F. Ntra. Sra. de la Oliva de Salteras
foro-2026-costalero_prado-carrera,Lunes Santo,EL MUSEO,Paso Palio,2017,Soc. F. Ntra. Sra. de la Oliva de Salteras,2006-2026: Soc. F. Ntra. Sra. de la Oliva de Salteras
foro-2026-costalero_prado-carrera,Lunes Santo,EL MUSEO,Paso Palio,2018,Soc. F. Ntra. Sra. de la Oliva de Salteras,2006-2026: Soc. F. Ntra. Sra. de la Oliva de Salteras
foro-2026-costalero_prado-carrera,Lunes Santo,EL MUSEO,Paso Palio,2019,Soc. F. Ntra. Sra. de la Oliva de Salteras,2006-2026: Soc. F. Ntra. Sra. de la Oliva de Salteras
foro-2026-costalero_prado-carrera,Lunes Santo,EL MUSEO,Paso Palio,2020,Soc. F. Ntra. Sra. de la Oliva de Salteras,2006-2026: Soc. F. Ntra. Sra. de la Oliva de Salteras
foro-2026-costalero_prado-carrera,Lunes Santo,EL MUSEO,Paso Palio,2021,Soc. F. Ntra. Sra. de la Oliva de Salteras,2006-2026: Soc. F. Ntra. Sra. de la Oliva de Salteras
foro-2026-costalero_prado-carrera,Lunes Santo,EL MUSEO,Paso Palio,2022,Soc. F. Ntra. Sra. de la Oliva de Salteras,2006-2026: Soc. F. Ntra. Sra. de la Oliva de Salteras
foro-2026-costalero_prado-carrera,Lunes Santo,EL MUSEO,Paso Palio,2023,Soc. F. Ntra. Sra. de la Oliva de Salteras,2006-2026: Soc. F. Ntra. Sra. de la Oliva de Salteras
foro-2026-costalero_prado-carrera,Lunes Santo,EL MUSEO,Paso Palio,2024,Soc. F. Ntra. Sra. de la Oliva de Salteras,2006-2026: Soc. F. Ntra. Sra. de la Oliva de Salteras
foro-2026-costalero_prado-carrera,Lunes Santo,EL MUSEO,Paso Palio,2025,Soc. F. Ntra. Sra. de la Oliva de Salteras,2006-2026: Soc. F. Ntra. Sra. de la Oliva de Salteras
foro-2026-costalero_prado-carrera,Lunes Santo,EL MUSEO,Paso Palio,2026,Soc. F. Ntra. Sra. de la Oliva de Salteras,2006-2026: Soc. F. Ntra. Sra. de la Oliva de Salteras
foro-2026-costalero_prado-carrera,Martes Santo,EL CERRO,Paso Cristo (Nazareno),2019,CCTT Nazareno de Huelva,2019-2026: CCTT Nazareno de Huelva
foro-2026-costalero_prado-carrera,Martes Santo,EL CERRO,Paso Cristo (Nazareno),2020,CCTT Nazareno de Huelva,2019-2026: CCTT Nazareno de Huelva
foro-2026-costalero_prado-carrera,Martes Santo,EL CERRO,Paso Cristo (Nazareno),2021,CCTT Nazareno de Huelva,2019-2026: CCTT Nazareno de Huelva
foro-2026-costalero_prado-carrera,Martes Santo,EL CERRO,Paso Cristo (Nazareno),2022,CCTT Nazareno de Huelva,2019-2026: CCTT Nazareno de Huelva
foro-2026-costalero_prado-carrera,Martes Santo,EL CERRO,Paso Cristo (Nazareno),2023,CCTT Nazareno de Huelva,2019-2026: CCTT Nazareno de Huelva
foro-2026-costalero_prado-carrera,Martes Santo,EL CERRO,Paso Cristo (Nazareno),2024,CCTT Nazareno de Huelva,2019-2026: CCTT Nazareno de Huelva
foro-2026-costalero_prado-carrera,Martes Santo,EL CERRO,Paso Cristo (Nazareno),2025,CCTT Nazareno de Huelva,2019-2026: CCTT Nazareno de Huelva
foro-2026-costalero_prado-carrera,Martes Santo,EL CERRO,Paso Cristo (Nazareno),2026,CCTT Nazareno de Huelva,2019-2026: CCTT Nazareno de Huelva
foro-2026-costalero_prado-carrera,Martes Santo,EL CERRO,Paso Misterio,1989,CCTT Tres Caídas,1989-1997: CCTT Tres Caídas
foro-2026-costalero_prado-carrera,Martes Santo,EL CERRO,Paso Misterio,1990,CCTT Tres Caídas,1989-1997: CCTT Tres Caídas
foro-2026-costalero_prado-carrera,Martes Santo,EL CERRO,Paso Misterio,1991,CCTT Tres Caídas,1989-1997: CCTT Tres Caídas
foro-2026-costalero_prado-carrera,Martes Santo,EL CERRO,Paso Misterio,1992,CCTT Tres Caídas,1989-1997: CCTT Tres Caídas
foro-2026-costalero_prado-carrera,Martes Santo,EL CERRO,Paso Misterio,1993,CCTT Tres Caídas,1989-1997: CCTT Tres Caídas
foro-2026-costalero_prado-carrera,Martes Santo,EL CERRO,Paso Misterio,1994,CCTT Tres Caídas,1989-1997: CCTT Tres Caídas
foro-2026-costalero_prado-carrera,Martes Santo,EL CERRO,Paso Misterio,1995,CCTT Tres Caídas,1989-1997: CCTT Tres Caídas
foro-2026-costalero_prado-carrera,Martes Santo,EL CERRO,Paso Misterio,1996,CCTT Tres Caídas,1989-1997: CCTT Tres Caídas
foro-2026-costalero_prado-carrera,Martes Santo,EL CERRO,Paso Misterio,1997,CCTT Tres Caídas,1989-1997: CCTT Tres Caídas
foro-2026-costalero_prado-carrera,Martes Santo,EL CERRO,Paso Misterio,1998,CCTT Corona de Espinas,1998-2006: CCTT Corona de Espinas
foro-2026-costalero_prado-carrera,Martes Santo,EL CERRO,Paso Misterio,1999,CCTT Corona de Espinas,1998-2006: CCTT Corona de Espinas
foro-2026-costalero_prado-carrera,Martes Santo,EL CERRO,Paso Misterio,2000,CCTT Corona de Espinas,1998-2006: CCTT Corona de Espinas
foro-2026-costalero_prado-carrera,Martes Santo,EL CERRO,Paso Misterio,2001,CCTT Corona de Espinas,1998-2006: CCTT Corona de Espinas
foro-2026-costalero_prado-carrera,Martes Santo,EL CERRO,Paso Misterio,2002,CCTT Corona de Espinas,1998-2006: CCTT Corona de Espinas
foro-2026-costalero_prado-carrera,Martes Santo,EL CERRO,Paso Misterio,2003,CCTT Corona de Espinas,1998-2006: CCTT Corona de Espinas
foro-2026-costalero_prado-carrera,Martes Santo,EL CERRO,Paso Misterio,2004,CCTT Corona de Espinas,1998-2006: CCTT Corona de Espinas
foro-2026-costalero_prado-carrera,Martes Santo,EL CERRO,Paso Misterio,2005,CCTT Corona de Espinas,1998-2006: CCTT Corona de Espinas
foro-2026-costalero_prado-carrera,Martes Santo,EL CERRO,Paso Misterio,2006,CCTT Corona de Espinas,1998-2006: CCTT Corona de Espinas
foro-2026-costalero_prado-carrera,Martes Santo,EL CERRO,Paso Misterio,2007,CCTT Sol,2007-2024: CCTT Sol
foro-2026-costalero_prado-carrera,Martes Santo,EL CERRO,Paso Misterio,2008,CCTT Sol,2007-2024: CCTT Sol
foro-2026-costalero_prado-carrera,Martes Santo,EL CERRO,Paso Misterio,2009,CCTT Sol,2007-2024: CCTT Sol
foro-2026-costalero_prado-carrera,Martes Santo,EL CERRO,Paso Misterio,2010,CCTT Sol,2007-2024: CCTT Sol
foro-2026-costalero_prado-carrera,Martes Santo,EL CERRO,Paso Misterio,2011,CCTT Sol,2007-2024: CCTT Sol
foro-2026-costalero_prado-carrera,Martes Santo,EL CERRO,Paso Misterio,2012,CCTT Sol,2007-2024: CCTT Sol
foro-2026-costalero_prado-carrera,Martes Santo,EL CERRO,Paso Misterio,2013,CCTT Sol,2007-2024: CCTT Sol
foro-2026-costalero_prado-carrera,Martes Santo,EL CERRO,Paso Misterio,2014,CCTT Sol,2007-2024: CCTT Sol
foro-2026-costalero_prado-carrera,Martes Santo,EL CERRO,Paso Misterio,2015,CCTT Sol,2007-2024: CCTT Sol
foro-2026-costalero_prado-carrera,Martes Santo,EL CERRO,Paso Misterio,2016,CCTT Sol,2007-2024: CCTT Sol
foro-2026-costalero_prado-carrera,Martes Santo,EL CERRO,Paso Misterio,2017,CCTT Sol,2007-2024: CCTT Sol
foro-2026-costalero_prado-carrera,Martes Santo,EL CERRO,Paso Misterio,2018,CCTT Sol,2007-2024: CCTT Sol
foro-2026-costalero_prado-carrera,Martes Santo,EL CERRO,Paso Misterio,2019,CCTT Sol,2007-2024: CCTT Sol
foro-2026-costalero_prado-carrera,Martes Santo,EL CERRO,Paso Misterio,2020,CCTT Sol,2007-2024: CCTT Sol
foro-2026-costalero_prado-carrera,Martes Santo,EL CERRO,Paso Misterio,2021,CCTT Sol,2007-2024: CCTT Sol
foro-2026-costalero_prado-carrera,Martes Santo,EL CERRO,Paso Misterio,2022,CCTT Sol,2007-2024: CCTT Sol
foro-2026-costalero_prado-carrera,Martes Santo,EL CERRO,Paso Misterio,2023,CCTT Sol,2007-2024: CCTT Sol
foro-2026-costalero_prado-carrera,Martes Santo,EL CERRO,Paso Misterio,2024,CCTT Sol,2007-2024: CCTT Sol
foro-2026-costalero_prado-carrera,Martes Santo,EL CERRO,Paso Misterio,2025,CyT Centuria Macarena,2025-2026: CyT Centuria Macarena
foro-2026-costalero_prado-carrera,Martes Santo,EL CERRO,Paso Misterio,2026,CyT Centuria Macarena,2025-2026: CyT Centuria Macarena
foro-2026-costalero_prado-carrera,Martes Santo,EL CERRO,Paso Palio,1989,BM Álvarez Quintero de Utrera,1989-1990: BM Álvarez Quintero de Utrera
foro-2026-costalero_prado-carrera,Martes Santo,EL CERRO,Paso Palio,1990,BM Álvarez Quintero de Utrera,1989-1990: BM Álvarez Quintero de Utrera
foro-2026-costalero_prado-carrera,Martes Santo,EL CERRO,Paso Palio,1991,BM Santa María de las Nieves de Olivares,1991-2026: BM Santa María de las Nieves de Olivares
foro-2026-costalero_prado-carrera,Martes Santo,EL CERRO,Paso Palio,1992,BM Santa María de las Nieves de Olivares,1991-2026: BM Santa María de las Nieves de Olivares
foro-2026-costalero_prado-carrera,Martes Santo,EL CERRO,Paso Palio,1993,BM Santa María de las Nieves de Olivares,1991-2026: BM Santa María de las Nieves de Olivares
foro-2026-costalero_prado-carrera,Martes Santo,EL CERRO,Paso Palio,1994,BM Santa María de las Nieves de Olivares,1991-2026: BM Santa María de las Nieves de Olivares
foro-2026-costalero_prado-carrera,Martes Santo,EL CERRO,Paso Palio,1995,BM Santa María de las Nieves de Olivares,1991-2026: BM Santa María de las Nieves de Olivares
foro-2026-costalero_prado-carrera,Martes Santo,EL CERRO,Paso Palio,1996,BM Santa María de las Nieves de Olivares,1991-2026: BM Santa María de las Nieves de Olivares
foro-2026-costalero_prado-carrera,Martes Santo,EL CERRO,Paso Palio,1997,BM Santa María de las Nieves de Olivares,1991-2026: BM Santa María de las Nieves de Olivares
foro-2026-costalero_prado-carrera,Martes Santo,EL CERRO,Paso Palio,1998,BM Santa María de las Nieves de Olivares,1991-2026: BM Santa María de las Nieves de Olivares
foro-2026-costalero_prado-carrera,Martes Santo,EL CERRO,Paso Palio,1999,BM Santa María de las Nieves de Olivares,1991-2026: BM Santa María de las Nieves de Olivares
foro-2026-costalero_prado-carrera,Martes Santo,EL CERRO,Paso Palio,2000,BM Santa María de las Nieves de Olivares,1991-2026: BM Santa María de las Nieves de Olivares
foro-2026-costalero_prado-carrera,Martes Santo,EL CERRO,Paso Palio,2001,BM Santa María de las Nieves de Olivares,1991-2026: BM Santa María de las Nieves de Olivares
foro-2026-costalero_prado-carrera,Martes Santo,EL CERRO,Paso Palio,2002,BM Santa María de las Nieves de Olivares,1991-2026: BM Santa María de las Nieves de Olivares
foro-2026-costalero_prado-carrera,Martes Santo,EL CERRO,Paso Palio,2003,BM Santa María de las Nieves de Olivares,1991-2026: BM Santa María de las Nieves de Olivares
foro-2026-costalero_prado-carrera,Martes Santo,EL CERRO,Paso Palio,2004,BM Santa María de las Nieves de Olivares,1991-2026: BM Santa María de las Nieves de Olivares
foro-2026-costalero_prado-carrera,Martes Santo,EL CERRO,Paso Palio,2005,BM Santa María de las Nieves de Olivares,1991-2026: BM Santa María de las Nieves de Olivares
foro-2026-costalero_prado-carrera,Martes Santo,EL CERRO,Paso Palio,2006,BM Santa María de las Nieves de Olivares,1991-2026: BM Santa María de las Nieves de Olivares
foro-2026-costalero_prado-carrera,Martes Santo,EL CERRO,Paso Palio,2007,BM Santa María de las Nieves de Olivares,1991-2026: BM Santa María de las Nieves de Olivares
foro-2026-costalero_prado-carrera,Martes Santo,EL CERRO,Paso Palio,2008,BM Santa María de las Nieves de Olivares,1991-2026: BM Santa María de las Nieves de Olivares
foro-2026-costalero_prado-carrera,Martes Santo,EL CERRO,Paso Palio,2009,BM Santa María de las Nieves de Olivares,1991-2026: BM Santa María de las Nieves de Olivares
foro-2026-costalero_prado-carrera,Martes Santo,EL CERRO,Paso Palio,2010,BM Santa María de las Nieves de Olivares,1991-2026: BM Santa María de las Nieves de Olivares
foro-2026-costalero_prado-carrera,Martes Santo,EL CERRO,Paso Palio,2011,BM Santa María de las Nieves de Olivares,1991-2026: BM Santa María de las Nieves de Olivares
foro-2026-costalero_prado-carrera,Martes Santo,EL CERRO,Paso Palio,2012,BM Santa María de las Nieves de Olivares,1991-2026: BM Santa María de las Nieves de Olivares
foro-2026-costalero_prado-carrera,Martes Santo,EL CERRO,Paso Palio,2013,BM Santa María de las Nieves de Olivares,1991-2026: BM Santa María de las Nieves de Olivares
foro-2026-costalero_prado-carrera,Martes Santo,EL CERRO,Paso Palio,2014,BM Santa María de las Nieves de Olivares,1991-2026: BM Santa María de las Nieves de Olivares
foro-2026-costalero_prado-carrera,Martes Santo,EL CERRO,Paso Palio,2015,BM Santa María de las Nieves de Olivares,1991-2026: BM Santa María de las Nieves de Olivares
foro-2026-costalero_prado-carrera,Martes Santo,EL CERRO,Paso Palio,2016,BM Santa María de las Nieves de Olivares,1991-2026: BM Santa María de las Nieves de Olivares
foro-2026-costalero_prado-carrera,Martes Santo,EL CERRO,Paso Palio,2017,BM Santa María de las Nieves de Olivares,1991-2026: BM Santa María de las Nieves de Olivares
foro-2026-costalero_prado-carrera,Martes Santo,EL CERRO,Paso Palio,2018,BM Santa María de las Nieves de Olivares,1991-2026: BM Santa María de las Nieves de Olivares
foro-2026-costalero_prado-carrera,Martes Santo,EL CERRO,Paso Palio,2019,BM Santa María de las Nieves de Olivares,1991-2026: BM Santa María de las Nieves de Olivares
foro-2026-costalero_prado-carrera,Martes Santo,EL CERRO,Paso Palio,2020,BM Santa María de las Nieves de Olivares,1991-2026: BM Santa María de las Nieves de Olivares
foro-2026-costalero_prado-carrera,Martes Santo,EL CERRO,Paso Palio,2021,BM Santa María de las Nieves de Olivares,1991-2026: BM Santa María de las Nieves de Olivares
foro-2026-costalero_prado-carrera,Martes Santo,EL CERRO,Paso Palio,2022,BM Santa María de las Nieves de Olivares,1991-2026: BM Santa María de las Nieves de Olivares
foro-2026-costalero_prado-carrera,Martes Santo,EL CERRO,Paso Palio,2023,BM Santa María de las Nieves de Olivares,1991-2026: BM Santa María de las Nieves de Olivares
foro-2026-costalero_prado-carrera,Martes Santo,EL CERRO,Paso Palio,2024,BM Santa María de las Nieves de Olivares,1991-2026: BM Santa María de las Nieves de Olivares
foro-2026-costalero_prado-carrera,Martes Santo,EL CERRO,Paso Palio,2025,BM Santa María de las Nieves de Olivares,1991-2026: BM Santa María de las Nieves de Olivares
foro-2026-costalero_prado-carrera,Martes Santo,EL CERRO,Paso Palio,2026,BM Santa María de las Nieves de Olivares,1991-2026: BM Santa María de las Nieves de Olivares
foro-2026-costalero_prado-carrera,Martes Santo,SAN ESTEBAN,Paso Cristo (Misterio),1980,AM San Esteban,1980-1988: AM San Esteban
foro-2026-costalero_prado-carrera,Martes Santo,SAN ESTEBAN,Paso Cristo (Misterio),1981,AM San Esteban,1980-1988: AM San Esteban
foro-2026-costalero_prado-carrera,Martes Santo,SAN ESTEBAN,Paso Cristo (Misterio),1982,AM San Esteban,1980-1988: AM San Esteban
foro-2026-costalero_prado-carrera,Martes Santo,SAN ESTEBAN,Paso Cristo (Misterio),1983,AM San Esteban,1980-1988: AM San Esteban
foro-2026-costalero_prado-carrera,Martes Santo,SAN ESTEBAN,Paso Cristo (Misterio),1984,AM San Esteban,1980-1988: AM San Esteban
foro-2026-costalero_prado-carrera,Martes Santo,SAN ESTEBAN,Paso Cristo (Misterio),1985,AM San Esteban,1980-1988: AM San Esteban
foro-2026-costalero_prado-carrera,Martes Santo,SAN ESTEBAN,Paso Cristo (Misterio),1986,AM San Esteban,1980-1988: AM San Esteban
foro-2026-costalero_prado-carrera,Martes Santo,SAN ESTEBAN,Paso Cristo (Misterio),1987,AM San Esteban,1980-1988: AM San Esteban
foro-2026-costalero_prado-carrera,Martes Santo,SAN ESTEBAN,Paso Cristo (Misterio),1988,AM San Esteban,1980-1988: AM San Esteban
foro-2026-costalero_prado-carrera,Martes Santo,SAN ESTEBAN,Paso Cristo (Misterio),1989,AM Jesús Despojado,1989-1991: AM Jesús Despojado
foro-2026-costalero_prado-carrera,Martes Santo,SAN ESTEBAN,Paso Cristo (Misterio),1990,AM Jesús Despojado,1989-1991: AM Jesús Despojado
foro-2026-costalero_prado-carrera,Martes Santo,SAN ESTEBAN,Paso Cristo (Misterio),1991,AM Jesús Despojado,1989-1991: AM Jesús Despojado
foro-2026-costalero_prado-carrera,Martes Santo,SAN ESTEBAN,Paso Cristo (Misterio),1992,AM Virgen de los Reyes,1992-2009: AM Virgen de los Reyes
foro-2026-costalero_prado-carrera,Martes Santo,SAN ESTEBAN,Paso Cristo (Misterio),1993,AM Virgen de los Reyes,1992-2009: AM Virgen de los Reyes
foro-2026-costalero_prado-carrera,Martes Santo,SAN ESTEBAN,Paso Cristo (Misterio),1994,AM Virgen de los Reyes,1992-2009: AM Virgen de los Reyes
foro-2026-costalero_prado-carrera,Martes Santo,SAN ESTEBAN,Paso Cristo (Misterio),1995,AM Virgen de los Reyes,1992-2009: AM Virgen de los Reyes
foro-2026-costalero_prado-carrera,Martes Santo,SAN ESTEBAN,Paso Cristo (Misterio),1996,AM Virgen de los Reyes,1992-2009: AM Virgen de los Reyes
foro-2026-costalero_prado-carrera,Martes Santo,SAN ESTEBAN,Paso Cristo (Misterio),1997,AM Virgen de los Reyes,1992-2009: AM Virgen de los Reyes
foro-2026-costalero_prado-carrera,Martes Santo,SAN ESTEBAN,Paso Cristo (Misterio),1998,AM Virgen de los Reyes,1992-2009: AM Virgen de los Reyes
foro-2026-costalero_prado-carrera,Martes Santo,SAN ESTEBAN,Paso Cristo (Misterio),1999,AM Virgen de los Reyes,1992-2009: AM Virgen de los Reyes
foro-2026-costalero_prado-carrera,Martes Santo,SAN ESTEBAN,Paso Cristo (Misterio),2000,AM Virgen de los Reyes,1992-2009: AM Virgen de los Reyes
foro-2026-costalero_prado-carrera,Martes Santo,SAN ESTEBAN,Paso Cristo (Misterio),2001,AM Virgen de los Reyes,1992-2009: AM Virgen de los Reyes
foro-2026-costalero_prado-carrera,Martes Santo,SAN ESTEBAN,Paso Cristo (Misterio),2002,AM Virgen de los Reyes,1992-2009: AM Virgen de los Reyes
foro-2026-costalero_prado-carrera,Martes Santo,SAN ESTEBAN,Paso Cristo (Misterio),2003,AM Virgen de los Reyes,1992-2009: AM Virgen de los Reyes
foro-2026-costalero_prado-carrera,Martes Santo,SAN ESTEBAN,Paso Cristo (Misterio),2004,AM Virgen de los Reyes,1992-2009: AM Virgen de los Reyes
foro-2026-costalero_prado-carrera,Martes Santo,SAN ESTEBAN,Paso Cristo (Misterio),2005,AM Virgen de los Reyes,1992-2009: AM Virgen de los Reyes
foro-2026-costalero_prado-carrera,Martes Santo,SAN ESTEBAN,Paso Cristo (Misterio),2006,AM Virgen de los Reyes,1992-2009: AM Virgen de los Reyes
foro-2026-costalero_prado-carrera,Martes Santo,SAN ESTEBAN,Paso Cristo (Misterio),2007,AM Virgen de los Reyes,1992-2009: AM Virgen de los Reyes
foro-2026-costalero_prado-carrera,Martes Santo,SAN ESTEBAN,Paso Cristo (Misterio),2008,AM Virgen de los Reyes,1992-2009: AM Virgen de los Reyes
foro-2026-costalero_prado-carrera,Martes Santo,SAN ESTEBAN,Paso Cristo (Misterio),2009,AM Virgen de los Reyes,1992-2009: AM Virgen de los Reyes
foro-2026-costalero_prado-carrera,Martes Santo,SAN ESTEBAN,Paso Cristo (Misterio),2010,AM Redención,2010-2020: AM Redención
foro-2026-costalero_prado-carrera,Martes Santo,SAN ESTEBAN,Paso Cristo (Misterio),2011,AM Redención,2010-2020: AM Redención
foro-2026-costalero_prado-carrera,Martes Santo,SAN ESTEBAN,Paso Cristo (Misterio),2012,AM Redención,2010-2020: AM Redención
foro-2026-costalero_prado-carrera,Martes Santo,SAN ESTEBAN,Paso Cristo (Misterio),2013,AM Redención,2010-2020: AM Redención
foro-2026-costalero_prado-carrera,Martes Santo,SAN ESTEBAN,Paso Cristo (Misterio),2014,AM Redención,2010-2020: AM Redención
foro-2026-costalero_prado-carrera,Martes Santo,SAN ESTEBAN,Paso Cristo (Misterio),2015,AM Redención,2010-2020: AM Redención
foro-2026-costalero_prado-carrera,Martes Santo,SAN ESTEBAN,Paso Cristo (Misterio),2016,AM Redención,2010-2020: AM Redención
foro-2026-costalero_prado-carrera,Martes Santo,SAN ESTEBAN,Paso Cristo (Misterio),2017,AM Redención,2010-2020: AM Redención
foro-2026-costalero_prado-carrera,Martes Santo,SAN ESTEBAN,Paso Cristo (Misterio),2018,AM Redención,2010-2020: AM Redención
foro-2026-costalero_prado-carrera,Martes Santo,SAN ESTEBAN,Paso Cristo (Misterio),2019,AM Redención,2010-2020: AM Redención
foro-2026-costalero_prado-carrera,Martes Santo,SAN ESTEBAN,Paso Cristo (Misterio),2020,AM Redención,2010-2020: AM Redención
foro-2026-costalero_prado-carrera,Martes Santo,SAN ESTEBAN,Paso Cristo (Misterio),2021,AM Virgen de los Reyes,2021-2026: AM Virgen de los Reyes
foro-2026-costalero_prado-carrera,Martes Santo,SAN ESTEBAN,Paso Cristo (Misterio),2022,AM Virgen de los Reyes,2021-2026: AM Virgen de los Reyes
foro-2026-costalero_prado-carrera,Martes Santo,SAN ESTEBAN,Paso Cristo (Misterio),2023,AM Virgen de los Reyes,2021-2026: AM Virgen de los Reyes
foro-2026-costalero_prado-carrera,Martes Santo,SAN ESTEBAN,Paso Cristo (Misterio),2024,AM Virgen de los Reyes,2021-2026: AM Virgen de los Reyes
foro-2026-costalero_prado-carrera,Martes Santo,SAN ESTEBAN,Paso Cristo (Misterio),2025,AM Virgen de los Reyes,2021-2026: AM Virgen de los Reyes
foro-2026-costalero_prado-carrera,Martes Santo,SAN ESTEBAN,Paso Cristo (Misterio),2026,AM Virgen de los Reyes,2021-2026: AM Virgen de los Reyes
foro-2026-costalero_prado-carrera,Martes Santo,SAN ESTEBAN,Paso Palio,1980,BM Santa Cecilia,1980: BM Santa Cecilia
foro-2026-costalero_prado-carrera,Martes Santo,SAN ESTEBAN,Paso Palio,1981,BM Esperanza de Triana,1981-1983: BM Esperanza de Triana
foro-2026-costalero_prado-carrera,Martes Santo,SAN ESTEBAN,Paso Palio,1982,BM Esperanza de Triana,1981-1983: BM Esperanza de Triana
foro-2026-costalero_prado-carrera,Martes Santo,SAN ESTEBAN,Paso Palio,1983,BM Esperanza de Triana,1981-1983: BM Esperanza de Triana
foro-2026-costalero_prado-carrera,Martes Santo,SAN ESTEBAN,Paso Palio,1984,BM Nuestra Señora de la Soledad de Cantillana,1984: BM Nuestra Señora de la Soledad de Cantillana
foro-2026-costalero_prado-carrera,Martes Santo,SAN ESTEBAN,Paso Palio,1985,BM Esperanza de Triana,1985-1993: BM Esperanza de Triana
foro-2026-costalero_prado-carrera,Martes Santo,SAN ESTEBAN,Paso Palio,1986,BM Esperanza de Triana,1985-1993: BM Esperanza de Triana
foro-2026-costalero_prado-carrera,Martes Santo,SAN ESTEBAN,Paso Palio,1987,BM Esperanza de Triana,1985-1993: BM Esperanza de Triana
foro-2026-costalero_prado-carrera,Martes Santo,SAN ESTEBAN,Paso Palio,1988,BM Esperanza de Triana,1985-1993: BM Esperanza de Triana
foro-2026-costalero_prado-carrera,Martes Santo,SAN ESTEBAN,Paso Palio,1989,BM Esperanza de Triana,1985-1993: BM Esperanza de Triana
foro-2026-costalero_prado-carrera,Martes Santo,SAN ESTEBAN,Paso Palio,1990,BM Esperanza de Triana,1985-1993: BM Esperanza de Triana
foro-2026-costalero_prado-carrera,Martes Santo,SAN ESTEBAN,Paso Palio,1991,BM Esperanza de Triana,1985-1993: BM Esperanza de Triana
foro-2026-costalero_prado-carrera,Martes Santo,SAN ESTEBAN,Paso Palio,1992,BM Esperanza de Triana,1985-1993: BM Esperanza de Triana
foro-2026-costalero_prado-carrera,Martes Santo,SAN ESTEBAN,Paso Palio,1993,BM Esperanza de Triana,1985-1993: BM Esperanza de Triana
foro-2026-costalero_prado-carrera,Martes Santo,SAN ESTEBAN,Paso Palio,1994,BM Nuestra Señora del Rocío,1994-1995: BM Nuestra Señora del Rocío
foro-2026-costalero_prado-carrera,Martes Santo,SAN ESTEBAN,Paso Palio,1995,BM Nuestra Señora del Rocío,1994-1995: BM Nuestra Señora del Rocío
foro-2026-costalero_prado-carrera,Martes Santo,SAN ESTEBAN,Paso Palio,1996,Sociedad Filarmónica de Pilas,1996-2008: Sociedad Filarmónica de Pilas
foro-2026-costalero_prado-carrera,Martes Santo,SAN ESTEBAN,Paso Palio,1997,Sociedad Filarmónica de Pilas,1996-2008: Sociedad Filarmónica de Pilas
foro-2026-costalero_prado-carrera,Martes Santo,SAN ESTEBAN,Paso Palio,1998,Sociedad Filarmónica de Pilas,1996-2008: Sociedad Filarmónica de Pilas
foro-2026-costalero_prado-carrera,Martes Santo,SAN ESTEBAN,Paso Palio,1999,Sociedad Filarmónica de Pilas,1996-2008: Sociedad Filarmónica de Pilas
foro-2026-costalero_prado-carrera,Martes Santo,SAN ESTEBAN,Paso Palio,2000,Sociedad Filarmónica de Pilas,1996-2008: Sociedad Filarmónica de Pilas
foro-2026-costalero_prado-carrera,Martes Santo,SAN ESTEBAN,Paso Palio,2001,Sociedad Filarmónica de Pilas,1996-2008: Sociedad Filarmónica de Pilas
foro-2026-costalero_prado-carrera,Martes Santo,SAN ESTEBAN,Paso Palio,2002,Sociedad Filarmónica de Pilas,1996-2008: Sociedad Filarmónica de Pilas
foro-2026-costalero_prado-carrera,Martes Santo,SAN ESTEBAN,Paso Palio,2003,Sociedad Filarmónica de Pilas,1996-2008: Sociedad Filarmónica de Pilas
foro-2026-costalero_prado-carrera,Martes Santo,SAN ESTEBAN,Paso Palio,2004,Sociedad Filarmónica de Pilas,1996-2008: Sociedad Filarmónica de Pilas
foro-2026-costalero_prado-carrera,Martes Santo,SAN ESTEBAN,Paso Palio,2005,Sociedad Filarmónica de Pilas,1996-2008: Sociedad Filarmónica de Pilas
foro-2026-costalero_prado-carrera,Martes Santo,SAN ESTEBAN,Paso Palio,2006,Sociedad Filarmónica de Pilas,1996-2008: Sociedad Filarmónica de Pilas
foro-2026-costalero_prado-carrera,Martes Santo,SAN ESTEBAN,Paso Palio,2007,Sociedad Filarmónica de Pilas,1996-2008: Sociedad Filarmónica de Pilas
foro-2026-costalero_prado-carrera,Martes Santo,SAN ESTEBAN,Paso Palio,2008,Sociedad Filarmónica de Pilas,1996-2008: Sociedad Filarmónica de Pilas
foro-2026-costalero_prado-carrera,Martes Santo,SAN ESTEBAN,Paso Palio,2009,BM Ntra Sra de la Victoria Cigarreras,2009-2026: BM Ntra Sra de la Victoria Cigarreras
foro-2026-costalero_prado-carrera,Martes Santo,SAN ESTEBAN,Paso Palio,2010,BM Ntra Sra de la Victoria Cigarreras,2009-2026: BM Ntra Sra de la Victoria Cigarreras
foro-2026-costalero_prado-carrera,Martes Santo,SAN ESTEBAN,Paso Palio,2011,BM Ntra Sra de la Victoria Cigarreras,2009-2026: BM Ntra Sra de la Victoria Cigarreras
foro-2026-costalero_prado-carrera,Martes Santo,SAN ESTEBAN,Paso Palio,2012,BM Ntra Sra de la Victoria Cigarreras,2009-2026: BM Ntra Sra de la Victoria Cigarreras
foro-2026-costalero_prado-carrera,Martes Santo,SAN ESTEBAN,Paso Palio,2013,BM Ntra Sra de la Victoria Cigarreras,2009-2026: BM Ntra Sra de la Victoria Cigarreras
foro-2026-costalero_prado-carrera,Martes Santo,SAN ESTEBAN,Paso Palio,2014,BM Ntra Sra de la Victoria Cigarreras,2009-2026: BM Ntra Sra de la Victoria Cigarreras
foro-2026-costalero_prado-carrera,Martes Santo,SAN ESTEBAN,Paso Palio,2015,BM Ntra Sra de la Victoria Cigarreras,2009-2026: BM Ntra Sra de la Victoria Cigarreras
foro-2026-costalero_prado-carrera,Martes Santo,SAN ESTEBAN,Paso Palio,2016,BM Ntra Sra de la Victoria Cigarreras,2009-2026: BM Ntra Sra de la Victoria Cigarreras
foro-2026-costalero_prado-carrera,Martes Santo,SAN ESTEBAN,Paso Palio,2017,BM Ntra Sra de la Victoria Cigarreras,2009-2026: BM Ntra Sra de la Victoria Cigarreras
foro-2026-costalero_prado-carrera,Martes Santo,SAN ESTEBAN,Paso Palio,2018,BM Ntra Sra de la Victoria Cigarreras,2009-2026: BM Ntra Sra de la Victoria Cigarreras
foro-2026-costalero_prado-carrera,Martes Santo,SAN ESTEBAN,Paso Palio,2019,BM Ntra Sra de la Victoria Cigarreras,2009-2026: BM Ntra Sra de la Victoria Cigarreras
foro-2026-costalero_prado-carrera,Martes Santo,SAN ESTEBAN,Paso Palio,2020,BM Ntra Sra de la Victoria Cigarreras,2009-2026: BM Ntra Sra de la Victoria Cigarreras
foro-2026-costalero_prado-carrera,Martes Santo,SAN ESTEBAN,Paso Palio,2021,BM Ntra Sra de la Victoria Cigarreras,2009-2026: BM Ntra Sra de la Victoria Cigarreras
foro-2026-costalero_prado-carrera,Martes Santo,SAN ESTEBAN,Paso Palio,2022,BM Ntra Sra de la Victoria Cigarreras,2009-2026: BM Ntra Sra de la Victoria Cigarreras
foro-2026-costalero_prado-carrera,Martes Santo,SAN ESTEBAN,Paso Palio,2023,BM Ntra Sra de la Victoria Cigarreras,2009-2026: BM Ntra Sra de la Victoria Cigarreras
foro-2026-costalero_prado-carrera,Martes Santo,SAN ESTEBAN,Paso Palio,2024,BM Ntra Sra de la Victoria Cigarreras,2009-2026: BM Ntra Sra de la Victoria Cigarreras
foro-2026-costalero_prado-carrera,Martes Santo,SAN ESTEBAN,Paso Palio,2025,BM Ntra Sra de la Victoria Cigarreras,2009-2026: BM Ntra Sra de la Victoria Cigarreras
foro-2026-costalero_prado-carrera,Martes Santo,SAN ESTEBAN,Paso Palio,2026,BM Ntra Sra de la Victoria Cigarreras,2009-2026: BM Ntra Sra de la Victoria Cigarreras
foro-2026-costalero_prado-carrera,Martes Santo,LA CANDELARIA,Paso de Cristo (Misterio),1980,CCTT Cruz Roja,1980: CCTT Cruz Roja
foro-2026-costalero_prado-carrera,Martes Santo,LA CANDELARIA,Paso de Cristo (Misterio),1981,AM Ntra. Sra. De las Angustias,1981-1986: AM Ntra. Sra. De las Angustias
foro-2026-costalero_prado-carrera,Martes Santo,LA CANDELARIA,Paso de Cristo (Misterio),1982,AM Ntra. Sra. De las Angustias,1981-1986: AM Ntra. Sra. De las Angustias
foro-2026-costalero_prado-carrera,Martes Santo,LA CANDELARIA,Paso de Cristo (Misterio),1983,AM Ntra. Sra. De las Angustias,1981-1986: AM Ntra. Sra. De las Angustias
foro-2026-costalero_prado-carrera,Martes Santo,LA CANDELARIA,Paso de Cristo (Misterio),1984,AM Ntra. Sra. De las Angustias,1981-1986: AM Ntra. Sra. De las Angustias
foro-2026-costalero_prado-carrera,Martes Santo,LA CANDELARIA,Paso de Cristo (Misterio),1985,AM Ntra. Sra. De las Angustias,1981-1986: AM Ntra. Sra. De las Angustias
foro-2026-costalero_prado-carrera,Martes Santo,LA CANDELARIA,Paso de Cristo (Misterio),1986,AM Ntra. Sra. De las Angustias,1981-1986: AM Ntra. Sra. De las Angustias
foro-2026-costalero_prado-carrera,Martes Santo,LA CANDELARIA,Paso de Cristo (Misterio),1987,CCTT Sol,1987-1989: CCTT Sol
foro-2026-costalero_prado-carrera,Martes Santo,LA CANDELARIA,Paso de Cristo (Misterio),1988,CCTT Sol,1987-1989: CCTT Sol
foro-2026-costalero_prado-carrera,Martes Santo,LA CANDELARIA,Paso de Cristo (Misterio),1989,CCTT Sol,1987-1989: CCTT Sol
foro-2026-costalero_prado-carrera,Martes Santo,LA CANDELARIA,Paso de Cristo (Misterio),1990,CCTT Presentación al Pueblo,1990: CCTT Presentación al Pueblo
foro-2026-costalero_prado-carrera,Martes Santo,LA CANDELARIA,Paso de Cristo (Misterio),1991,CCTT Sol,1991-1997: CCTT Sol
foro-2026-costalero_prado-carrera,Martes Santo,LA CANDELARIA,Paso de Cristo (Misterio),1992,CCTT Sol,1991-1997: CCTT Sol
foro-2026-costalero_prado-carrera,Martes Santo,LA CANDELARIA,Paso de Cristo (Misterio),1993,CCTT Sol,1991-1997: CCTT Sol
foro-2026-costalero_prado-carrera,Martes Santo,LA CANDELARIA,Paso de Cristo (Misterio),1994,CCTT Sol,1991-1997: CCTT Sol
foro-2026-costalero_prado-carrera,Martes Santo,LA CANDELARIA,Paso de Cristo (Misterio),1995,CCTT Sol,1991-1997: CCTT Sol
foro-2026-costalero_prado-carrera,Martes Santo,LA CANDELARIA,Paso de Cristo (Misterio),1996,CCTT Sol,1991-1997: CCTT Sol
foro-2026-costalero_prado-carrera,Martes Santo,LA CANDELARIA,Paso de Cristo (Misterio),1997,CCTT Sol,1991-1997: CCTT Sol
foro-2026-costalero_prado-carrera,Martes Santo,LA CANDELARIA,Paso de Cristo (Misterio),1998,CCTT Centuria Macarena,1998-2000: CCTT Centuria Macarena
foro-2026-costalero_prado-carrera,Martes Santo,LA CANDELARIA,Paso de Cristo (Misterio),1999,CCTT Centuria Macarena,1998-2000: CCTT Centuria Macarena
foro-2026-costalero_prado-carrera,Martes Santo,LA CANDELARIA,Paso de Cristo (Misterio),2000,CCTT Centuria Macarena,1998-2000: CCTT Centuria Macarena
foro-2026-costalero_prado-carrera,Martes Santo,LA CANDELARIA,Paso de Cristo (Misterio),2001,CyT Cristo de las Tres Caídas,2001-2026: CyT Cristo de las Tres Caídas
foro-2026-costalero_prado-carrera,Martes Santo,LA CANDELARIA,Paso de Cristo (Misterio),2002,CyT Cristo de las Tres Caídas,2001-2026: CyT Cristo de las Tres Caídas
foro-2026-costalero_prado-carrera,Martes Santo,LA CANDELARIA,Paso de Cristo (Misterio),2003,CyT Cristo de las Tres Caídas,2001-2026: CyT Cristo de las Tres Caídas
foro-2026-costalero_prado-carrera,Martes Santo,LA CANDELARIA,Paso de Cristo (Misterio),2004,CyT Cristo de las Tres Caídas,2001-2026: CyT Cristo de las Tres Caídas
foro-2026-costalero_prado-carrera,Martes Santo,LA CANDELARIA,Paso de Cristo (Misterio),2005,CyT Cristo de las Tres Caídas,2001-2026: CyT Cristo de las Tres Caídas
foro-2026-costalero_prado-carrera,Martes Santo,LA CANDELARIA,Paso de Cristo (Misterio),2006,CyT Cristo de las Tres Caídas,2001-2026: CyT Cristo de las Tres Caídas
foro-2026-costalero_prado-carrera,Martes Santo,LA CANDELARIA,Paso de Cristo (Misterio),2007,CyT Cristo de las Tres Caídas,2001-2026: CyT Cristo de las Tres Caídas
foro-2026-costalero_prado-carrera,Martes Santo,LA CANDELARIA,Paso de Cristo (Misterio),2008,CyT Cristo de las Tres Caídas,2001-2026: CyT Cristo de las Tres Caídas
foro-2026-costalero_prado-carrera,Martes Santo,LA CANDELARIA,Paso de Cristo (Misterio),2009,CyT Cristo de las Tres Caídas,2001-2026: CyT Cristo de las Tres Caídas
foro-2026-costalero_prado-carrera,Martes Santo,LA CANDELARIA,Paso de Cristo (Misterio),2010,CyT Cristo de las Tres Caídas,2001-2026: CyT Cristo de las Tres Caídas
foro-2026-costalero_prado-carrera,Martes Santo,LA CANDELARIA,Paso de Cristo (Misterio),2011,CyT Cristo de las Tres Caídas,2001-2026: CyT Cristo de las Tres Caídas
foro-2026-costalero_prado-carrera,Martes Santo,LA CANDELARIA,Paso de Cristo (Misterio),2012,CyT Cristo de las Tres Caídas,2001-2026: CyT Cristo de las Tres Caídas
foro-2026-costalero_prado-carrera,Martes Santo,LA CANDELARIA,Paso de Cristo (Misterio),2013,CyT Cristo de las Tres Caídas,2001-2026: CyT Cristo de las Tres Caídas
foro-2026-costalero_prado-carrera,Martes Santo,LA CANDELARIA,Paso de Cristo (Misterio),2014,CyT Cristo de las Tres Caídas,2001-2026: CyT Cristo de las Tres Caídas
foro-2026-costalero_prado-carrera,Martes Santo,LA CANDELARIA,Paso de Cristo (Misterio),2015,CyT Cristo de las Tres Caídas,2001-2026: CyT Cristo de las Tres Caídas
foro-2026-costalero_prado-carrera,Martes Santo,LA CANDELARIA,Paso de Cristo (Misterio),2016,CyT Cristo de las Tres Caídas,2001-2026: CyT Cristo de las Tres Caídas
foro-2026-costalero_prado-carrera,Martes Santo,LA CANDELARIA,Paso de Cristo (Misterio),2017,CyT Cristo de las Tres Caídas,2001-2026: CyT Cristo de las Tres Caídas
foro-2026-costalero_prado-carrera,Martes Santo,LA CANDELARIA,Paso de Cristo (Misterio),2018,CyT Cristo de las Tres Caídas,2001-2026: CyT Cristo de las Tres Caídas
foro-2026-costalero_prado-carrera,Martes Santo,LA CANDELARIA,Paso de Cristo (Misterio),2019,CyT Cristo de las Tres Caídas,2001-2026: CyT Cristo de las Tres Caídas
foro-2026-costalero_prado-carrera,Martes Santo,LA CANDELARIA,Paso de Cristo (Misterio),2020,CyT Cristo de las Tres Caídas,2001-2026: CyT Cristo de las Tres Caídas
foro-2026-costalero_prado-carrera,Martes Santo,LA CANDELARIA,Paso de Cristo (Misterio),2021,CyT Cristo de las Tres Caídas,2001-2026: CyT Cristo de las Tres Caídas
foro-2026-costalero_prado-carrera,Martes Santo,LA CANDELARIA,Paso de Cristo (Misterio),2022,CyT Cristo de las Tres Caídas,2001-2026: CyT Cristo de las Tres Caídas
foro-2026-costalero_prado-carrera,Martes Santo,LA CANDELARIA,Paso de Cristo (Misterio),2023,CyT Cristo de las Tres Caídas,2001-2026: CyT Cristo de las Tres Caídas
foro-2026-costalero_prado-carrera,Martes Santo,LA CANDELARIA,Paso de Cristo (Misterio),2024,CyT Cristo de las Tres Caídas,2001-2026: CyT Cristo de las Tres Caídas
foro-2026-costalero_prado-carrera,Martes Santo,LA CANDELARIA,Paso de Cristo (Misterio),2025,CyT Cristo de las Tres Caídas,2001-2026: CyT Cristo de las Tres Caídas
foro-2026-costalero_prado-carrera,Martes Santo,LA CANDELARIA,Paso de Cristo (Misterio),2026,CyT Cristo de las Tres Caídas,2001-2026: CyT Cristo de las Tres Caídas
foro-2026-costalero_prado-carrera,Martes Santo,LA CANDELARIA,Paso de Palio,1980,BM Municipal de Guillena,1980-1983: BM Municipal de Guillena
foro-2026-costalero_prado-carrera,Martes Santo,LA CANDELARIA,Paso de Palio,1981,BM Municipal de Guillena,1980-1983: BM Municipal de Guillena
foro-2026-costalero_prado-carrera,Martes Santo,LA CANDELARIA,Paso de Palio,1982,BM Municipal de Guillena,1980-1983: BM Municipal de Guillena
foro-2026-costalero_prado-carrera,Martes Santo,LA CANDELARIA,Paso de Palio,1983,BM Municipal de Guillena,1980-1983: BM Municipal de Guillena
foro-2026-costalero_prado-carrera,Martes Santo,LA CANDELARIA,Paso de Palio,1984,BM Cruz Roja,1984-2026: BM Cruz Roja
foro-2026-costalero_prado-carrera,Martes Santo,LA CANDELARIA,Paso de Palio,1985,BM Cruz Roja,1984-2026: BM Cruz Roja
foro-2026-costalero_prado-carrera,Martes Santo,LA CANDELARIA,Paso de Palio,1986,BM Cruz Roja,1984-2026: BM Cruz Roja
foro-2026-costalero_prado-carrera,Martes Santo,LA CANDELARIA,Paso de Palio,1987,BM Cruz Roja,1984-2026: BM Cruz Roja
foro-2026-costalero_prado-carrera,Martes Santo,LA CANDELARIA,Paso de Palio,1988,BM Cruz Roja,1984-2026: BM Cruz Roja
foro-2026-costalero_prado-carrera,Martes Santo,LA CANDELARIA,Paso de Palio,1989,BM Cruz Roja,1984-2026: BM Cruz Roja
foro-2026-costalero_prado-carrera,Martes Santo,LA CANDELARIA,Paso de Palio,1990,BM Cruz Roja,1984-2026: BM Cruz Roja
foro-2026-costalero_prado-carrera,Martes Santo,LA CANDELARIA,Paso de Palio,1991,BM Cruz Roja,1984-2026: BM Cruz Roja
foro-2026-costalero_prado-carrera,Martes Santo,LA CANDELARIA,Paso de Palio,1992,BM Cruz Roja,1984-2026: BM Cruz Roja
foro-2026-costalero_prado-carrera,Martes Santo,LA CANDELARIA,Paso de Palio,1993,BM Cruz Roja,1984-2026: BM Cruz Roja
foro-2026-costalero_prado-carrera,Martes Santo,LA CANDELARIA,Paso de Palio,1994,BM Cruz Roja,1984-2026: BM Cruz Roja
foro-2026-costalero_prado-carrera,Martes Santo,LA CANDELARIA,Paso de Palio,1995,BM Cruz Roja,1984-2026: BM Cruz Roja
foro-2026-costalero_prado-carrera,Martes Santo,LA CANDELARIA,Paso de Palio,1996,BM Cruz Roja,1984-2026: BM Cruz Roja
foro-2026-costalero_prado-carrera,Martes Santo,LA CANDELARIA,Paso de Palio,1997,BM Cruz Roja,1984-2026: BM Cruz Roja
foro-2026-costalero_prado-carrera,Martes Santo,LA CANDELARIA,Paso de Palio,1998,BM Cruz Roja,1984-2026: BM Cruz Roja
foro-2026-costalero_prado-carrera,Martes Santo,LA CANDELARIA,Paso de Palio,1999,BM Cruz Roja,1984-2026: BM Cruz Roja
foro-2026-costalero_prado-carrera,Martes Santo,LA CANDELARIA,Paso de Palio,2000,BM Cruz Roja,1984-2026: BM Cruz Roja
foro-2026-costalero_prado-carrera,Martes Santo,LA CANDELARIA,Paso de Palio,2001,BM Cruz Roja,1984-2026: BM Cruz Roja
foro-2026-costalero_prado-carrera,Martes Santo,LA CANDELARIA,Paso de Palio,2002,BM Cruz Roja,1984-2026: BM Cruz Roja
foro-2026-costalero_prado-carrera,Martes Santo,LA CANDELARIA,Paso de Palio,2003,BM Cruz Roja,1984-2026: BM Cruz Roja
foro-2026-costalero_prado-carrera,Martes Santo,LA CANDELARIA,Paso de Palio,2004,BM Cruz Roja,1984-2026: BM Cruz Roja
foro-2026-costalero_prado-carrera,Martes Santo,LA CANDELARIA,Paso de Palio,2005,BM Cruz Roja,1984-2026: BM Cruz Roja
foro-2026-costalero_prado-carrera,Martes Santo,LA CANDELARIA,Paso de Palio,2006,BM Cruz Roja,1984-2026: BM Cruz Roja
foro-2026-costalero_prado-carrera,Martes Santo,LA CANDELARIA,Paso de Palio,2007,BM Cruz Roja,1984-2026: BM Cruz Roja
foro-2026-costalero_prado-carrera,Martes Santo,LA CANDELARIA,Paso de Palio,2008,BM Cruz Roja,1984-2026: BM Cruz Roja
foro-2026-costalero_prado-carrera,Martes Santo,LA CANDELARIA,Paso de Palio,2009,BM Cruz Roja,1984-2026: BM Cruz Roja
foro-2026-costalero_prado-carrera,Martes Santo,LA CANDELARIA,Paso de Palio,2010,BM Cruz Roja,1984-2026: BM Cruz Roja
foro-2026-costalero_prado-carrera,Martes Santo,LA CANDELARIA,Paso de Palio,2011,BM Cruz Roja,1984-2026: BM Cruz Roja
foro-2026-costalero_prado-carrera,Martes Santo,LA CANDELARIA,Paso de Palio,2012,BM Cruz Roja,1984-2026: BM Cruz Roja
foro-2026-costalero_prado-carrera,Martes Santo,LA CANDELARIA,Paso de Palio,2013,BM Cruz Roja,1984-2026: BM Cruz Roja
foro-2026-costalero_prado-carrera,Martes Santo,LA CANDELARIA,Paso de Palio,2014,BM Cruz Roja,1984-2026: BM Cruz Roja
foro-2026-costalero_prado-carrera,Martes Santo,LA CANDELARIA,Paso de Palio,2015,BM Cruz Roja,1984-2026: BM Cruz Roja
foro-2026-costalero_prado-carrera,Martes Santo,LA CANDELARIA,Paso de Palio,2016,BM Cruz Roja,1984-2026: BM Cruz Roja
foro-2026-costalero_prado-carrera,Martes Santo,LA CANDELARIA,Paso de Palio,2017,BM Cruz Roja,1984-2026: BM Cruz Roja
foro-2026-costalero_prado-carrera,Martes Santo,LA CANDELARIA,Paso de Palio,2018,BM Cruz Roja,1984-2026: BM Cruz Roja
foro-2026-costalero_prado-carrera,Martes Santo,LA CANDELARIA,Paso de Palio,2019,BM Cruz Roja,1984-2026: BM Cruz Roja
foro-2026-costalero_prado-carrera,Martes Santo,LA CANDELARIA,Paso de Palio,2020,BM Cruz Roja,1984-2026: BM Cruz Roja
foro-2026-costalero_prado-carrera,Martes Santo,LA CANDELARIA,Paso de Palio,2021,BM Cruz Roja,1984-2026: BM Cruz Roja
foro-2026-costalero_prado-carrera,Martes Santo,LA CANDELARIA,Paso de Palio,2022,BM Cruz Roja,1984-2026: BM Cruz Roja
foro-2026-costalero_prado-carrera,Martes Santo,LA CANDELARIA,Paso de Palio,2023,BM Cruz Roja,1984-2026: BM Cruz Roja
foro-2026-costalero_prado-carrera,Martes Santo,LA CANDELARIA,Paso de Palio,2024,BM Cruz Roja,1984-2026: BM Cruz Roja
foro-2026-costalero_prado-carrera,Martes Santo,LA CANDELARIA,Paso de Palio,2025,BM Cruz Roja,1984-2026: BM Cruz Roja
foro-2026-costalero_prado-carrera,Martes Santo,LA CANDELARIA,Paso de Palio,2026,BM Cruz Roja,1984-2026: BM Cruz Roja
foro-2026-costalero_prado-carrera,Martes Santo,SAN BENITO,Paso de Misterio,1980,AM La Estrella,1980-1981: AM La Estrella
foro-2026-costalero_prado-carrera,Martes Santo,SAN BENITO,Paso de Misterio,1981,AM La Estrella,1980-1981: AM La Estrella
foro-2026-costalero_prado-carrera,Martes Santo,SAN BENITO,Paso de Misterio,1982,AM San Benito,1982-1984: AM San Benito
foro-2026-costalero_prado-carrera,Martes Santo,SAN BENITO,Paso de Misterio,1983,AM San Benito,1982-1984: AM San Benito
foro-2026-costalero_prado-carrera,Martes Santo,SAN BENITO,Paso de Misterio,1984,AM San Benito,1982-1984: AM San Benito
foro-2026-costalero_prado-carrera,Martes Santo,SAN BENITO,Paso de Misterio,1985,AM Santa María Magdalena de Arahal,1985-1994: AM Santa María Magdalena de Arahal
foro-2026-costalero_prado-carrera,Martes Santo,SAN BENITO,Paso de Misterio,1986,AM Santa María Magdalena de Arahal,1985-1994: AM Santa María Magdalena de Arahal
foro-2026-costalero_prado-carrera,Martes Santo,SAN BENITO,Paso de Misterio,1987,AM Santa María Magdalena de Arahal,1985-1994: AM Santa María Magdalena de Arahal
foro-2026-costalero_prado-carrera,Martes Santo,SAN BENITO,Paso de Misterio,1988,AM Santa María Magdalena de Arahal,1985-1994: AM Santa María Magdalena de Arahal
foro-2026-costalero_prado-carrera,Martes Santo,SAN BENITO,Paso de Misterio,1989,AM Santa María Magdalena de Arahal,1985-1994: AM Santa María Magdalena de Arahal
foro-2026-costalero_prado-carrera,Martes Santo,SAN BENITO,Paso de Misterio,1990,AM Santa María Magdalena de Arahal,1985-1994: AM Santa María Magdalena de Arahal
foro-2026-costalero_prado-carrera,Martes Santo,SAN BENITO,Paso de Misterio,1991,AM Santa María Magdalena de Arahal,1985-1994: AM Santa María Magdalena de Arahal
foro-2026-costalero_prado-carrera,Martes Santo,SAN BENITO,Paso de Misterio,1992,AM Santa María Magdalena de Arahal,1985-1994: AM Santa María Magdalena de Arahal
foro-2026-costalero_prado-carrera,Martes Santo,SAN BENITO,Paso de Misterio,1993,AM Santa María Magdalena de Arahal,1985-1994: AM Santa María Magdalena de Arahal
foro-2026-costalero_prado-carrera,Martes Santo,SAN BENITO,Paso de Misterio,1994,AM Santa María Magdalena de Arahal,1985-1994: AM Santa María Magdalena de Arahal
foro-2026-costalero_prado-carrera,Martes Santo,SAN BENITO,Paso de Misterio,1995,AM Nuestra Señora de la Encarnación,1995-2026: AM Nuestra Señora de la Encarnación
foro-2026-costalero_prado-carrera,Martes Santo,SAN BENITO,Paso de Misterio,1996,AM Nuestra Señora de la Encarnación,1995-2026: AM Nuestra Señora de la Encarnación
foro-2026-costalero_prado-carrera,Martes Santo,SAN BENITO,Paso de Misterio,1997,AM Nuestra Señora de la Encarnación,1995-2026: AM Nuestra Señora de la Encarnación
foro-2026-costalero_prado-carrera,Martes Santo,SAN BENITO,Paso de Misterio,1998,AM Nuestra Señora de la Encarnación,1995-2026: AM Nuestra Señora de la Encarnación
foro-2026-costalero_prado-carrera,Martes Santo,SAN BENITO,Paso de Misterio,1999,AM Nuestra Señora de la Encarnación,1995-2026: AM Nuestra Señora de la Encarnación
foro-2026-costalero_prado-carrera,Martes Santo,SAN BENITO,Paso de Misterio,2000,AM Nuestra Señora de la Encarnación,1995-2026: AM Nuestra Señora de la Encarnación
foro-2026-costalero_prado-carrera,Martes Santo,SAN BENITO,Paso de Misterio,2001,AM Nuestra Señora de la Encarnación,1995-2026: AM Nuestra Señora de la Encarnación
foro-2026-costalero_prado-carrera,Martes Santo,SAN BENITO,Paso de Misterio,2002,AM Nuestra Señora de la Encarnación,1995-2026: AM Nuestra Señora de la Encarnación
foro-2026-costalero_prado-carrera,Martes Santo,SAN BENITO,Paso de Misterio,2003,AM Nuestra Señora de la Encarnación,1995-2026: AM Nuestra Señora de la Encarnación
foro-2026-costalero_prado-carrera,Martes Santo,SAN BENITO,Paso de Misterio,2004,AM Nuestra Señora de la Encarnación,1995-2026: AM Nuestra Señora de la Encarnación
foro-2026-costalero_prado-carrera,Martes Santo,SAN BENITO,Paso de Misterio,2005,AM Nuestra Señora de la Encarnación,1995-2026: AM Nuestra Señora de la Encarnación
foro-2026-costalero_prado-carrera,Martes Santo,SAN BENITO,Paso de Misterio,2006,AM Nuestra Señora de la Encarnación,1995-2026: AM Nuestra Señora de la Encarnación
foro-2026-costalero_prado-carrera,Martes Santo,SAN BENITO,Paso de Misterio,2007,AM Nuestra Señora de la Encarnación,1995-2026: AM Nuestra Señora de la Encarnación
foro-2026-costalero_prado-carrera,Martes Santo,SAN BENITO,Paso de Misterio,2008,AM Nuestra Señora de la Encarnación,1995-2026: AM Nuestra Señora de la Encarnación
foro-2026-costalero_prado-carrera,Martes Santo,SAN BENITO,Paso de Misterio,2009,AM Nuestra Señora de la Encarnación,1995-2026: AM Nuestra Señora de la Encarnación
foro-2026-costalero_prado-carrera,Martes Santo,SAN BENITO,Paso de Misterio,2010,AM Nuestra Señora de la Encarnación,1995-2026: AM Nuestra Señora de la Encarnación
foro-2026-costalero_prado-carrera,Martes Santo,SAN BENITO,Paso de Misterio,2011,AM Nuestra Señora de la Encarnación,1995-2026: AM Nuestra Señora de la Encarnación
foro-2026-costalero_prado-carrera,Martes Santo,SAN BENITO,Paso de Misterio,2012,AM Nuestra Señora de la Encarnación,1995-2026: AM Nuestra Señora de la Encarnación
foro-2026-costalero_prado-carrera,Martes Santo,SAN BENITO,Paso de Misterio,2013,AM Nuestra Señora de la Encarnación,1995-2026: AM Nuestra Señora de la Encarnación
foro-2026-costalero_prado-carrera,Martes Santo,SAN BENITO,Paso de Misterio,2014,AM Nuestra Señora de la Encarnación,1995-2026: AM Nuestra Señora de la Encarnación
foro-2026-costalero_prado-carrera,Martes Santo,SAN BENITO,Paso de Misterio,2015,AM Nuestra Señora de la Encarnación,1995-2026: AM Nuestra Señora de la Encarnación
foro-2026-costalero_prado-carrera,Martes Santo,SAN BENITO,Paso de Misterio,2016,AM Nuestra Señora de la Encarnación,1995-2026: AM Nuestra Señora de la Encarnación
foro-2026-costalero_prado-carrera,Martes Santo,SAN BENITO,Paso de Misterio,2017,AM Nuestra Señora de la Encarnación,1995-2026: AM Nuestra Señora de la Encarnación
foro-2026-costalero_prado-carrera,Martes Santo,SAN BENITO,Paso de Misterio,2018,AM Nuestra Señora de la Encarnación,1995-2026: AM Nuestra Señora de la Encarnación
foro-2026-costalero_prado-carrera,Martes Santo,SAN BENITO,Paso de Misterio,2019,AM Nuestra Señora de la Encarnación,1995-2026: AM Nuestra Señora de la Encarnación
foro-2026-costalero_prado-carrera,Martes Santo,SAN BENITO,Paso de Misterio,2020,AM Nuestra Señora de la Encarnación,1995-2026: AM Nuestra Señora de la Encarnación
foro-2026-costalero_prado-carrera,Martes Santo,SAN BENITO,Paso de Misterio,2021,AM Nuestra Señora de la Encarnación,1995-2026: AM Nuestra Señora de la Encarnación
foro-2026-costalero_prado-carrera,Martes Santo,SAN BENITO,Paso de Misterio,2022,AM Nuestra Señora de la Encarnación,1995-2026: AM Nuestra Señora de la Encarnación
foro-2026-costalero_prado-carrera,Martes Santo,SAN BENITO,Paso de Misterio,2023,AM Nuestra Señora de la Encarnación,1995-2026: AM Nuestra Señora de la Encarnación
foro-2026-costalero_prado-carrera,Martes Santo,SAN BENITO,Paso de Misterio,2024,AM Nuestra Señora de la Encarnación,1995-2026: AM Nuestra Señora de la Encarnación
foro-2026-costalero_prado-carrera,Martes Santo,SAN BENITO,Paso de Misterio,2025,AM Nuestra Señora de la Encarnación,1995-2026: AM Nuestra Señora de la Encarnación
foro-2026-costalero_prado-carrera,Martes Santo,SAN BENITO,Paso de Misterio,2026,AM Nuestra Señora de la Encarnación,1995-2026: AM Nuestra Señora de la Encarnación
foro-2026-costalero_prado-carrera,Martes Santo,SAN BENITO,Paso Cristo,1980,CCTT Centuria Macarena (1980-1992 continuación del tramo anterior; el post consolida 1977-1992),1980-1992: CCTT Centuria Macarena (1980-1992 continuación del tramo anterior; el post consolida 1977-1992)
foro-2026-costalero_prado-carrera,Martes Santo,SAN BENITO,Paso Cristo,1981,CCTT Centuria Macarena (1980-1992 continuación del tramo anterior; el post consolida 1977-1992),1980-1992: CCTT Centuria Macarena (1980-1992 continuación del tramo anterior; el post consolida 1977-1992)
foro-2026-costalero_prado-carrera,Martes Santo,SAN BENITO,Paso Cristo,1982,CCTT Centuria Macarena (1980-1992 continuación del tramo anterior; el post consolida 1977-1992),1980-1992: CCTT Centuria Macarena (1980-1992 continuación del tramo anterior; el post consolida 1977-1992)
foro-2026-costalero_prado-carrera,Martes Santo,SAN BENITO,Paso Cristo,1983,CCTT Centuria Macarena (1980-1992 continuación del tramo anterior; el post consolida 1977-1992),1980-1992: CCTT Centuria Macarena (1980-1992 continuación del tramo anterior; el post consolida 1977-1992)
foro-2026-costalero_prado-carrera,Martes Santo,SAN BENITO,Paso Cristo,1984,CCTT Centuria Macarena (1980-1992 continuación del tramo anterior; el post consolida 1977-1992),1980-1992: CCTT Centuria Macarena (1980-1992 continuación del tramo anterior; el post consolida 1977-1992)
foro-2026-costalero_prado-carrera,Martes Santo,SAN BENITO,Paso Cristo,1985,CCTT Centuria Macarena (1980-1992 continuación del tramo anterior; el post consolida 1977-1992),1980-1992: CCTT Centuria Macarena (1980-1992 continuación del tramo anterior; el post consolida 1977-1992)
foro-2026-costalero_prado-carrera,Martes Santo,SAN BENITO,Paso Cristo,1986,CCTT Centuria Macarena (1980-1992 continuación del tramo anterior; el post consolida 1977-1992),1980-1992: CCTT Centuria Macarena (1980-1992 continuación del tramo anterior; el post consolida 1977-1992)
foro-2026-costalero_prado-carrera,Martes Santo,SAN BENITO,Paso Cristo,1987,CCTT Centuria Macarena (1980-1992 continuación del tramo anterior; el post consolida 1977-1992),1980-1992: CCTT Centuria Macarena (1980-1992 continuación del tramo anterior; el post consolida 1977-1992)
foro-2026-costalero_prado-carrera,Martes Santo,SAN BENITO,Paso Cristo,1988,CCTT Centuria Macarena (1980-1992 continuación del tramo anterior; el post consolida 1977-1992),1980-1992: CCTT Centuria Macarena (1980-1992 continuación del tramo anterior; el post consolida 1977-1992)
foro-2026-costalero_prado-carrera,Martes Santo,SAN BENITO,Paso Cristo,1989,CCTT Centuria Macarena (1980-1992 continuación del tramo anterior; el post consolida 1977-1992),1980-1992: CCTT Centuria Macarena (1980-1992 continuación del tramo anterior; el post consolida 1977-1992)
foro-2026-costalero_prado-carrera,Martes Santo,SAN BENITO,Paso Cristo,1990,CCTT Centuria Macarena (1980-1992 continuación del tramo anterior; el post consolida 1977-1992),1980-1992: CCTT Centuria Macarena (1980-1992 continuación del tramo anterior; el post consolida 1977-1992)
foro-2026-costalero_prado-carrera,Martes Santo,SAN BENITO,Paso Cristo,1991,CCTT Centuria Macarena (1980-1992 continuación del tramo anterior; el post consolida 1977-1992),1980-1992: CCTT Centuria Macarena (1980-1992 continuación del tramo anterior; el post consolida 1977-1992)
foro-2026-costalero_prado-carrera,Martes Santo,SAN BENITO,Paso Cristo,1992,CCTT Centuria Macarena (1980-1992 continuación del tramo anterior; el post consolida 1977-1992),1980-1992: CCTT Centuria Macarena (1980-1992 continuación del tramo anterior; el post consolida 1977-1992)
foro-2026-costalero_prado-carrera,Martes Santo,SAN BENITO,Paso Cristo,1993,AM Ntra. Sra. De la Encarnación,1993-1994: AM Ntra. Sra. De la Encarnación
foro-2026-costalero_prado-carrera,Martes Santo,SAN BENITO,Paso Cristo,1994,AM Ntra. Sra. De la Encarnación,1993-1994: AM Ntra. Sra. De la Encarnación
foro-2026-costalero_prado-carrera,Martes Santo,SAN BENITO,Paso Cristo,1995,CCTT Presentación al Pueblo,1995-1996: CCTT Presentación al Pueblo
foro-2026-costalero_prado-carrera,Martes Santo,SAN BENITO,Paso Cristo,1996,CCTT Presentación al Pueblo,1995-1996: CCTT Presentación al Pueblo
foro-2026-costalero_prado-carrera,Martes Santo,SAN BENITO,Paso Cristo,1997,CCTT Cristo de la Sangre,1997-2026: CCTT Cristo de la Sangre
foro-2026-costalero_prado-carrera,Martes Santo,SAN BENITO,Paso Cristo,1998,CCTT Cristo de la Sangre,1997-2026: CCTT Cristo de la Sangre
foro-2026-costalero_prado-carrera,Martes Santo,SAN BENITO,Paso Cristo,1999,CCTT Cristo de la Sangre,1997-2026: CCTT Cristo de la Sangre
foro-2026-costalero_prado-carrera,Martes Santo,SAN BENITO,Paso Cristo,2000,CCTT Cristo de la Sangre,1997-2026: CCTT Cristo de la Sangre
foro-2026-costalero_prado-carrera,Martes Santo,SAN BENITO,Paso Cristo,2001,CCTT Cristo de la Sangre,1997-2026: CCTT Cristo de la Sangre
foro-2026-costalero_prado-carrera,Martes Santo,SAN BENITO,Paso Cristo,2002,CCTT Cristo de la Sangre,1997-2026: CCTT Cristo de la Sangre
foro-2026-costalero_prado-carrera,Martes Santo,SAN BENITO,Paso Cristo,2003,CCTT Cristo de la Sangre,1997-2026: CCTT Cristo de la Sangre
foro-2026-costalero_prado-carrera,Martes Santo,SAN BENITO,Paso Cristo,2004,CCTT Cristo de la Sangre,1997-2026: CCTT Cristo de la Sangre
foro-2026-costalero_prado-carrera,Martes Santo,SAN BENITO,Paso Cristo,2005,CCTT Cristo de la Sangre,1997-2026: CCTT Cristo de la Sangre
foro-2026-costalero_prado-carrera,Martes Santo,SAN BENITO,Paso Cristo,2006,CCTT Cristo de la Sangre,1997-2026: CCTT Cristo de la Sangre
foro-2026-costalero_prado-carrera,Martes Santo,SAN BENITO,Paso Cristo,2007,CCTT Cristo de la Sangre,1997-2026: CCTT Cristo de la Sangre
foro-2026-costalero_prado-carrera,Martes Santo,SAN BENITO,Paso Cristo,2008,CCTT Cristo de la Sangre,1997-2026: CCTT Cristo de la Sangre
foro-2026-costalero_prado-carrera,Martes Santo,SAN BENITO,Paso Cristo,2009,CCTT Cristo de la Sangre,1997-2026: CCTT Cristo de la Sangre
foro-2026-costalero_prado-carrera,Martes Santo,SAN BENITO,Paso Cristo,2010,CCTT Cristo de la Sangre,1997-2026: CCTT Cristo de la Sangre
foro-2026-costalero_prado-carrera,Martes Santo,SAN BENITO,Paso Cristo,2011,CCTT Cristo de la Sangre,1997-2026: CCTT Cristo de la Sangre
foro-2026-costalero_prado-carrera,Martes Santo,SAN BENITO,Paso Cristo,2012,CCTT Cristo de la Sangre,1997-2026: CCTT Cristo de la Sangre
foro-2026-costalero_prado-carrera,Martes Santo,SAN BENITO,Paso Cristo,2013,CCTT Cristo de la Sangre,1997-2026: CCTT Cristo de la Sangre
foro-2026-costalero_prado-carrera,Martes Santo,SAN BENITO,Paso Cristo,2014,CCTT Cristo de la Sangre,1997-2026: CCTT Cristo de la Sangre
foro-2026-costalero_prado-carrera,Martes Santo,SAN BENITO,Paso Cristo,2015,CCTT Cristo de la Sangre,1997-2026: CCTT Cristo de la Sangre
foro-2026-costalero_prado-carrera,Martes Santo,SAN BENITO,Paso Cristo,2016,CCTT Cristo de la Sangre,1997-2026: CCTT Cristo de la Sangre
foro-2026-costalero_prado-carrera,Martes Santo,SAN BENITO,Paso Cristo,2017,CCTT Cristo de la Sangre,1997-2026: CCTT Cristo de la Sangre
foro-2026-costalero_prado-carrera,Martes Santo,SAN BENITO,Paso Cristo,2018,CCTT Cristo de la Sangre,1997-2026: CCTT Cristo de la Sangre
foro-2026-costalero_prado-carrera,Martes Santo,SAN BENITO,Paso Cristo,2019,CCTT Cristo de la Sangre,1997-2026: CCTT Cristo de la Sangre
foro-2026-costalero_prado-carrera,Martes Santo,SAN BENITO,Paso Cristo,2020,CCTT Cristo de la Sangre,1997-2026: CCTT Cristo de la Sangre
foro-2026-costalero_prado-carrera,Martes Santo,SAN BENITO,Paso Cristo,2021,CCTT Cristo de la Sangre,1997-2026: CCTT Cristo de la Sangre
foro-2026-costalero_prado-carrera,Martes Santo,SAN BENITO,Paso Cristo,2022,CCTT Cristo de la Sangre,1997-2026: CCTT Cristo de la Sangre
foro-2026-costalero_prado-carrera,Martes Santo,SAN BENITO,Paso Cristo,2023,CCTT Cristo de la Sangre,1997-2026: CCTT Cristo de la Sangre
foro-2026-costalero_prado-carrera,Martes Santo,SAN BENITO,Paso Cristo,2024,CCTT Cristo de la Sangre,1997-2026: CCTT Cristo de la Sangre
foro-2026-costalero_prado-carrera,Martes Santo,SAN BENITO,Paso Cristo,2025,CCTT Cristo de la Sangre,1997-2026: CCTT Cristo de la Sangre
foro-2026-costalero_prado-carrera,Martes Santo,SAN BENITO,Paso Cristo,2026,CCTT Cristo de la Sangre,1997-2026: CCTT Cristo de la Sangre
foro-2026-costalero_prado-carrera,Martes Santo,SAN BENITO,Paso Palio,1980,BM Santa María del Alcor,1980-1994: BM Santa María del Alcor
foro-2026-costalero_prado-carrera,Martes Santo,SAN BENITO,Paso Palio,1981,BM Santa María del Alcor,1980-1994: BM Santa María del Alcor
foro-2026-costalero_prado-carrera,Martes Santo,SAN BENITO,Paso Palio,1982,BM Santa María del Alcor,1980-1994: BM Santa María del Alcor
foro-2026-costalero_prado-carrera,Martes Santo,SAN BENITO,Paso Palio,1983,BM Santa María del Alcor,1980-1994: BM Santa María del Alcor
foro-2026-costalero_prado-carrera,Martes Santo,SAN BENITO,Paso Palio,1984,BM Santa María del Alcor,1980-1994: BM Santa María del Alcor
foro-2026-costalero_prado-carrera,Martes Santo,SAN BENITO,Paso Palio,1985,BM Santa María del Alcor,1980-1994: BM Santa María del Alcor
foro-2026-costalero_prado-carrera,Martes Santo,SAN BENITO,Paso Palio,1986,BM Santa María del Alcor,1980-1994: BM Santa María del Alcor
foro-2026-costalero_prado-carrera,Martes Santo,SAN BENITO,Paso Palio,1987,BM Santa María del Alcor,1980-1994: BM Santa María del Alcor
foro-2026-costalero_prado-carrera,Martes Santo,SAN BENITO,Paso Palio,1988,BM Santa María del Alcor,1980-1994: BM Santa María del Alcor
foro-2026-costalero_prado-carrera,Martes Santo,SAN BENITO,Paso Palio,1989,BM Santa María del Alcor,1980-1994: BM Santa María del Alcor
foro-2026-costalero_prado-carrera,Martes Santo,SAN BENITO,Paso Palio,1990,BM Santa María del Alcor,1980-1994: BM Santa María del Alcor
foro-2026-costalero_prado-carrera,Martes Santo,SAN BENITO,Paso Palio,1991,BM Santa María del Alcor,1980-1994: BM Santa María del Alcor
foro-2026-costalero_prado-carrera,Martes Santo,SAN BENITO,Paso Palio,1992,BM Santa María del Alcor,1980-1994: BM Santa María del Alcor
foro-2026-costalero_prado-carrera,Martes Santo,SAN BENITO,Paso Palio,1993,BM Santa María del Alcor,1980-1994: BM Santa María del Alcor
foro-2026-costalero_prado-carrera,Martes Santo,SAN BENITO,Paso Palio,1994,BM Santa María del Alcor,1980-1994: BM Santa María del Alcor
foro-2026-costalero_prado-carrera,Martes Santo,SAN BENITO,Paso Palio,1995,Banda Municipal de Guillena,1995-2000: Banda Municipal de Guillena
foro-2026-costalero_prado-carrera,Martes Santo,SAN BENITO,Paso Palio,1996,Banda Municipal de Guillena,1995-2000: Banda Municipal de Guillena
foro-2026-costalero_prado-carrera,Martes Santo,SAN BENITO,Paso Palio,1997,Banda Municipal de Guillena,1995-2000: Banda Municipal de Guillena
foro-2026-costalero_prado-carrera,Martes Santo,SAN BENITO,Paso Palio,1998,Banda Municipal de Guillena,1995-2000: Banda Municipal de Guillena
foro-2026-costalero_prado-carrera,Martes Santo,SAN BENITO,Paso Palio,1999,Banda Municipal de Guillena,1995-2000: Banda Municipal de Guillena
foro-2026-costalero_prado-carrera,Martes Santo,SAN BENITO,Paso Palio,2000,Banda Municipal de Guillena,1995-2000: Banda Municipal de Guillena
foro-2026-costalero_prado-carrera,Martes Santo,SAN BENITO,Paso Palio,2001,Banda Municipal de La Puebla del Río,2001-2026: Banda Municipal de La Puebla del Río
foro-2026-costalero_prado-carrera,Martes Santo,SAN BENITO,Paso Palio,2002,Banda Municipal de La Puebla del Río,2001-2026: Banda Municipal de La Puebla del Río
foro-2026-costalero_prado-carrera,Martes Santo,SAN BENITO,Paso Palio,2003,Banda Municipal de La Puebla del Río,2001-2026: Banda Municipal de La Puebla del Río
foro-2026-costalero_prado-carrera,Martes Santo,SAN BENITO,Paso Palio,2004,Banda Municipal de La Puebla del Río,2001-2026: Banda Municipal de La Puebla del Río
foro-2026-costalero_prado-carrera,Martes Santo,SAN BENITO,Paso Palio,2005,Banda Municipal de La Puebla del Río,2001-2026: Banda Municipal de La Puebla del Río
foro-2026-costalero_prado-carrera,Martes Santo,SAN BENITO,Paso Palio,2006,Banda Municipal de La Puebla del Río,2001-2026: Banda Municipal de La Puebla del Río
foro-2026-costalero_prado-carrera,Martes Santo,SAN BENITO,Paso Palio,2007,Banda Municipal de La Puebla del Río,2001-2026: Banda Municipal de La Puebla del Río
foro-2026-costalero_prado-carrera,Martes Santo,SAN BENITO,Paso Palio,2008,Banda Municipal de La Puebla del Río,2001-2026: Banda Municipal de La Puebla del Río
foro-2026-costalero_prado-carrera,Martes Santo,SAN BENITO,Paso Palio,2009,Banda Municipal de La Puebla del Río,2001-2026: Banda Municipal de La Puebla del Río
foro-2026-costalero_prado-carrera,Martes Santo,SAN BENITO,Paso Palio,2010,Banda Municipal de La Puebla del Río,2001-2026: Banda Municipal de La Puebla del Río
foro-2026-costalero_prado-carrera,Martes Santo,SAN BENITO,Paso Palio,2011,Banda Municipal de La Puebla del Río,2001-2026: Banda Municipal de La Puebla del Río
foro-2026-costalero_prado-carrera,Martes Santo,SAN BENITO,Paso Palio,2012,Banda Municipal de La Puebla del Río,2001-2026: Banda Municipal de La Puebla del Río
foro-2026-costalero_prado-carrera,Martes Santo,SAN BENITO,Paso Palio,2013,Banda Municipal de La Puebla del Río,2001-2026: Banda Municipal de La Puebla del Río
foro-2026-costalero_prado-carrera,Martes Santo,SAN BENITO,Paso Palio,2014,Banda Municipal de La Puebla del Río,2001-2026: Banda Municipal de La Puebla del Río
foro-2026-costalero_prado-carrera,Martes Santo,SAN BENITO,Paso Palio,2015,Banda Municipal de La Puebla del Río,2001-2026: Banda Municipal de La Puebla del Río
foro-2026-costalero_prado-carrera,Martes Santo,SAN BENITO,Paso Palio,2016,Banda Municipal de La Puebla del Río,2001-2026: Banda Municipal de La Puebla del Río
foro-2026-costalero_prado-carrera,Martes Santo,SAN BENITO,Paso Palio,2017,Banda Municipal de La Puebla del Río,2001-2026: Banda Municipal de La Puebla del Río
foro-2026-costalero_prado-carrera,Martes Santo,SAN BENITO,Paso Palio,2018,Banda Municipal de La Puebla del Río,2001-2026: Banda Municipal de La Puebla del Río
foro-2026-costalero_prado-carrera,Martes Santo,SAN BENITO,Paso Palio,2019,Banda Municipal de La Puebla del Río,2001-2026: Banda Municipal de La Puebla del Río
foro-2026-costalero_prado-carrera,Martes Santo,SAN BENITO,Paso Palio,2020,Banda Municipal de La Puebla del Río,2001-2026: Banda Municipal de La Puebla del Río
foro-2026-costalero_prado-carrera,Martes Santo,SAN BENITO,Paso Palio,2021,Banda Municipal de La Puebla del Río,2001-2026: Banda Municipal de La Puebla del Río
foro-2026-costalero_prado-carrera,Martes Santo,SAN BENITO,Paso Palio,2022,Banda Municipal de La Puebla del Río,2001-2026: Banda Municipal de La Puebla del Río
foro-2026-costalero_prado-carrera,Martes Santo,SAN BENITO,Paso Palio,2023,Banda Municipal de La Puebla del Río,2001-2026: Banda Municipal de La Puebla del Río
foro-2026-costalero_prado-carrera,Martes Santo,SAN BENITO,Paso Palio,2024,Banda Municipal de La Puebla del Río,2001-2026: Banda Municipal de La Puebla del Río
foro-2026-costalero_prado-carrera,Martes Santo,SAN BENITO,Paso Palio,2025,Banda Municipal de La Puebla del Río,2001-2026: Banda Municipal de La Puebla del Río
foro-2026-costalero_prado-carrera,Martes Santo,SAN BENITO,Paso Palio,2026,Banda Municipal de La Puebla del Río,2001-2026: Banda Municipal de La Puebla del Río
foro-2026-costalero_prado-carrera,Martes Santo,LOS JAVIERES,Paso Palio,1980,BM Nuestra Señora de la Soledad de Cantillana,1980-1981: BM Nuestra Señora de la Soledad de Cantillana
foro-2026-costalero_prado-carrera,Martes Santo,LOS JAVIERES,Paso Palio,1981,BM Nuestra Señora de la Soledad de Cantillana,1980-1981: BM Nuestra Señora de la Soledad de Cantillana
foro-2026-costalero_prado-carrera,Martes Santo,LOS JAVIERES,Paso Palio,1982,BM Santa Cecilia,1982-1998: BM Santa Cecilia
foro-2026-costalero_prado-carrera,Martes Santo,LOS JAVIERES,Paso Palio,1983,BM Santa Cecilia,1982-1998: BM Santa Cecilia
foro-2026-costalero_prado-carrera,Martes Santo,LOS JAVIERES,Paso Palio,1984,BM Santa Cecilia,1982-1998: BM Santa Cecilia
foro-2026-costalero_prado-carrera,Martes Santo,LOS JAVIERES,Paso Palio,1985,BM Santa Cecilia,1982-1998: BM Santa Cecilia
foro-2026-costalero_prado-carrera,Martes Santo,LOS JAVIERES,Paso Palio,1986,BM Santa Cecilia,1982-1998: BM Santa Cecilia
foro-2026-costalero_prado-carrera,Martes Santo,LOS JAVIERES,Paso Palio,1987,BM Santa Cecilia,1982-1998: BM Santa Cecilia
foro-2026-costalero_prado-carrera,Martes Santo,LOS JAVIERES,Paso Palio,1988,BM Santa Cecilia,1982-1998: BM Santa Cecilia
foro-2026-costalero_prado-carrera,Martes Santo,LOS JAVIERES,Paso Palio,1989,BM Santa Cecilia,1982-1998: BM Santa Cecilia
foro-2026-costalero_prado-carrera,Martes Santo,LOS JAVIERES,Paso Palio,1990,BM Santa Cecilia,1982-1998: BM Santa Cecilia
foro-2026-costalero_prado-carrera,Martes Santo,LOS JAVIERES,Paso Palio,1991,BM Santa Cecilia,1982-1998: BM Santa Cecilia
foro-2026-costalero_prado-carrera,Martes Santo,LOS JAVIERES,Paso Palio,1992,BM Santa Cecilia,1982-1998: BM Santa Cecilia
foro-2026-costalero_prado-carrera,Martes Santo,LOS JAVIERES,Paso Palio,1993,BM Santa Cecilia,1982-1998: BM Santa Cecilia
foro-2026-costalero_prado-carrera,Martes Santo,LOS JAVIERES,Paso Palio,1994,BM Santa Cecilia,1982-1998: BM Santa Cecilia
foro-2026-costalero_prado-carrera,Martes Santo,LOS JAVIERES,Paso Palio,1995,BM Santa Cecilia,1982-1998: BM Santa Cecilia
foro-2026-costalero_prado-carrera,Martes Santo,LOS JAVIERES,Paso Palio,1996,BM Santa Cecilia,1982-1998: BM Santa Cecilia
foro-2026-costalero_prado-carrera,Martes Santo,LOS JAVIERES,Paso Palio,1997,BM Santa Cecilia,1982-1998: BM Santa Cecilia
foro-2026-costalero_prado-carrera,Martes Santo,LOS JAVIERES,Paso Palio,1998,BM Santa Cecilia,1982-1998: BM Santa Cecilia
foro-2026-costalero_prado-carrera,Martes Santo,LOS JAVIERES,Paso Palio,1999,BM Julián Cerdán de Sanlúcar,1999-2026: BM Julián Cerdán de Sanlúcar
foro-2026-costalero_prado-carrera,Martes Santo,LOS JAVIERES,Paso Palio,2000,BM Julián Cerdán de Sanlúcar,1999-2026: BM Julián Cerdán de Sanlúcar
foro-2026-costalero_prado-carrera,Martes Santo,LOS JAVIERES,Paso Palio,2001,BM Julián Cerdán de Sanlúcar,1999-2026: BM Julián Cerdán de Sanlúcar
foro-2026-costalero_prado-carrera,Martes Santo,LOS JAVIERES,Paso Palio,2002,BM Julián Cerdán de Sanlúcar,1999-2026: BM Julián Cerdán de Sanlúcar
foro-2026-costalero_prado-carrera,Martes Santo,LOS JAVIERES,Paso Palio,2003,BM Julián Cerdán de Sanlúcar,1999-2026: BM Julián Cerdán de Sanlúcar
foro-2026-costalero_prado-carrera,Martes Santo,LOS JAVIERES,Paso Palio,2004,BM Julián Cerdán de Sanlúcar,1999-2026: BM Julián Cerdán de Sanlúcar
foro-2026-costalero_prado-carrera,Martes Santo,LOS JAVIERES,Paso Palio,2005,BM Julián Cerdán de Sanlúcar,1999-2026: BM Julián Cerdán de Sanlúcar
foro-2026-costalero_prado-carrera,Martes Santo,LOS JAVIERES,Paso Palio,2006,BM Julián Cerdán de Sanlúcar,1999-2026: BM Julián Cerdán de Sanlúcar
foro-2026-costalero_prado-carrera,Martes Santo,LOS JAVIERES,Paso Palio,2007,BM Julián Cerdán de Sanlúcar,1999-2026: BM Julián Cerdán de Sanlúcar
foro-2026-costalero_prado-carrera,Martes Santo,LOS JAVIERES,Paso Palio,2008,BM Julián Cerdán de Sanlúcar,1999-2026: BM Julián Cerdán de Sanlúcar
foro-2026-costalero_prado-carrera,Martes Santo,LOS JAVIERES,Paso Palio,2009,BM Julián Cerdán de Sanlúcar,1999-2026: BM Julián Cerdán de Sanlúcar
foro-2026-costalero_prado-carrera,Martes Santo,LOS JAVIERES,Paso Palio,2010,BM Julián Cerdán de Sanlúcar,1999-2026: BM Julián Cerdán de Sanlúcar
foro-2026-costalero_prado-carrera,Martes Santo,LOS JAVIERES,Paso Palio,2011,BM Julián Cerdán de Sanlúcar,1999-2026: BM Julián Cerdán de Sanlúcar
foro-2026-costalero_prado-carrera,Martes Santo,LOS JAVIERES,Paso Palio,2012,BM Julián Cerdán de Sanlúcar,1999-2026: BM Julián Cerdán de Sanlúcar
foro-2026-costalero_prado-carrera,Martes Santo,LOS JAVIERES,Paso Palio,2013,BM Julián Cerdán de Sanlúcar,1999-2026: BM Julián Cerdán de Sanlúcar
foro-2026-costalero_prado-carrera,Martes Santo,LOS JAVIERES,Paso Palio,2014,BM Julián Cerdán de Sanlúcar,1999-2026: BM Julián Cerdán de Sanlúcar
foro-2026-costalero_prado-carrera,Martes Santo,LOS JAVIERES,Paso Palio,2015,BM Julián Cerdán de Sanlúcar,1999-2026: BM Julián Cerdán de Sanlúcar
foro-2026-costalero_prado-carrera,Martes Santo,LOS JAVIERES,Paso Palio,2016,BM Julián Cerdán de Sanlúcar,1999-2026: BM Julián Cerdán de Sanlúcar
foro-2026-costalero_prado-carrera,Martes Santo,LOS JAVIERES,Paso Palio,2017,BM Julián Cerdán de Sanlúcar,1999-2026: BM Julián Cerdán de Sanlúcar
foro-2026-costalero_prado-carrera,Martes Santo,LOS JAVIERES,Paso Palio,2018,BM Julián Cerdán de Sanlúcar,1999-2026: BM Julián Cerdán de Sanlúcar
foro-2026-costalero_prado-carrera,Martes Santo,LOS JAVIERES,Paso Palio,2019,BM Julián Cerdán de Sanlúcar,1999-2026: BM Julián Cerdán de Sanlúcar
foro-2026-costalero_prado-carrera,Martes Santo,LOS JAVIERES,Paso Palio,2020,BM Julián Cerdán de Sanlúcar,1999-2026: BM Julián Cerdán de Sanlúcar
foro-2026-costalero_prado-carrera,Martes Santo,LOS JAVIERES,Paso Palio,2021,BM Julián Cerdán de Sanlúcar,1999-2026: BM Julián Cerdán de Sanlúcar
foro-2026-costalero_prado-carrera,Martes Santo,LOS JAVIERES,Paso Palio,2022,BM Julián Cerdán de Sanlúcar,1999-2026: BM Julián Cerdán de Sanlúcar
foro-2026-costalero_prado-carrera,Martes Santo,LOS JAVIERES,Paso Palio,2023,BM Julián Cerdán de Sanlúcar,1999-2026: BM Julián Cerdán de Sanlúcar
foro-2026-costalero_prado-carrera,Martes Santo,LOS JAVIERES,Paso Palio,2024,BM Julián Cerdán de Sanlúcar,1999-2026: BM Julián Cerdán de Sanlúcar
foro-2026-costalero_prado-carrera,Martes Santo,LOS JAVIERES,Paso Palio,2025,BM Julián Cerdán de Sanlúcar,1999-2026: BM Julián Cerdán de Sanlúcar
foro-2026-costalero_prado-carrera,Martes Santo,LOS JAVIERES,Paso Palio,2026,BM Julián Cerdán de Sanlúcar,1999-2026: BM Julián Cerdán de Sanlúcar
foro-2026-costalero_prado-carrera,Martes Santo,EL DULCE NOMBRE,Paso Cristo (Misterio),1980,CCTT Policía Municipal,1980-1981: CCTT Policía Municipal
foro-2026-costalero_prado-carrera,Martes Santo,EL DULCE NOMBRE,Paso Cristo (Misterio),1981,CCTT Policía Municipal,1980-1981: CCTT Policía Municipal
foro-2026-costalero_prado-carrera,Martes Santo,EL DULCE NOMBRE,Paso Cristo (Misterio),1982,CCTT Las Cigarreras,1982-2026: CCTT Las Cigarreras
foro-2026-costalero_prado-carrera,Martes Santo,EL DULCE NOMBRE,Paso Cristo (Misterio),1983,CCTT Las Cigarreras,1982-2026: CCTT Las Cigarreras
foro-2026-costalero_prado-carrera,Martes Santo,EL DULCE NOMBRE,Paso Cristo (Misterio),1984,CCTT Las Cigarreras,1982-2026: CCTT Las Cigarreras
foro-2026-costalero_prado-carrera,Martes Santo,EL DULCE NOMBRE,Paso Cristo (Misterio),1985,CCTT Las Cigarreras,1982-2026: CCTT Las Cigarreras
foro-2026-costalero_prado-carrera,Martes Santo,EL DULCE NOMBRE,Paso Cristo (Misterio),1986,CCTT Las Cigarreras,1982-2026: CCTT Las Cigarreras
foro-2026-costalero_prado-carrera,Martes Santo,EL DULCE NOMBRE,Paso Cristo (Misterio),1987,CCTT Las Cigarreras,1982-2026: CCTT Las Cigarreras
foro-2026-costalero_prado-carrera,Martes Santo,EL DULCE NOMBRE,Paso Cristo (Misterio),1988,CCTT Las Cigarreras,1982-2026: CCTT Las Cigarreras
foro-2026-costalero_prado-carrera,Martes Santo,EL DULCE NOMBRE,Paso Cristo (Misterio),1989,CCTT Las Cigarreras,1982-2026: CCTT Las Cigarreras
foro-2026-costalero_prado-carrera,Martes Santo,EL DULCE NOMBRE,Paso Cristo (Misterio),1990,CCTT Las Cigarreras,1982-2026: CCTT Las Cigarreras
foro-2026-costalero_prado-carrera,Martes Santo,EL DULCE NOMBRE,Paso Cristo (Misterio),1991,CCTT Las Cigarreras,1982-2026: CCTT Las Cigarreras
foro-2026-costalero_prado-carrera,Martes Santo,EL DULCE NOMBRE,Paso Cristo (Misterio),1992,CCTT Las Cigarreras,1982-2026: CCTT Las Cigarreras
foro-2026-costalero_prado-carrera,Martes Santo,EL DULCE NOMBRE,Paso Cristo (Misterio),1993,CCTT Las Cigarreras,1982-2026: CCTT Las Cigarreras
foro-2026-costalero_prado-carrera,Martes Santo,EL DULCE NOMBRE,Paso Cristo (Misterio),1994,CCTT Las Cigarreras,1982-2026: CCTT Las Cigarreras
foro-2026-costalero_prado-carrera,Martes Santo,EL DULCE NOMBRE,Paso Cristo (Misterio),1995,CCTT Las Cigarreras,1982-2026: CCTT Las Cigarreras
foro-2026-costalero_prado-carrera,Martes Santo,EL DULCE NOMBRE,Paso Cristo (Misterio),1996,CCTT Las Cigarreras,1982-2026: CCTT Las Cigarreras
foro-2026-costalero_prado-carrera,Martes Santo,EL DULCE NOMBRE,Paso Cristo (Misterio),1997,CCTT Las Cigarreras,1982-2026: CCTT Las Cigarreras
foro-2026-costalero_prado-carrera,Martes Santo,EL DULCE NOMBRE,Paso Cristo (Misterio),1998,CCTT Las Cigarreras,1982-2026: CCTT Las Cigarreras
foro-2026-costalero_prado-carrera,Martes Santo,EL DULCE NOMBRE,Paso Cristo (Misterio),1999,CCTT Las Cigarreras,1982-2026: CCTT Las Cigarreras
foro-2026-costalero_prado-carrera,Martes Santo,EL DULCE NOMBRE,Paso Cristo (Misterio),2000,CCTT Las Cigarreras,1982-2026: CCTT Las Cigarreras
foro-2026-costalero_prado-carrera,Martes Santo,EL DULCE NOMBRE,Paso Cristo (Misterio),2001,CCTT Las Cigarreras,1982-2026: CCTT Las Cigarreras
foro-2026-costalero_prado-carrera,Martes Santo,EL DULCE NOMBRE,Paso Cristo (Misterio),2002,CCTT Las Cigarreras,1982-2026: CCTT Las Cigarreras
foro-2026-costalero_prado-carrera,Martes Santo,EL DULCE NOMBRE,Paso Cristo (Misterio),2003,CCTT Las Cigarreras,1982-2026: CCTT Las Cigarreras
foro-2026-costalero_prado-carrera,Martes Santo,EL DULCE NOMBRE,Paso Cristo (Misterio),2004,CCTT Las Cigarreras,1982-2026: CCTT Las Cigarreras
foro-2026-costalero_prado-carrera,Martes Santo,EL DULCE NOMBRE,Paso Cristo (Misterio),2005,CCTT Las Cigarreras,1982-2026: CCTT Las Cigarreras
foro-2026-costalero_prado-carrera,Martes Santo,EL DULCE NOMBRE,Paso Cristo (Misterio),2006,CCTT Las Cigarreras,1982-2026: CCTT Las Cigarreras
foro-2026-costalero_prado-carrera,Martes Santo,EL DULCE NOMBRE,Paso Cristo (Misterio),2007,CCTT Las Cigarreras,1982-2026: CCTT Las Cigarreras
foro-2026-costalero_prado-carrera,Martes Santo,EL DULCE NOMBRE,Paso Cristo (Misterio),2008,CCTT Las Cigarreras,1982-2026: CCTT Las Cigarreras
foro-2026-costalero_prado-carrera,Martes Santo,EL DULCE NOMBRE,Paso Cristo (Misterio),2009,CCTT Las Cigarreras,1982-2026: CCTT Las Cigarreras
foro-2026-costalero_prado-carrera,Martes Santo,EL DULCE NOMBRE,Paso Cristo (Misterio),2010,CCTT Las Cigarreras,1982-2026: CCTT Las Cigarreras
foro-2026-costalero_prado-carrera,Martes Santo,EL DULCE NOMBRE,Paso Cristo (Misterio),2011,CCTT Las Cigarreras,1982-2026: CCTT Las Cigarreras
foro-2026-costalero_prado-carrera,Martes Santo,EL DULCE NOMBRE,Paso Cristo (Misterio),2012,CCTT Las Cigarreras,1982-2026: CCTT Las Cigarreras
foro-2026-costalero_prado-carrera,Martes Santo,EL DULCE NOMBRE,Paso Cristo (Misterio),2013,CCTT Las Cigarreras,1982-2026: CCTT Las Cigarreras
foro-2026-costalero_prado-carrera,Martes Santo,EL DULCE NOMBRE,Paso Cristo (Misterio),2014,CCTT Las Cigarreras,1982-2026: CCTT Las Cigarreras
foro-2026-costalero_prado-carrera,Martes Santo,EL DULCE NOMBRE,Paso Cristo (Misterio),2015,CCTT Las Cigarreras,1982-2026: CCTT Las Cigarreras
foro-2026-costalero_prado-carrera,Martes Santo,EL DULCE NOMBRE,Paso Cristo (Misterio),2016,CCTT Las Cigarreras,1982-2026: CCTT Las Cigarreras
foro-2026-costalero_prado-carrera,Martes Santo,EL DULCE NOMBRE,Paso Cristo (Misterio),2017,CCTT Las Cigarreras,1982-2026: CCTT Las Cigarreras
foro-2026-costalero_prado-carrera,Martes Santo,EL DULCE NOMBRE,Paso Cristo (Misterio),2018,CCTT Las Cigarreras,1982-2026: CCTT Las Cigarreras
foro-2026-costalero_prado-carrera,Martes Santo,EL DULCE NOMBRE,Paso Cristo (Misterio),2019,CCTT Las Cigarreras,1982-2026: CCTT Las Cigarreras
foro-2026-costalero_prado-carrera,Martes Santo,EL DULCE NOMBRE,Paso Cristo (Misterio),2020,CCTT Las Cigarreras,1982-2026: CCTT Las Cigarreras
foro-2026-costalero_prado-carrera,Martes Santo,EL DULCE NOMBRE,Paso Cristo (Misterio),2021,CCTT Las Cigarreras,1982-2026: CCTT Las Cigarreras
foro-2026-costalero_prado-carrera,Martes Santo,EL DULCE NOMBRE,Paso Cristo (Misterio),2022,CCTT Las Cigarreras,1982-2026: CCTT Las Cigarreras
foro-2026-costalero_prado-carrera,Martes Santo,EL DULCE NOMBRE,Paso Cristo (Misterio),2023,CCTT Las Cigarreras,1982-2026: CCTT Las Cigarreras
foro-2026-costalero_prado-carrera,Martes Santo,EL DULCE NOMBRE,Paso Cristo (Misterio),2024,CCTT Las Cigarreras,1982-2026: CCTT Las Cigarreras
foro-2026-costalero_prado-carrera,Martes Santo,EL DULCE NOMBRE,Paso Cristo (Misterio),2025,CCTT Las Cigarreras,1982-2026: CCTT Las Cigarreras
foro-2026-costalero_prado-carrera,Martes Santo,EL DULCE NOMBRE,Paso Cristo (Misterio),2026,CCTT Las Cigarreras,1982-2026: CCTT Las Cigarreras
foro-2026-costalero_prado-carrera,Martes Santo,EL DULCE NOMBRE,Paso Palio,1980,BM Inmaculada (Soria 9),1980-1984: BM Inmaculada (Soria 9)
foro-2026-costalero_prado-carrera,Martes Santo,EL DULCE NOMBRE,Paso Palio,1981,BM Inmaculada (Soria 9),1980-1984: BM Inmaculada (Soria 9)
foro-2026-costalero_prado-carrera,Martes Santo,EL DULCE NOMBRE,Paso Palio,1982,BM Inmaculada (Soria 9),1980-1984: BM Inmaculada (Soria 9)
foro-2026-costalero_prado-carrera,Martes Santo,EL DULCE NOMBRE,Paso Palio,1983,BM Inmaculada (Soria 9),1980-1984: BM Inmaculada (Soria 9)
foro-2026-costalero_prado-carrera,Martes Santo,EL DULCE NOMBRE,Paso Palio,1984,BM Inmaculada (Soria 9),1980-1984: BM Inmaculada (Soria 9)
foro-2026-costalero_prado-carrera,Martes Santo,EL DULCE NOMBRE,Paso Palio,1985,BM Agrupación de Guillena,1985-1988: BM Agrupación de Guillena
foro-2026-costalero_prado-carrera,Martes Santo,EL DULCE NOMBRE,Paso Palio,1986,BM Agrupación de Guillena,1985-1988: BM Agrupación de Guillena
foro-2026-costalero_prado-carrera,Martes Santo,EL DULCE NOMBRE,Paso Palio,1987,BM Agrupación de Guillena,1985-1988: BM Agrupación de Guillena
foro-2026-costalero_prado-carrera,Martes Santo,EL DULCE NOMBRE,Paso Palio,1988,BM Agrupación de Guillena,1985-1988: BM Agrupación de Guillena
foro-2026-costalero_prado-carrera,Martes Santo,EL DULCE NOMBRE,Paso Palio,1989,BM Nuestra Señora de la Oliva de Salteras,1989-1996: BM Nuestra Señora de la Oliva de Salteras
foro-2026-costalero_prado-carrera,Martes Santo,EL DULCE NOMBRE,Paso Palio,1990,BM Nuestra Señora de la Oliva de Salteras,1989-1996: BM Nuestra Señora de la Oliva de Salteras
foro-2026-costalero_prado-carrera,Martes Santo,EL DULCE NOMBRE,Paso Palio,1991,BM Nuestra Señora de la Oliva de Salteras,1989-1996: BM Nuestra Señora de la Oliva de Salteras
foro-2026-costalero_prado-carrera,Martes Santo,EL DULCE NOMBRE,Paso Palio,1992,BM Nuestra Señora de la Oliva de Salteras,1989-1996: BM Nuestra Señora de la Oliva de Salteras
foro-2026-costalero_prado-carrera,Martes Santo,EL DULCE NOMBRE,Paso Palio,1993,BM Nuestra Señora de la Oliva de Salteras,1989-1996: BM Nuestra Señora de la Oliva de Salteras
foro-2026-costalero_prado-carrera,Martes Santo,EL DULCE NOMBRE,Paso Palio,1994,BM Nuestra Señora de la Oliva de Salteras,1989-1996: BM Nuestra Señora de la Oliva de Salteras
foro-2026-costalero_prado-carrera,Martes Santo,EL DULCE NOMBRE,Paso Palio,1995,BM Nuestra Señora de la Oliva de Salteras,1989-1996: BM Nuestra Señora de la Oliva de Salteras
foro-2026-costalero_prado-carrera,Martes Santo,EL DULCE NOMBRE,Paso Palio,1996,BM Nuestra Señora de la Oliva de Salteras,1989-1996: BM Nuestra Señora de la Oliva de Salteras
foro-2026-costalero_prado-carrera,Martes Santo,EL DULCE NOMBRE,Paso Palio,1997,BM Nuestra Señora de la Victoria (Cigarreras),1997-2005: BM Nuestra Señora de la Victoria (Cigarreras)
foro-2026-costalero_prado-carrera,Martes Santo,EL DULCE NOMBRE,Paso Palio,1998,BM Nuestra Señora de la Victoria (Cigarreras),1997-2005: BM Nuestra Señora de la Victoria (Cigarreras)
foro-2026-costalero_prado-carrera,Martes Santo,EL DULCE NOMBRE,Paso Palio,1999,BM Nuestra Señora de la Victoria (Cigarreras),1997-2005: BM Nuestra Señora de la Victoria (Cigarreras)
foro-2026-costalero_prado-carrera,Martes Santo,EL DULCE NOMBRE,Paso Palio,2000,BM Nuestra Señora de la Victoria (Cigarreras),1997-2005: BM Nuestra Señora de la Victoria (Cigarreras)
foro-2026-costalero_prado-carrera,Martes Santo,EL DULCE NOMBRE,Paso Palio,2001,BM Nuestra Señora de la Victoria (Cigarreras),1997-2005: BM Nuestra Señora de la Victoria (Cigarreras)
foro-2026-costalero_prado-carrera,Martes Santo,EL DULCE NOMBRE,Paso Palio,2002,BM Nuestra Señora de la Victoria (Cigarreras),1997-2005: BM Nuestra Señora de la Victoria (Cigarreras)
foro-2026-costalero_prado-carrera,Martes Santo,EL DULCE NOMBRE,Paso Palio,2003,BM Nuestra Señora de la Victoria (Cigarreras),1997-2005: BM Nuestra Señora de la Victoria (Cigarreras)
foro-2026-costalero_prado-carrera,Martes Santo,EL DULCE NOMBRE,Paso Palio,2004,BM Nuestra Señora de la Victoria (Cigarreras),1997-2005: BM Nuestra Señora de la Victoria (Cigarreras)
foro-2026-costalero_prado-carrera,Martes Santo,EL DULCE NOMBRE,Paso Palio,2005,BM Nuestra Señora de la Victoria (Cigarreras),1997-2005: BM Nuestra Señora de la Victoria (Cigarreras)
foro-2026-costalero_prado-carrera,Martes Santo,EL DULCE NOMBRE,Paso Palio,2006,Soc. Filarmónica Nuestra Señora de la Oliva de Salteras,2006-2026: Soc. Filarmónica Nuestra Señora de la Oliva de Salteras
foro-2026-costalero_prado-carrera,Martes Santo,EL DULCE NOMBRE,Paso Palio,2007,Soc. Filarmónica Nuestra Señora de la Oliva de Salteras,2006-2026: Soc. Filarmónica Nuestra Señora de la Oliva de Salteras
foro-2026-costalero_prado-carrera,Martes Santo,EL DULCE NOMBRE,Paso Palio,2008,Soc. Filarmónica Nuestra Señora de la Oliva de Salteras,2006-2026: Soc. Filarmónica Nuestra Señora de la Oliva de Salteras
foro-2026-costalero_prado-carrera,Martes Santo,EL DULCE NOMBRE,Paso Palio,2009,Soc. Filarmónica Nuestra Señora de la Oliva de Salteras,2006-2026: Soc. Filarmónica Nuestra Señora de la Oliva de Salteras
foro-2026-costalero_prado-carrera,Martes Santo,EL DULCE NOMBRE,Paso Palio,2010,Soc. Filarmónica Nuestra Señora de la Oliva de Salteras,2006-2026: Soc. Filarmónica Nuestra Señora de la Oliva de Salteras
foro-2026-costalero_prado-carrera,Martes Santo,EL DULCE NOMBRE,Paso Palio,2011,Soc. Filarmónica Nuestra Señora de la Oliva de Salteras,2006-2026: Soc. Filarmónica Nuestra Señora de la Oliva de Salteras
foro-2026-costalero_prado-carrera,Martes Santo,EL DULCE NOMBRE,Paso Palio,2012,Soc. Filarmónica Nuestra Señora de la Oliva de Salteras,2006-2026: Soc. Filarmónica Nuestra Señora de la Oliva de Salteras
foro-2026-costalero_prado-carrera,Martes Santo,EL DULCE NOMBRE,Paso Palio,2013,Soc. Filarmónica Nuestra Señora de la Oliva de Salteras,2006-2026: Soc. Filarmónica Nuestra Señora de la Oliva de Salteras
foro-2026-costalero_prado-carrera,Martes Santo,EL DULCE NOMBRE,Paso Palio,2014,Soc. Filarmónica Nuestra Señora de la Oliva de Salteras,2006-2026: Soc. Filarmónica Nuestra Señora de la Oliva de Salteras
foro-2026-costalero_prado-carrera,Martes Santo,EL DULCE NOMBRE,Paso Palio,2015,Soc. Filarmónica Nuestra Señora de la Oliva de Salteras,2006-2026: Soc. Filarmónica Nuestra Señora de la Oliva de Salteras
foro-2026-costalero_prado-carrera,Martes Santo,EL DULCE NOMBRE,Paso Palio,2016,Soc. Filarmónica Nuestra Señora de la Oliva de Salteras,2006-2026: Soc. Filarmónica Nuestra Señora de la Oliva de Salteras
foro-2026-costalero_prado-carrera,Martes Santo,EL DULCE NOMBRE,Paso Palio,2017,Soc. Filarmónica Nuestra Señora de la Oliva de Salteras,2006-2026: Soc. Filarmónica Nuestra Señora de la Oliva de Salteras
foro-2026-costalero_prado-carrera,Martes Santo,EL DULCE NOMBRE,Paso Palio,2018,Soc. Filarmónica Nuestra Señora de la Oliva de Salteras,2006-2026: Soc. Filarmónica Nuestra Señora de la Oliva de Salteras
foro-2026-costalero_prado-carrera,Martes Santo,EL DULCE NOMBRE,Paso Palio,2019,Soc. Filarmónica Nuestra Señora de la Oliva de Salteras,2006-2026: Soc. Filarmónica Nuestra Señora de la Oliva de Salteras
foro-2026-costalero_prado-carrera,Martes Santo,EL DULCE NOMBRE,Paso Palio,2020,Soc. Filarmónica Nuestra Señora de la Oliva de Salteras,2006-2026: Soc. Filarmónica Nuestra Señora de la Oliva de Salteras
foro-2026-costalero_prado-carrera,Martes Santo,EL DULCE NOMBRE,Paso Palio,2021,Soc. Filarmónica Nuestra Señora de la Oliva de Salteras,2006-2026: Soc. Filarmónica Nuestra Señora de la Oliva de Salteras
foro-2026-costalero_prado-carrera,Martes Santo,EL DULCE NOMBRE,Paso Palio,2022,Soc. Filarmónica Nuestra Señora de la Oliva de Salteras,2006-2026: Soc. Filarmónica Nuestra Señora de la Oliva de Salteras
foro-2026-costalero_prado-carrera,Martes Santo,EL DULCE NOMBRE,Paso Palio,2023,Soc. Filarmónica Nuestra Señora de la Oliva de Salteras,2006-2026: Soc. Filarmónica Nuestra Señora de la Oliva de Salteras
foro-2026-costalero_prado-carrera,Martes Santo,EL DULCE NOMBRE,Paso Palio,2024,Soc. Filarmónica Nuestra Señora de la Oliva de Salteras,2006-2026: Soc. Filarmónica Nuestra Señora de la Oliva de Salteras
foro-2026-costalero_prado-carrera,Martes Santo,EL DULCE NOMBRE,Paso Palio,2025,Soc. Filarmónica Nuestra Señora de la Oliva de Salteras,2006-2026: Soc. Filarmónica Nuestra Señora de la Oliva de Salteras
foro-2026-costalero_prado-carrera,Martes Santo,EL DULCE NOMBRE,Paso Palio,2026,Soc. Filarmónica Nuestra Señora de la Oliva de Salteras,2006-2026: Soc. Filarmónica Nuestra Señora de la Oliva de Salteras
foro-2026-costalero_prado-carrera,Martes Santo,LOS ESTUDIANTES,Paso de Palio,1980,BM Cruz Roja,1980-1983: BM Cruz Roja
foro-2026-costalero_prado-carrera,Martes Santo,LOS ESTUDIANTES,Paso de Palio,1981,BM Cruz Roja,1980-1983: BM Cruz Roja
foro-2026-costalero_prado-carrera,Martes Santo,LOS ESTUDIANTES,Paso de Palio,1982,BM Cruz Roja,1980-1983: BM Cruz Roja
foro-2026-costalero_prado-carrera,Martes Santo,LOS ESTUDIANTES,Paso de Palio,1983,BM Cruz Roja,1980-1983: BM Cruz Roja
foro-2026-costalero_prado-carrera,Martes Santo,LOS ESTUDIANTES,Paso de Palio,1984,BM Inmaculada (Soria 9),1984: BM Inmaculada (Soria 9)
foro-2026-costalero_prado-carrera,Martes Santo,LOS ESTUDIANTES,Paso de Palio,1985,BM Mecanizada Guzmán el Bueno (Soria 9),1985-1996: BM Mecanizada Guzmán el Bueno (Soria 9)
foro-2026-costalero_prado-carrera,Martes Santo,LOS ESTUDIANTES,Paso de Palio,1986,BM Mecanizada Guzmán el Bueno (Soria 9),1985-1996: BM Mecanizada Guzmán el Bueno (Soria 9)
foro-2026-costalero_prado-carrera,Martes Santo,LOS ESTUDIANTES,Paso de Palio,1987,BM Mecanizada Guzmán el Bueno (Soria 9),1985-1996: BM Mecanizada Guzmán el Bueno (Soria 9)
foro-2026-costalero_prado-carrera,Martes Santo,LOS ESTUDIANTES,Paso de Palio,1988,BM Mecanizada Guzmán el Bueno (Soria 9),1985-1996: BM Mecanizada Guzmán el Bueno (Soria 9)
foro-2026-costalero_prado-carrera,Martes Santo,LOS ESTUDIANTES,Paso de Palio,1989,BM Mecanizada Guzmán el Bueno (Soria 9),1985-1996: BM Mecanizada Guzmán el Bueno (Soria 9)
foro-2026-costalero_prado-carrera,Martes Santo,LOS ESTUDIANTES,Paso de Palio,1990,BM Mecanizada Guzmán el Bueno (Soria 9),1985-1996: BM Mecanizada Guzmán el Bueno (Soria 9)
foro-2026-costalero_prado-carrera,Martes Santo,LOS ESTUDIANTES,Paso de Palio,1991,BM Mecanizada Guzmán el Bueno (Soria 9),1985-1996: BM Mecanizada Guzmán el Bueno (Soria 9)
foro-2026-costalero_prado-carrera,Martes Santo,LOS ESTUDIANTES,Paso de Palio,1992,BM Mecanizada Guzmán el Bueno (Soria 9),1985-1996: BM Mecanizada Guzmán el Bueno (Soria 9)
foro-2026-costalero_prado-carrera,Martes Santo,LOS ESTUDIANTES,Paso de Palio,1993,BM Mecanizada Guzmán el Bueno (Soria 9),1985-1996: BM Mecanizada Guzmán el Bueno (Soria 9)
foro-2026-costalero_prado-carrera,Martes Santo,LOS ESTUDIANTES,Paso de Palio,1994,BM Mecanizada Guzmán el Bueno (Soria 9),1985-1996: BM Mecanizada Guzmán el Bueno (Soria 9)
foro-2026-costalero_prado-carrera,Martes Santo,LOS ESTUDIANTES,Paso de Palio,1995,BM Mecanizada Guzmán el Bueno (Soria 9),1985-1996: BM Mecanizada Guzmán el Bueno (Soria 9)
foro-2026-costalero_prado-carrera,Martes Santo,LOS ESTUDIANTES,Paso de Palio,1996,BM Mecanizada Guzmán el Bueno (Soria 9),1985-1996: BM Mecanizada Guzmán el Bueno (Soria 9)
foro-2026-costalero_prado-carrera,Martes Santo,LOS ESTUDIANTES,Paso de Palio,1997,BM Cuartel General Región Sur (Soria 9),1997-2000: BM Cuartel General Región Sur (Soria 9)
foro-2026-costalero_prado-carrera,Martes Santo,LOS ESTUDIANTES,Paso de Palio,1998,BM Cuartel General Región Sur (Soria 9),1997-2000: BM Cuartel General Región Sur (Soria 9)
foro-2026-costalero_prado-carrera,Martes Santo,LOS ESTUDIANTES,Paso de Palio,1999,BM Cuartel General Región Sur (Soria 9),1997-2000: BM Cuartel General Región Sur (Soria 9)
foro-2026-costalero_prado-carrera,Martes Santo,LOS ESTUDIANTES,Paso de Palio,2000,BM Cuartel General Región Sur (Soria 9),1997-2000: BM Cuartel General Región Sur (Soria 9)
foro-2026-costalero_prado-carrera,Martes Santo,LOS ESTUDIANTES,Paso de Palio,2001,BM Nuestra Señora del Águila de Alcalá de Guadaira,2001-2026: BM Nuestra Señora del Águila de Alcalá de Guadaira
foro-2026-costalero_prado-carrera,Martes Santo,LOS ESTUDIANTES,Paso de Palio,2002,BM Nuestra Señora del Águila de Alcalá de Guadaira,2001-2026: BM Nuestra Señora del Águila de Alcalá de Guadaira
foro-2026-costalero_prado-carrera,Martes Santo,LOS ESTUDIANTES,Paso de Palio,2003,BM Nuestra Señora del Águila de Alcalá de Guadaira,2001-2026: BM Nuestra Señora del Águila de Alcalá de Guadaira
foro-2026-costalero_prado-carrera,Martes Santo,LOS ESTUDIANTES,Paso de Palio,2004,BM Nuestra Señora del Águila de Alcalá de Guadaira,2001-2026: BM Nuestra Señora del Águila de Alcalá de Guadaira
foro-2026-costalero_prado-carrera,Martes Santo,LOS ESTUDIANTES,Paso de Palio,2005,BM Nuestra Señora del Águila de Alcalá de Guadaira,2001-2026: BM Nuestra Señora del Águila de Alcalá de Guadaira
foro-2026-costalero_prado-carrera,Martes Santo,LOS ESTUDIANTES,Paso de Palio,2006,BM Nuestra Señora del Águila de Alcalá de Guadaira,2001-2026: BM Nuestra Señora del Águila de Alcalá de Guadaira
foro-2026-costalero_prado-carrera,Martes Santo,LOS ESTUDIANTES,Paso de Palio,2007,BM Nuestra Señora del Águila de Alcalá de Guadaira,2001-2026: BM Nuestra Señora del Águila de Alcalá de Guadaira
foro-2026-costalero_prado-carrera,Martes Santo,LOS ESTUDIANTES,Paso de Palio,2008,BM Nuestra Señora del Águila de Alcalá de Guadaira,2001-2026: BM Nuestra Señora del Águila de Alcalá de Guadaira
foro-2026-costalero_prado-carrera,Martes Santo,LOS ESTUDIANTES,Paso de Palio,2009,BM Nuestra Señora del Águila de Alcalá de Guadaira,2001-2026: BM Nuestra Señora del Águila de Alcalá de Guadaira
foro-2026-costalero_prado-carrera,Martes Santo,LOS ESTUDIANTES,Paso de Palio,2010,BM Nuestra Señora del Águila de Alcalá de Guadaira,2001-2026: BM Nuestra Señora del Águila de Alcalá de Guadaira
foro-2026-costalero_prado-carrera,Martes Santo,LOS ESTUDIANTES,Paso de Palio,2011,BM Nuestra Señora del Águila de Alcalá de Guadaira,2001-2026: BM Nuestra Señora del Águila de Alcalá de Guadaira
foro-2026-costalero_prado-carrera,Martes Santo,LOS ESTUDIANTES,Paso de Palio,2012,BM Nuestra Señora del Águila de Alcalá de Guadaira,2001-2026: BM Nuestra Señora del Águila de Alcalá de Guadaira
foro-2026-costalero_prado-carrera,Martes Santo,LOS ESTUDIANTES,Paso de Palio,2013,BM Nuestra Señora del Águila de Alcalá de Guadaira,2001-2026: BM Nuestra Señora del Águila de Alcalá de Guadaira
foro-2026-costalero_prado-carrera,Martes Santo,LOS ESTUDIANTES,Paso de Palio,2014,BM Nuestra Señora del Águila de Alcalá de Guadaira,2001-2026: BM Nuestra Señora del Águila de Alcalá de Guadaira
foro-2026-costalero_prado-carrera,Martes Santo,LOS ESTUDIANTES,Paso de Palio,2015,BM Nuestra Señora del Águila de Alcalá de Guadaira,2001-2026: BM Nuestra Señora del Águila de Alcalá de Guadaira
foro-2026-costalero_prado-carrera,Martes Santo,LOS ESTUDIANTES,Paso de Palio,2016,BM Nuestra Señora del Águila de Alcalá de Guadaira,2001-2026: BM Nuestra Señora del Águila de Alcalá de Guadaira
foro-2026-costalero_prado-carrera,Martes Santo,LOS ESTUDIANTES,Paso de Palio,2017,BM Nuestra Señora del Águila de Alcalá de Guadaira,2001-2026: BM Nuestra Señora del Águila de Alcalá de Guadaira
foro-2026-costalero_prado-carrera,Martes Santo,LOS ESTUDIANTES,Paso de Palio,2018,BM Nuestra Señora del Águila de Alcalá de Guadaira,2001-2026: BM Nuestra Señora del Águila de Alcalá de Guadaira
foro-2026-costalero_prado-carrera,Martes Santo,LOS ESTUDIANTES,Paso de Palio,2019,BM Nuestra Señora del Águila de Alcalá de Guadaira,2001-2026: BM Nuestra Señora del Águila de Alcalá de Guadaira
foro-2026-costalero_prado-carrera,Martes Santo,LOS ESTUDIANTES,Paso de Palio,2020,BM Nuestra Señora del Águila de Alcalá de Guadaira,2001-2026: BM Nuestra Señora del Águila de Alcalá de Guadaira
foro-2026-costalero_prado-carrera,Martes Santo,LOS ESTUDIANTES,Paso de Palio,2021,BM Nuestra Señora del Águila de Alcalá de Guadaira,2001-2026: BM Nuestra Señora del Águila de Alcalá de Guadaira
foro-2026-costalero_prado-carrera,Martes Santo,LOS ESTUDIANTES,Paso de Palio,2022,BM Nuestra Señora del Águila de Alcalá de Guadaira,2001-2026: BM Nuestra Señora del Águila de Alcalá de Guadaira
foro-2026-costalero_prado-carrera,Martes Santo,LOS ESTUDIANTES,Paso de Palio,2023,BM Nuestra Señora del Águila de Alcalá de Guadaira,2001-2026: BM Nuestra Señora del Águila de Alcalá de Guadaira
foro-2026-costalero_prado-carrera,Martes Santo,LOS ESTUDIANTES,Paso de Palio,2024,BM Nuestra Señora del Águila de Alcalá de Guadaira,2001-2026: BM Nuestra Señora del Águila de Alcalá de Guadaira
foro-2026-costalero_prado-carrera,Martes Santo,LOS ESTUDIANTES,Paso de Palio,2025,BM Nuestra Señora del Águila de Alcalá de Guadaira,2001-2026: BM Nuestra Señora del Águila de Alcalá de Guadaira
foro-2026-costalero_prado-carrera,Martes Santo,LOS ESTUDIANTES,Paso de Palio,2026,BM Nuestra Señora del Águila de Alcalá de Guadaira,2001-2026: BM Nuestra Señora del Águila de Alcalá de Guadaira
foro-2026-costalero_prado-carrera,Martes Santo,SANTA CRUZ,Paso Palio,1980,BM Maestro Tejera,1980-1984: BM Maestro Tejera
foro-2026-costalero_prado-carrera,Martes Santo,SANTA CRUZ,Paso Palio,1981,BM Maestro Tejera,1980-1984: BM Maestro Tejera
foro-2026-costalero_prado-carrera,Martes Santo,SANTA CRUZ,Paso Palio,1982,BM Maestro Tejera,1980-1984: BM Maestro Tejera
foro-2026-costalero_prado-carrera,Martes Santo,SANTA CRUZ,Paso Palio,1983,BM Maestro Tejera,1980-1984: BM Maestro Tejera
foro-2026-costalero_prado-carrera,Martes Santo,SANTA CRUZ,Paso Palio,1984,BM Maestro Tejera,1980-1984: BM Maestro Tejera
foro-2026-costalero_prado-carrera,Martes Santo,SANTA CRUZ,Paso Palio,1985,BM Ntra. Sra. Del Águila de Alcala de Guadaira,1985-1986: BM Ntra. Sra. Del Águila de Alcala de Guadaira
foro-2026-costalero_prado-carrera,Martes Santo,SANTA CRUZ,Paso Palio,1986,BM Ntra. Sra. Del Águila de Alcala de Guadaira,1985-1986: BM Ntra. Sra. Del Águila de Alcala de Guadaira
foro-2026-costalero_prado-carrera,Martes Santo,SANTA CRUZ,Paso Palio,1987,BM Maestro Tejera,1987-2026: BM Maestro Tejera
foro-2026-costalero_prado-carrera,Martes Santo,SANTA CRUZ,Paso Palio,1988,BM Maestro Tejera,1987-2026: BM Maestro Tejera
foro-2026-costalero_prado-carrera,Martes Santo,SANTA CRUZ,Paso Palio,1989,BM Maestro Tejera,1987-2026: BM Maestro Tejera
foro-2026-costalero_prado-carrera,Martes Santo,SANTA CRUZ,Paso Palio,1990,BM Maestro Tejera,1987-2026: BM Maestro Tejera
foro-2026-costalero_prado-carrera,Martes Santo,SANTA CRUZ,Paso Palio,1991,BM Maestro Tejera,1987-2026: BM Maestro Tejera
foro-2026-costalero_prado-carrera,Martes Santo,SANTA CRUZ,Paso Palio,1992,BM Maestro Tejera,1987-2026: BM Maestro Tejera
foro-2026-costalero_prado-carrera,Martes Santo,SANTA CRUZ,Paso Palio,1993,BM Maestro Tejera,1987-2026: BM Maestro Tejera
foro-2026-costalero_prado-carrera,Martes Santo,SANTA CRUZ,Paso Palio,1994,BM Maestro Tejera,1987-2026: BM Maestro Tejera
foro-2026-costalero_prado-carrera,Martes Santo,SANTA CRUZ,Paso Palio,1995,BM Maestro Tejera,1987-2026: BM Maestro Tejera
foro-2026-costalero_prado-carrera,Martes Santo,SANTA CRUZ,Paso Palio,1996,BM Maestro Tejera,1987-2026: BM Maestro Tejera
foro-2026-costalero_prado-carrera,Martes Santo,SANTA CRUZ,Paso Palio,1997,BM Maestro Tejera,1987-2026: BM Maestro Tejera
foro-2026-costalero_prado-carrera,Martes Santo,SANTA CRUZ,Paso Palio,1998,BM Maestro Tejera,1987-2026: BM Maestro Tejera
foro-2026-costalero_prado-carrera,Martes Santo,SANTA CRUZ,Paso Palio,1999,BM Maestro Tejera,1987-2026: BM Maestro Tejera
foro-2026-costalero_prado-carrera,Martes Santo,SANTA CRUZ,Paso Palio,2000,BM Maestro Tejera,1987-2026: BM Maestro Tejera
foro-2026-costalero_prado-carrera,Martes Santo,SANTA CRUZ,Paso Palio,2001,BM Maestro Tejera,1987-2026: BM Maestro Tejera
foro-2026-costalero_prado-carrera,Martes Santo,SANTA CRUZ,Paso Palio,2002,BM Maestro Tejera,1987-2026: BM Maestro Tejera
foro-2026-costalero_prado-carrera,Martes Santo,SANTA CRUZ,Paso Palio,2003,BM Maestro Tejera,1987-2026: BM Maestro Tejera
foro-2026-costalero_prado-carrera,Martes Santo,SANTA CRUZ,Paso Palio,2004,BM Maestro Tejera,1987-2026: BM Maestro Tejera
foro-2026-costalero_prado-carrera,Martes Santo,SANTA CRUZ,Paso Palio,2005,BM Maestro Tejera,1987-2026: BM Maestro Tejera
foro-2026-costalero_prado-carrera,Martes Santo,SANTA CRUZ,Paso Palio,2006,BM Maestro Tejera,1987-2026: BM Maestro Tejera
foro-2026-costalero_prado-carrera,Martes Santo,SANTA CRUZ,Paso Palio,2007,BM Maestro Tejera,1987-2026: BM Maestro Tejera
foro-2026-costalero_prado-carrera,Martes Santo,SANTA CRUZ,Paso Palio,2008,BM Maestro Tejera,1987-2026: BM Maestro Tejera
foro-2026-costalero_prado-carrera,Martes Santo,SANTA CRUZ,Paso Palio,2009,BM Maestro Tejera,1987-2026: BM Maestro Tejera
foro-2026-costalero_prado-carrera,Martes Santo,SANTA CRUZ,Paso Palio,2010,BM Maestro Tejera,1987-2026: BM Maestro Tejera
foro-2026-costalero_prado-carrera,Martes Santo,SANTA CRUZ,Paso Palio,2011,BM Maestro Tejera,1987-2026: BM Maestro Tejera
foro-2026-costalero_prado-carrera,Martes Santo,SANTA CRUZ,Paso Palio,2012,BM Maestro Tejera,1987-2026: BM Maestro Tejera
foro-2026-costalero_prado-carrera,Martes Santo,SANTA CRUZ,Paso Palio,2013,BM Maestro Tejera,1987-2026: BM Maestro Tejera
foro-2026-costalero_prado-carrera,Martes Santo,SANTA CRUZ,Paso Palio,2014,BM Maestro Tejera,1987-2026: BM Maestro Tejera
foro-2026-costalero_prado-carrera,Martes Santo,SANTA CRUZ,Paso Palio,2015,BM Maestro Tejera,1987-2026: BM Maestro Tejera
foro-2026-costalero_prado-carrera,Martes Santo,SANTA CRUZ,Paso Palio,2016,BM Maestro Tejera,1987-2026: BM Maestro Tejera
foro-2026-costalero_prado-carrera,Martes Santo,SANTA CRUZ,Paso Palio,2017,BM Maestro Tejera,1987-2026: BM Maestro Tejera
foro-2026-costalero_prado-carrera,Martes Santo,SANTA CRUZ,Paso Palio,2018,BM Maestro Tejera,1987-2026: BM Maestro Tejera
foro-2026-costalero_prado-carrera,Martes Santo,SANTA CRUZ,Paso Palio,2019,BM Maestro Tejera,1987-2026: BM Maestro Tejera
foro-2026-costalero_prado-carrera,Martes Santo,SANTA CRUZ,Paso Palio,2020,BM Maestro Tejera,1987-2026: BM Maestro Tejera
foro-2026-costalero_prado-carrera,Martes Santo,SANTA CRUZ,Paso Palio,2021,BM Maestro Tejera,1987-2026: BM Maestro Tejera
foro-2026-costalero_prado-carrera,Martes Santo,SANTA CRUZ,Paso Palio,2022,BM Maestro Tejera,1987-2026: BM Maestro Tejera
foro-2026-costalero_prado-carrera,Martes Santo,SANTA CRUZ,Paso Palio,2023,BM Maestro Tejera,1987-2026: BM Maestro Tejera
foro-2026-costalero_prado-carrera,Martes Santo,SANTA CRUZ,Paso Palio,2024,BM Maestro Tejera,1987-2026: BM Maestro Tejera
foro-2026-costalero_prado-carrera,Martes Santo,SANTA CRUZ,Paso Palio,2025,BM Maestro Tejera,1987-2026: BM Maestro Tejera
foro-2026-costalero_prado-carrera,Martes Santo,SANTA CRUZ,Paso Palio,2026,BM Maestro Tejera,1987-2026: BM Maestro Tejera
